source_name,source_type,sector,purity_tier,source_co2_purity_pct,naics,emissions_tpy_2023,emissions_estimated,mw_potential,plant_size_class,source_lat,source_lon,source_state,dist_to_viable_km,viable_within_50km,site_lat,site_lon,site_state,site_class_vi_primacy,site_temp_c_at_5km,site_depth_to_150c_m,site_basement_depth_m,site_lithology_category,site_lithology_rock_type,site_water_sui,site_water_sui_class,within_30km_co2_pipeline,dist_to_co2_pipeline_km,nearest_transmission_km,transmission_kv,transmission_volt_class,composite_score
SIMPLOT PHOSPHATES,FLIGHT,Ammonia/Fertilizer,High,,325312,473444,False,85.3,50-100 MW,41.53841,-109.12746,WY,5.94,True,41.51365,-109.19071,Wyoming,primacy,150.8,4972,3051,Sedimentary,Sandstone,0.1858,Low,True,14.62,12.1,230,220-287,139.2
Converse Central Facility,FLIGHT,Natural Gas Processing,High,,211120,416318,False,75.0,50-100 MW,31.95506,-93.68166,LA,3.36,True,31.92505,-93.67767,Louisiana,primacy,171.6,4288,3853,Unconsolidated,Unconsolidated,0.1969,Low,False,181.4,6.66,-999999,NOT AVAILABLE,132.4
AIR LIQUIDE AMERICA CORP,FLIGHT,Industrial Gas,High,,325120,481525,False,86.8,50-100 MW,32.4478,-94.6875,TX,6.49,True,32.48908,-94.63866,Texas,primacy,172.3,4262,4253,Sedimentary,Shale,0.1375,Low,False,267.03,0.37,138,100-161,131.9
Magnolia Amine Plant,FLIGHT,Natural Gas Processing,High,,213112,455946,False,82.2,50-100 MW,32.26785,-93.29861,LA,4.5,True,32.2384,-93.26582,Louisiana,primacy,159.2,4658,4920,Unconsolidated,Unconsolidated,0.2786,Moderate,False,162.16,1.99,-999999,NOT AVAILABLE,131.9
Echo Springs Gas Plant,FLIGHT,Natural Gas Processing,High,,211130,381669,False,68.8,50-100 MW,41.6472,-107.8236,WY,1.03,True,41.63899,-107.81787,Wyoming,primacy,170.1,4381,4895,Sedimentary,Shale,0.1543,Low,False,58.98,0.33,230,220-287,131.4
Cheyenne Plant,FLIGHT,Ammonia/Fertilizer,High,,325311,383736,False,69.1,50-100 MW,41.0949,-104.908,WY,3.16,True,41.07495,-104.93492,Wyoming,primacy,173.8,4305,3658,Sedimentary,Sandstone,0.1498,Low,False,249.88,0.78,34,UNDER 100,130.0
APACHE NITROGEN PRODUCTS - PLANT,FLIGHT,Ammonia/Fertilizer,High,,325311,415929,False,74.9,50-100 MW,31.88,-110.24,AZ,5.02,True,31.86237,-110.28897,Arizona,primacy,162.1,4590,1140,Unconsolidated,Unconsolidated,0.3649,Moderate,False,512.34,13.67,230,220-287,129.2
North DeSoto Central Facility,FLIGHT,Natural Gas Processing,High,,211120,397768,False,71.7,50-100 MW,32.24077,-93.65487,LA,7.04,True,32.30107,-93.67767,Louisiana,primacy,166.3,4387,3597,,,0.1949,Low,False,195.75,1.17,-999999,NOT AVAILABLE,126.3
Air Products West Coast Hydrogen - HP-1,FLIGHT,Industrial Gas,High,,325120,446432,False,80.4,50-100 MW,38.0133,-122.10796,CA,1.51,True,38.00409,-122.09535,California,federal,238.7,2753,7,,,0.4697,High,False,1111.15,0.74,115,100-161,121.8
Battlefield Gas Plant,FLIGHT,Natural Gas Processing,High,,211130,311054,False,56.0,50-100 MW,31.96785,-93.67311,LA,4.78,True,31.92505,-93.67767,Louisiana,primacy,171.6,4288,3853,Unconsolidated,Unconsolidated,0.1969,Low,False,182.54,5.18,-999999,NOT AVAILABLE,121.5
PHOENIX CEMENT COMPANY\S CLARKDALE FACILITY,FLIGHT,Cement,Medium,,327310,768127,False,138.4,>=100 MW,34.77972,-112.0838,AZ,3.27,True,34.80789,-112.07366,Arizona,primacy,194.8,3709,74,Sedimentary,Conglomerate,0.1855,Low,False,378.16,13.07,-999999,NOT AVAILABLE,120.4
Robeline Plant,FLIGHT,Natural Gas Processing,High,,213112,325451,False,58.6,50-100 MW,31.65872,-93.32499,LA,7.6,True,31.67436,-93.40311,Louisiana,primacy,174.6,4207,4352,Unconsolidated,Unconsolidated,0.2792,Moderate,False,140.86,0.93,-999999,NOT AVAILABLE,120.4
AIR PRODUCTS & CHEMICALS INC MARTINEZ WATERFRONT ROAD,FLIGHT,Industrial Gas,High,,325120,609353,False,109.8,>=100 MW,38.03277,-122.07594,CA,3.61,True,38.00409,-122.09535,California,federal,238.7,2753,7,,,0.4697,High,False,1107.67,0.2,230,220-287,119.7
LHOIST NORTH AMERICA,FLIGHT,Lime,Medium,,327410,787420,False,141.9,>=100 MW,35.5205,-113.3131,AZ,2.61,True,35.49727,-113.30921,Arizona,primacy,183.7,3932,60,Sedimentary,Sandstone,0.2104,Moderate,False,415.28,0.39,-999999,NOT AVAILABLE,119.4
AIR LIQUIDE LARGE INDUSTRIES US LP - RODEO HYDROGEN PLANT,FLIGHT,Industrial Gas,High,,325120,821122,False,147.9,>=100 MW,38.04795,-122.2569,CA,2.98,True,38.06677,-122.23264,California,federal,231.8,2651,104,Other,Water,,,False,1121.12,1.53,200,DC,119.3
Horseshoe Treater,FLIGHT,Natural Gas Processing,High,,211130,283960,False,51.2,50-100 MW,31.49856,-94.23523,TX,5.67,True,31.54902,-94.22681,Texas,primacy,172.9,4138,4464,Sedimentary,Sandstone,0.2631,Moderate,False,154.57,13.25,138,100-161,118.4
Drake Cement,FLIGHT,Cement,Medium,,327310,483450,False,87.1,50-100 MW,34.98533,-112.37044,AZ,6.14,True,34.93323,-112.34823,Arizona,primacy,199.6,3584,106,,,0.1736,Low,False,380.39,4.29,500,500,118.3
Arkansas Loop & Simpson Treating Plants,FLIGHT,Natural Gas Processing,High,,211130,333442,False,60.1,50-100 MW,37.0532,-107.7855,CO,6.44,True,37.00136,-107.81787,Colorado,application,176.7,4179,4220,Sedimentary,Shale,0.1627,Low,True,24.29,8.42,115,100-161,117.6
MOUNTAIN CEMENT CO,FLIGHT,Cement,Medium,,327310,522258,False,94.1,50-100 MW,41.26109,-105.60319,WY,1.53,True,41.26297,-105.62134,Wyoming,primacy,162.2,4621,915,Unconsolidated,Unconsolidated,0.3883,Moderate,False,190.98,1.17,115,100-161,117.3
Ignacio Gas Plant,FLIGHT,Natural Gas Processing,High,,211130,403629,False,72.7,50-100 MW,37.14528,-107.78444,CO,3.61,True,37.12671,-107.81787,Colorado,application,178.8,4125,3777,Sedimentary,Shale,0.2725,Moderate,False,30.83,0.25,115,100-161,117.1
"Martin Marietta South Texas Cement, LLC",FLIGHT,Cement,Medium,,327310,1289116,False,232.3,>=100 MW,29.80377,-98.03997,TX,3.15,True,29.79424,-98.07074,Texas,primacy,158.8,4665,707,,,0.3463,Moderate,False,178.4,0.07,138,100-161,115.2
Milagro Gas Plant,FLIGHT,Natural Gas Processing,High,,211130,856590,False,154.3,>=100 MW,36.7367,-107.9417,NM,8.61,True,36.81335,-107.95515,New Mexico,federal,172.2,4314,3923,Sedimentary,Sandstone,0.1628,Low,True,5.95,0.71,115,100-161,114.7
"AIR LIQUID LARGE INDUSTRIES US, LP",FLIGHT,Industrial Gas,High,,325120,617757,False,111.3,>=100 MW,33.90583,-118.40194,CA,3.0,True,33.9305,-118.3887,California,federal,200.9,3488,36,Unconsolidated,Unconsolidated,0.7942,Severe,False,910.78,0.35,66,UNDER 100,114.6
Delhi (SESH) Compressor Station,FLIGHT,Natural Gas Processing,High,,486210,123033,False,22.2,20-50 MW,32.41005,-91.49201,LA,2.09,True,32.42641,-91.48114,Louisiana,primacy,150.2,4991,4440,Unconsolidated,Unconsolidated,0.4954,High,True,5.27,11.66,115,100-161,114.0
"California Resources Elk Hills, LLC - Gas Processing and Power Generation",FLIGHT,Natural Gas Processing,High,,211130,1329607,False,239.6,>=100 MW,35.24084,-119.36056,CA,1.18,True,35.24659,-119.34968,California,federal,183.8,3923,238,Sedimentary,Sandstone,0.5845,High,False,937.22,9.95,70,UNDER 100,113.9
COLUMBIA GULF TRANSMISSION CO - DELHI COMPRESSOR STATION,FLIGHT,Natural Gas Processing,High,,486210,118953,False,21.4,20-50 MW,32.40937,-91.48725,LA,1.98,True,32.42641,-91.48114,Louisiana,primacy,150.2,4991,4440,Unconsolidated,Unconsolidated,0.4954,High,True,5.35,12.04,115,100-161,113.8
Eastman Chemical - Texas Operations,FLIGHT,Petrochemicals,Medium,,325199,2220078,False,400.0,>=100 MW,32.4472,-94.6917,TX,6.82,True,32.48908,-94.63866,Texas,primacy,172.3,4262,4253,Sedimentary,Shale,0.1375,Low,False,267.16,0.15,138,100-161,113.5
Little Missouri Gas Plant,FLIGHT,Natural Gas Processing,High,,211130,104195,False,18.8,10-20 MW,47.6961,-103.262,ND,3.1,True,47.71804,-103.28752,North Dakota,primacy,164.1,4346,4739,Sedimentary,Shale,0.1843,Low,True,28.63,8.91,115,100-161,113.4
TIOGA GAS PROCESSING PLANT,FLIGHT,Natural Gas Processing,High,,211130,241681,False,43.5,20-50 MW,48.40028,-102.91778,ND,13.51,True,48.28208,-102.87567,North Dakota,primacy,150.4,4978,4531,Sedimentary,Shale,0.2164,Moderate,True,2.59,0.33,-999999,NOT AVAILABLE,113.3
AIR PRODUCTS WILMINGTON HYDROGEN PLANT,FLIGHT,Industrial Gas,High,,325120,827474,False,149.1,>=100 MW,33.78083,-118.24111,CA,4.37,True,33.74249,-118.25142,California,federal,200.7,3506,24,Other,Water,0.6722,High,False,903.97,0.88,66,UNDER 100,113.2
Diamond Cryo,FLIGHT,Natural Gas Processing,High,,211130,326808,False,58.9,50-100 MW,31.00388,-103.75497,TX,12.97,True,31.11033,-103.69937,Texas,primacy,160.8,4644,4586,,,0.728,Severe,False,88.44,10.53,69,UNDER 100,113.1
CalPortland Company Rillito Plant,FLIGHT,Cement,Medium,,327310,789422,False,142.2,>=100 MW,32.4108,-111.15055,AZ,6.33,True,32.36374,-111.11267,Arizona,primacy,162.3,4428,762,Unconsolidated,Unconsolidated,0.6316,High,False,517.97,2.49,138,100-161,112.5
HF Sinclair Parco Refining Company LLC,FLIGHT,Petroleum Refining,Medium,,324110,1050393,False,189.3,>=100 MW,41.77899,-107.104,WY,5.8,True,41.827,-107.13145,Wyoming,primacy,158.9,4687,2304,,,0.2024,Moderate,False,59.94,1.45,230,220-287,112.5
Wild Basin Gas Processing and Crude Handling Facility,FLIGHT,Natural Gas Processing,High,,211130,127358,False,22.9,20-50 MW,47.86228,-103.1916,ND,5.76,True,47.90605,-103.15023,North Dakota,primacy,162.3,4377,4798,Sedimentary,Shale,0.206,Moderate,True,22.74,0.49,115,100-161,112.5
Pleasant Hill Gas Treating Facility,FLIGHT,Natural Gas Processing,High,,211130,236080,False,42.5,20-50 MW,31.88102,-93.46611,LA,7.31,True,31.86237,-93.54039,Louisiana,primacy,169.4,4191,3986,Unconsolidated,Unconsolidated,0.3033,Moderate,False,168.14,1.24,230,220-287,111.8
Northern Border Pipeline Manning CS#5,FLIGHT,Natural Gas Processing,High,,486210,101287,False,18.2,10-20 MW,47.25158,-102.7173,ND,4.19,True,47.21667,-102.73838,North Dakota,primacy,161.2,4494,4348,Sedimentary,Shale,0.1854,Low,True,19.84,1.04,345,345,111.6
Lhoist North America New Braunfels Plant,FLIGHT,Lime,Medium,,327410,579949,False,104.5,>=100 MW,29.6792,-98.18303,TX,6.3,True,29.73157,-98.20803,Texas,primacy,154.8,4799,549,Sedimentary,Limestone,0.1105,Low,False,181.56,0.51,138,100-161,111.4
AIR PRODUCTS CARSON HYDROGEN PLANT,FLIGHT,Industrial Gas,High,,325120,657458,False,118.5,>=100 MW,33.81278,-118.23139,CA,6.4,True,33.86783,-118.25142,California,federal,200.7,3466,16,Unconsolidated,Unconsolidated,0.6491,High,False,901.52,0.07,66,UNDER 100,111.2
TEXAS LEHIGH CEMENT COMPANY LP,FLIGHT,Cement,Medium,,327310,818238,False,147.4,>=100 MW,30.07104,-97.85683,TX,6.52,True,30.04493,-97.79618,Texas,primacy,155.0,4802,1138,Sedimentary,Limestone,0.407,High,False,184.61,0.73,138,100-161,111.2
Neptune Gas Plant,FLIGHT,Natural Gas Processing,High,,211130,127661,False,23.0,20-50 MW,32.60159,-91.48488,LA,5.55,True,32.55175,-91.48114,Louisiana,primacy,151.1,4957,3824,Unconsolidated,Unconsolidated,0.5807,High,True,16.05,7.05,115,100-161,111.1
Fort Lupton Compressor Station,FLIGHT,Natural Gas Processing,High,,211130,338082,False,60.9,50-100 MW,40.1434,-104.7515,CO,4.03,True,40.1349,-104.79763,Colorado,application,178.4,3949,3423,Sedimentary,Sandstone,0.1653,Low,False,268.77,0.56,138,100-161,110.7
CAPITOL CEMENT PLANT,FLIGHT,Cement,Medium,,327310,492032,False,88.7,50-100 MW,29.54528,-98.42111,TX,7.34,True,29.54356,-98.34531,Texas,primacy,154.8,4812,1102,Sedimentary,Limestone,0.3597,Moderate,False,194.58,1.56,138,100-161,110.4
"CEMEX Construction Materials South, LLC",FLIGHT,Cement,Medium,,327310,1065672,False,192.0,>=100 MW,29.67203,-98.17508,TX,7.35,True,29.73157,-98.20803,Texas,primacy,154.8,4799,549,Sedimentary,Limestone,0.1105,Low,False,180.48,0.63,138,100-161,110.4
Air Products West Coast Hydrogen LLC - Torrance,FLIGHT,Industrial Gas,High,,325120,881224,False,158.8,>=100 MW,33.8692,-118.33159,CA,7.4,True,33.86783,-118.25142,California,federal,200.7,3466,16,Unconsolidated,Unconsolidated,0.6491,High,False,906.84,0.15,230,220-287,110.2
Clear Lake Amine Plant,FLIGHT,Natural Gas Processing,High,,213112,167140,False,30.1,20-50 MW,32.23922,-93.52056,LA,1.87,True,32.2384,-93.54039,Louisiana,primacy,163.0,4547,3779,Unconsolidated,Unconsolidated,0.3407,Moderate,False,183.27,9.13,-999999,NOT AVAILABLE,110.1
Air Products West coast Hydrogen - HP-2,FLIGHT,Industrial Gas,High,,325120,322459,False,58.1,50-100 MW,38.01768,-122.11859,CA,2.54,True,38.00409,-122.09535,California,federal,238.7,2753,7,,,0.4697,High,False,1111.77,0.27,115,100-161,109.8
Aera Energy Belridge,FLIGHT,Natural Gas Processing,High,,211120,1285701,False,231.7,>=100 MW,35.45306,-119.71934,CA,4.34,True,35.4346,-119.76153,California,federal,177.2,3961,294,Unconsolidated,Unconsolidated,0.3785,Moderate,False,962.01,1.42,115,100-161,109.7
"Hiland Partners Roosevelt Gas Plant Watford City, ND",FLIGHT,Natural Gas Processing,High,,211130,63260,False,11.4,10-20 MW,47.69074,-103.26986,ND,3.31,True,47.71804,-103.28752,North Dakota,primacy,164.1,4346,4739,Sedimentary,Shale,0.1843,Low,True,29.26,9.41,115,100-161,109.5
CALUMET SHREVPORT REFINING LLC,FLIGHT,Petroleum Refining,Medium,,324110,375380,False,67.6,50-100 MW,32.47083,-93.79083,LA,3.04,True,32.48908,-93.81496,Louisiana,primacy,160.9,4552,3701,Unconsolidated,Unconsolidated,0.2791,Moderate,False,206.68,0.37,69,UNDER 100,109.4
Delhi NGL Plant,FLIGHT,Natural Gas Processing,High,,211130,95069,False,17.1,10-20 MW,32.44462,-91.59193,LA,5.53,True,32.48908,-91.61842,Louisiana,primacy,156.9,4733,4121,Unconsolidated,Unconsolidated,0.476,High,True,2.19,3.94,115,100-161,109.1
ContangoResources_LOST CABIN,FLIGHT,Natural Gas Processing,High,,211130,183283,False,33.0,20-50 MW,43.273,-107.6,WY,14.19,True,43.39377,-107.5433,Wyoming,primacy,160.5,4664,58,Sedimentary,Shale,0.0858,Very low/none,True,1.2,0.9,115,100-161,108.9
MountainWest Pipeline - Clay Basin (Stor and Proc),FLIGHT,Natural Gas Processing,High,,486210,71833,False,12.9,10-20 MW,40.9917,-109.2136,UT,2.99,True,41.01228,-109.19071,Wyoming,primacy,152.4,4917,4089,,,0.0673,Very low/none,True,0.22,13.81,230,220-287,108.8
ORM GPRP Demicks Lake Gas Plant,FLIGHT,Natural Gas Processing,High,,211130,80602,False,14.5,10-20 MW,47.89063,-102.99344,ND,5.45,True,47.84338,-103.01295,North Dakota,primacy,162.8,4428,4733,Sedimentary,Shale,0.2072,Moderate,True,7.91,9.61,115,100-161,108.7
"MARTIN MARIETTA NORTH TEXAS CEMENT, LLC",FLIGHT,Cement,Medium,,327310,1321287,False,238.1,>=100 MW,32.46268,-97.02557,TX,8.43,True,32.48908,-97.10976,Texas,primacy,150.2,4991,615,Sedimentary,Shale,0.3985,Moderate,False,225.63,0.38,138,100-161,108.6
Bear Den Gas Plant,FLIGHT,Natural Gas Processing,High,,211130,63811,False,11.5,10-20 MW,47.71485,-103.22682,ND,4.55,True,47.71804,-103.28752,North Dakota,primacy,164.1,4346,4739,Sedimentary,Shale,0.1843,Low,True,25.89,6.81,115,100-161,108.3
Air Products Baytown 3 Facility,FLIGHT,Industrial Gas,High,,325120,1020473,False,183.9,>=100 MW,29.752,-94.90922,TX,182.72,False,31.23567,-94.08952,Texas,primacy,167.3,4361,4815,,,0.2174,Moderate,True,28.26,0.17,138,100-161,107.6
Air Products Port Arthur Facility,FLIGHT,Industrial Gas,High,,325120,2335031,False,420.7,>=100 MW,29.8662,-93.97117,TX,152.7,False,31.23567,-94.08952,Texas,primacy,167.3,4361,4815,,,0.2174,Moderate,True,1.5,0.14,69,UNDER 100,107.6
Bayou Cogeneration Plant,FLIGHT,Industrial Gas,High,,325120,2017198,False,363.5,>=100 MW,29.6225,-95.0458,TX,201.45,False,31.23567,-94.08952,Texas,primacy,167.3,4361,4815,,,0.2174,Moderate,True,13.22,0.1,138,100-161,107.6
La Porte Steam Methane Reformer,FLIGHT,Industrial Gas,High,,325120,780670,False,140.7,>=100 MW,29.65149,-95.05358,TX,198.92,False,31.23567,-94.08952,Texas,primacy,167.3,4361,4815,,,0.2174,Moderate,True,15.29,0.46,138,100-161,107.6
AIR PRODUCTS & CHEMICAL INC - LAKE CHARLES FACILITY,FLIGHT,Industrial Gas,High,,325120,794369,False,143.1,>=100 MW,30.23736,-93.28591,LA,121.98,False,31.23567,-93.81496,Texas,primacy,164.4,4463,4529,Sedimentary,Shale,0.2286,Moderate,True,12.15,0.26,69,UNDER 100,107.2
Linde Facility 0379,FLIGHT,Industrial Gas,High,,325120,1050581,False,189.3,>=100 MW,29.89028,-93.9368,TX,150.05,False,31.23567,-93.81496,Texas,primacy,164.4,4463,4529,Sedimentary,Shale,0.2286,Moderate,True,5.64,0.76,69,UNDER 100,107.2
Linde Facility 0497,FLIGHT,Industrial Gas,High,,325120,692578,False,124.8,>=100 MW,29.89018,-93.94825,TX,150.16,False,31.23567,-93.81496,Texas,primacy,164.4,4463,4529,Sedimentary,Shale,0.2286,Moderate,True,4.73,0.31,46,UNDER 100,107.2
Linde Inc,FLIGHT,Industrial Gas,High,,325120,500244,False,90.1,50-100 MW,30.13916,-93.52694,LA,125.0,False,31.23567,-93.81496,Texas,primacy,164.4,4463,4529,Sedimentary,Shale,0.2286,Moderate,True,9.07,3.7,-999999,100-161,107.2
Louisiana Integrated Polyethylene JV LLC,FLIGHT,Industrial Gas,High,,325120,965533,False,174.0,>=100 MW,30.24502,-93.27563,LA,121.62,False,31.23567,-93.81496,Texas,primacy,164.4,4463,4529,Sedimentary,Shale,0.2286,Moderate,True,11.81,0.34,138,100-161,107.2
MEWBOURN GAS PLANT,FLIGHT,Natural Gas Processing,High,,211130,308327,False,55.6,50-100 MW,40.26658,-104.73494,CO,5.37,True,40.26024,-104.79763,Colorado,application,181.9,3819,3336,Unconsolidated,Unconsolidated,0.2328,Moderate,False,282.52,4.46,230,220-287,107.2
Yoakum Cryogenic Plant,FLIGHT,Natural Gas Processing,High,,211130,677366,False,122.0,>=100 MW,29.3421,-97.11,TX,30.73,True,29.48089,-97.38433,Texas,primacy,169.4,4310,4657,,,0.1831,Low,False,76.61,3.89,138,100-161,107.2
EL DORADO CHEMICAL COMPANY,FLIGHT,Ammonia/Fertilizer,High,,325311,1027772,False,185.2,>=100 MW,33.24885,-92.66165,AR,5.19,True,33.24113,-92.71669,Arkansas,federal,165.3,4454,2497,Unconsolidated,Unconsolidated,0.2316,Moderate,False,132.96,0.79,115,100-161,107.1
Linde- Sweeny Hydrogen Plant,FLIGHT,Industrial Gas,High,,325120,986226,False,177.7,>=100 MW,29.06326,-95.74318,TX,160.54,False,29.6689,-97.24704,Texas,primacy,164.0,4489,4312,Sedimentary,Shale,0.3138,Moderate,True,25.78,0.64,138,100-161,107.1
ASH GROVE CEMENT COMPANY,FLIGHT,Cement,Medium,,327310,642168,False,115.7,>=100 MW,32.51993,-97.0068,TX,10.25,True,32.48908,-97.10976,Texas,primacy,150.2,4991,615,Sedimentary,Shale,0.3985,Moderate,False,219.91,0.07,138,100-161,106.8
Lobo Processing Plant,FLIGHT,Natural Gas Processing,High,,211130,447662,False,80.7,50-100 MW,31.75048,-103.50753,TX,73.47,False,31.11033,-103.69937,Texas,primacy,160.8,4644,4586,,,0.728,Severe,True,27.8,3.54,138,100-161,106.6
Orla Gas Plant,FLIGHT,Natural Gas Processing,High,,211130,553448,False,99.7,50-100 MW,31.80941,-103.89523,TX,79.92,False,31.11033,-103.69937,Texas,primacy,160.8,4644,4586,,,0.728,Severe,True,16.12,26.13,138,100-161,106.6
Red Hills Gas Processing Plant,FLIGHT,Natural Gas Processing,High,,211130,572876,False,103.2,>=100 MW,32.21043,-103.52141,NM,123.48,False,31.11033,-103.69937,Texas,primacy,160.8,4644,4586,,,0.728,Severe,True,21.51,23.91,115,100-161,106.6
"EPNG Station 6311 El Paso, TX",FLIGHT,Natural Gas Processing,High,,486210,112231,False,20.2,20-50 MW,31.97367,-106.39594,TX,4.89,True,31.98772,-106.44504,Texas,primacy,191.7,3736,0,,,0.9667,Severe,False,223.46,1.58,115,100-161,106.5
"EPNG Station 6735 Hackberry, AZ",FLIGHT,Natural Gas Processing,High,,486210,32554,False,5.9,1-10 MW,35.1708,-113.7027,AZ,2.22,True,35.18392,-113.72106,Arizona,primacy,221.7,3042,61,Unconsolidated,Unconsolidated,0.1318,Low,False,465.37,8.95,230,220-287,106.5
Springridge South Compressor Station,FLIGHT,Natural Gas Processing,High,,211120,141936,False,25.6,20-50 MW,32.195,-93.90103,LA,5.27,True,32.17573,-93.95224,Louisiana,primacy,175.2,4147,3868,Unconsolidated,Unconsolidated,0.2805,Moderate,False,212.96,1.47,-999999,UNDER 100,106.3
Florida River Gas Processing Facility,FLIGHT,Natural Gas Processing,High,,211130,196109,False,35.3,20-50 MW,37.27634,-107.87976,CO,6.11,True,37.25205,-107.81787,Colorado,application,181.2,4077,3632,Sedimentary,Sandstone,0.1433,Low,True,26.47,0.62,69,UNDER 100,106.2
Bulldog Gas Plant (Panola III),FLIGHT,Natural Gas Processing,High,,211130,145924,False,26.3,20-50 MW,32.14563,-94.26879,TX,5.18,True,32.17573,-94.22681,Texas,primacy,170.1,4260,4043,Unconsolidated,Unconsolidated,0.2342,Moderate,False,219.39,0.75,-999999,NOT AVAILABLE,106.0
"TGG PIPELINE, LTD. - HOLLY COMMON POINT #3 COMPRESSOR STATION",FLIGHT,Natural Gas Processing,High,,211130,167182,False,30.1,20-50 MW,32.23579,-93.64205,LA,7.47,True,32.17573,-93.67767,Louisiana,primacy,172.7,4260,3691,,,0.257,Moderate,False,194.63,2.43,-999999,NOT AVAILABLE,106.0
Shute Creek Facility,FLIGHT,Natural Gas Processing,High,,211130,3155545,False,568.6,>=100 MW,41.887,-110.09446,WY,45.07,True,42.2657,-110.28897,Wyoming,primacy,156.3,4786,4703,Unconsolidated,Unconsolidated,0.0939,Very low/none,True,1.46,0.66,115,100-161,105.9
Air Products and Chemicals - Norco SMR,FLIGHT,Industrial Gas,High,,325120,1102168,False,198.6,>=100 MW,30.0169,-90.40874,LA,285.19,False,32.36374,-91.61842,Louisiana,primacy,154.4,4827,4846,Unconsolidated,Unconsolidated,0.493,High,True,11.88,1.5,-999999,NOT AVAILABLE,105.7
Air Products and Chemicals Inc. Luling SMR Facility,FLIGHT,Industrial Gas,High,,325120,861624,False,155.2,>=100 MW,29.93061,-90.34702,LA,296.37,False,32.36374,-91.61842,Louisiana,primacy,154.4,4827,4846,Unconsolidated,Unconsolidated,0.493,High,True,2.51,1.75,230,220-287,105.7
"Air Products and Chemicals, Inc. - BR SMR",FLIGHT,Industrial Gas,High,,325120,916362,False,165.1,>=100 MW,30.48819,-91.1641,LA,212.96,False,32.36374,-91.61842,Louisiana,primacy,154.4,4827,4846,Unconsolidated,Unconsolidated,0.493,High,True,15.75,0.73,230,220-287,105.7
"CF INDUSTRIES NITROGEN, LLC - DONALDSONVILLE NITROGEN COMPLEX",FLIGHT,Ammonia/Fertilizer,High,,325311,9475266,False,1707.3,>=100 MW,30.08692,-90.95786,LA,260.84,False,32.36374,-91.61842,Louisiana,primacy,154.4,4827,4846,Unconsolidated,Unconsolidated,0.493,High,True,3.18,0.59,-999999,100-161,105.7
"CF Industries East Point, LLC",FLIGHT,Ammonia/Fertilizer,High,,325311,933843,False,168.3,>=100 MW,29.965,-90.26248,LA,296.28,False,32.36374,-91.61842,Louisiana,primacy,154.4,4827,4846,Unconsolidated,Unconsolidated,0.493,High,True,11.45,0.75,-999999,UNDER 100,105.7
"Linde Inc, St. Charles Facility",FLIGHT,Industrial Gas,High,,325120,1031341,False,185.8,>=100 MW,30.00055,-90.39502,LA,287.39,False,32.36374,-91.61842,Louisiana,primacy,154.4,4827,4846,Unconsolidated,Unconsolidated,0.493,High,True,9.74,0.61,-999999,220-287,105.7
PCS NITROGEN FERTILIZER LP - GEISMAR AGRICULTURAL NITROGEN & PHOSPHATE PLANT,FLIGHT,Ammonia/Fertilizer,High,,325311,1666091,False,300.2,>=100 MW,30.22578,-91.05315,LA,243.72,False,32.36374,-91.61842,Louisiana,primacy,154.4,4827,4846,Unconsolidated,Unconsolidated,0.493,High,True,1.71,0.42,138,100-161,105.7
Tampa Port Services,FLIGHT,Ammonia/Fertilizer,High,,325312,813069,False,146.5,>=100 MW,30.08367,-90.91325,LA,262.25,False,32.36374,-91.61842,Louisiana,primacy,154.4,4827,4846,Unconsolidated,Unconsolidated,0.493,High,True,5.78,0.88,-999999,NOT AVAILABLE,105.7
Air Products LLC - Pasadena SMR,FLIGHT,Industrial Gas,High,,325120,491424,False,88.5,50-100 MW,29.71601,-95.20057,TX,186.49,False,29.98226,-97.10976,Texas,primacy,153.2,4864,3824,,,0.4857,High,True,17.03,0.04,69,UNDER 100,105.5
BPE GPRP Bear Creek,FLIGHT,Natural Gas Processing,High,,211130,39230,False,7.1,1-10 MW,47.44452,-102.79777,ND,5.14,True,47.46736,-102.73838,North Dakota,primacy,163.7,4400,4532,Sedimentary,Shale,0.1928,Low,True,2.47,1.08,115,100-161,105.5
Linde Clear Lake HyCO Plant,FLIGHT,Industrial Gas,High,,325120,878234,False,158.2,>=100 MW,29.63456,-95.06875,TX,200.68,False,29.98226,-97.10976,Texas,primacy,153.2,4864,3824,,,0.4857,High,True,12.91,0.79,138,100-161,105.5
Linde Inc Texas City Hydrogen Complex,FLIGHT,Industrial Gas,High,,325120,1286746,False,231.8,>=100 MW,29.37452,-94.94151,TX,220.1,False,29.98226,-97.10976,Texas,primacy,153.2,4864,3824,,,0.4857,High,True,9.15,0.48,138,100-161,105.5
LUCERNE GAS PLANT,FLIGHT,Natural Gas Processing,High,,211130,256256,False,46.2,20-50 MW,40.4572,-104.66469,CO,1.06,True,40.44825,-104.66035,Colorado,application,172.2,4146,3356,Unconsolidated,Unconsolidated,0.417,High,False,304.02,1.12,69,UNDER 100,105.4
"CF Industries Nitrogen, LLC - Yazoo City Facility",FLIGHT,Ammonia/Fertilizer,High,,325311,2433917,False,438.5,>=100 MW,32.90461,-90.38315,MS,109.95,False,32.55175,-91.48114,Louisiana,primacy,151.1,4957,3824,Unconsolidated,Unconsolidated,0.5807,High,True,22.72,0.27,115,100-161,105.2
AGRIUM US BORGER NITROGEN OPERATIONS,FLIGHT,Ammonia/Fertilizer,High,,325311,736028,False,132.6,>=100 MW,35.6411,-101.4203,TX,135.09,False,35.37193,-102.87567,Texas,primacy,150.9,4970,1678,Sedimentary,Shale,0.2814,Moderate,True,1.24,0.82,115,100-161,105.1
MountainWest Pipeline - Rock Springs Station (Tran),FLIGHT,Natural Gas Processing,High,,486210,112740,False,20.3,20-50 MW,41.5222,-109.3128,WY,10.21,True,41.51365,-109.19071,Wyoming,primacy,150.8,4972,3051,Sedimentary,Sandstone,0.1858,Low,True,1.53,1.4,230,220-287,105.1
SEMINOLE GAS PROCESSING PLANT,FLIGHT,Natural Gas Processing,High,,211120,499208,False,89.9,50-100 MW,32.7578,-102.681,TX,187.23,False,34.43187,-102.46382,Texas,primacy,150.8,4973,2759,Unconsolidated,Unconsolidated,0.7215,Severe,True,0.56,0.25,115,100-161,105.1
BPE GPRP Garden Creek,FLIGHT,Natural Gas Processing,High,,211130,52387,False,9.4,1-10 MW,47.85023,-103.17984,ND,6.59,True,47.90605,-103.15023,North Dakota,primacy,162.3,4377,4798,Sedimentary,Shale,0.206,Moderate,True,21.89,0.34,115,100-161,105.0
GRAYMONT WESTERN US INC. CRICKET MOUNTAIN,FLIGHT,Lime,Medium,,327410,785085,False,141.5,>=100 MW,38.93895,-112.81665,UT,7.0,True,38.94415,-112.89736,Utah,application,216.9,3272,1639,Unconsolidated,Unconsolidated,0.1222,Low,False,340.47,4.66,500,500,105.0
Terrell Gas Plant,FLIGHT,Natural Gas Processing,High,,211120,61563,False,11.1,10-20 MW,30.3736,-101.8433,TX,6.55,True,30.35828,-101.7774,Texas,primacy,155.7,4798,4750,Sedimentary,Limestone,0.2908,Moderate,True,0.15,32.83,138,100-161,104.9
EAST TEXAS GAS PLANT,FLIGHT,Natural Gas Processing,High,,211130,114400,False,20.6,20-50 MW,32.18788,-94.26188,TX,3.57,True,32.17573,-94.22681,Texas,primacy,170.1,4260,4043,Unconsolidated,Unconsolidated,0.2342,Moderate,False,223.44,3.23,69,UNDER 100,104.7
HOLCIM (US) Inc,FLIGHT,Cement,Medium,,327310,1253349,False,225.8,>=100 MW,32.51297,-96.9711,TX,13.02,True,32.48908,-96.83519,Texas,primacy,153.2,4871,837,Unknown,Sedimentary,0.269,Moderate,False,221.53,0.44,138,100-161,104.5
WEST BISTINEAU FACILITY,FLIGHT,Natural Gas Processing,High,,486210,155329,False,28.0,20-50 MW,32.2107,-93.4413,LA,5.3,True,32.17573,-93.40311,Louisiana,primacy,155.3,4789,4349,Unconsolidated,Unconsolidated,0.2398,Moderate,False,176.4,11.87,-999999,NOT AVAILABLE,104.5
Ash Grove Cement Company-LEAMINGTON,FLIGHT,Cement,Medium,,327310,548943,False,98.9,50-100 MW,39.50833,-112.26225,UT,4.4,True,39.50819,-112.21094,Utah,application,195.6,3506,1769,,,0.5571,High,False,269.37,2.17,345,345,104.4
SACROC CO2 TREATMENT,FLIGHT,Natural Gas Processing,High,,211120,435407,False,78.5,50-100 MW,32.74751,-100.95855,TX,233.49,False,34.43187,-102.46382,Texas,primacy,150.8,4973,2759,Unconsolidated,Unconsolidated,0.7215,Severe,True,0.9,0.31,138,100-161,104.4
Texas Lime Company,FLIGHT,Lime,Medium,,327410,472656,False,85.2,50-100 MW,32.29174,-97.50307,TX,12.64,True,32.2384,-97.38433,Texas,primacy,150.1,4995,3376,Unknown,Sedimentary,0.3982,Moderate,False,238.02,3.11,138,100-161,104.4
Hiland Partners Burr MRU,FLIGHT,Natural Gas Processing,High,,211130,,False,,,48.03986,-102.58942,ND,1.28,True,48.03139,-102.6011,North Dakota,primacy,153.1,4839,4504,Sedimentary,Shale,0.1481,Low,True,22.38,6.15,-999999,UNDER 100,104.2
Delhi Compressor Station,FLIGHT,Natural Gas Processing,High,,486210,25675,False,4.6,1-10 MW,32.45577,-91.5973,LA,4.2,True,32.48908,-91.61842,Louisiana,primacy,156.9,4733,4121,Unconsolidated,Unconsolidated,0.476,High,True,1.28,2.71,115,100-161,104.1
Mansfield Compressor Station,FLIGHT,Natural Gas Processing,High,,486210,156180,False,28.1,20-50 MW,31.79666,-93.51045,LA,7.83,True,31.86237,-93.54039,Louisiana,primacy,169.4,4191,3986,Unconsolidated,Unconsolidated,0.3033,Moderate,False,160.14,0.44,-999999,NOT AVAILABLE,104.1
Flying Creek-Bridge Draw Compressor Station,FLIGHT,Natural Gas Processing,High,,211111,,False,,,44.28279,-106.1582,WY,1.62,True,44.27116,-106.17047,Wyoming,primacy,153.2,4883,4520,Sedimentary,Shale,0.0905,Very low/none,True,22.31,9.0,115,100-161,103.9
Shelby,FLIGHT,Natural Gas Processing,High,,486210,111193,False,20.0,20-50 MW,31.7954,-94.17905,TX,4.54,True,31.7997,-94.22681,Texas,primacy,173.1,4188,4098,Sedimentary,Shale,0.2172,Moderate,False,180.53,1.13,138,100-161,103.9
HOLLYFRONTIER WOODS CROSS REFINING LLC,FLIGHT,Petroleum Refining,Medium,,324110,412137,False,74.3,50-100 MW,40.88419,-111.91088,UT,2.17,True,40.88694,-111.93638,Utah,application,194.6,3753,1316,Unconsolidated,Unconsolidated,0.2817,Moderate,False,189.56,0.26,69,UNDER 100,103.7
Air Liquide Large Industries US - SMR,FLIGHT,Industrial Gas,High,,325120,399378,False,72.0,50-100 MW,29.62147,-95.0442,TX,201.48,False,31.23567,-94.08952,Texas,primacy,167.3,4361,4815,,,0.2174,Moderate,True,13.23,0.24,138,100-161,103.6
Thunder Creek Gas Services Buckshot Gas Plant,FLIGHT,Natural Gas Processing,High,,213112,120955,False,21.8,20-50 MW,42.78806,-105.61395,WY,2.41,True,42.76706,-105.62134,Wyoming,primacy,150.7,4975,787,Sedimentary,Shale,0.169,Low,False,90.29,0.72,138,100-161,103.6
"CIG Station 5690 Muddy Gap, WY",FLIGHT,Natural Gas Processing,High,,486210,5100,False,0.9,<1 MW,42.3758,-107.4265,WY,5.54,True,42.32837,-107.40602,Wyoming,primacy,174.2,4239,0,,,0.1079,Low,True,11.58,17.74,115,100-161,103.5
ANR Pipeline Delhi CS,FLIGHT,Natural Gas Processing,High,,486210,39079,False,7.0,1-10 MW,32.46241,-91.5611,LA,6.14,True,32.48908,-91.61842,Louisiana,primacy,156.9,4733,4121,Unconsolidated,Unconsolidated,0.476,High,True,0.72,2.94,115,100-161,103.4
Luke-Gus Compressor Station,FLIGHT,Natural Gas Processing,High,,211111,,False,,,43.99693,-106.16476,WY,2.66,True,44.02047,-106.17047,Wyoming,primacy,156.2,4773,4716,Sedimentary,Shale,0.0924,Very low/none,True,2.42,14.4,69,UNDER 100,103.3
MARTINEZ REFINING COMPANY LLC,FLIGHT,Petroleum Refining,Medium,,324110,2356381,False,424.6,>=100 MW,38.01659,-122.11539,CA,2.24,True,38.00409,-122.09535,California,federal,238.7,2753,7,,,0.4697,High,False,1111.57,0.1,115,100-161,103.1
COVE POINT LNG FACILITY,FLIGHT,Natural Gas Processing,High,,486210,1152356,False,207.6,>=100 MW,38.38407,-76.41233,MD,7.11,True,38.44279,-76.37996,Unknown,unknown,150.9,4967,838,Other,Water,0.1409,Low,False,1343.48,2.94,230,220-287,103.0
"Tesoro Refining and Marketing Company, Salt Lake City Refinery",FLIGHT,Petroleum Refining,Medium,,324110,568979,False,102.5,>=100 MW,40.79167,-111.90278,UT,4.38,True,40.7616,-111.93638,Utah,application,186.1,3848,1414,Unconsolidated,Unconsolidated,0.2817,Moderate,False,195.37,0.18,46,UNDER 100,103.0
HOLCIM (US) INC. DEVIL\S SLIDE PLANT,FLIGHT,Cement,Medium,,327310,579152,False,104.4,>=100 MW,41.0633,-111.5317,UT,1.43,True,41.07495,-111.52453,Utah,application,164.6,4537,1696,Unconsolidated,Unconsolidated,0.1806,Low,False,152.16,0.11,69,UNDER 100,102.8
Bombsite-Nichols Compressor Station,FLIGHT,Natural Gas Processing,High,,211111,,False,,,44.21829,-106.06093,WY,2.47,True,44.20849,-106.03319,Wyoming,primacy,151.0,4964,4483,Sedimentary,Shale,0.0902,Very low/none,True,11.77,7.78,69,UNDER 100,102.7
"MEP Atlanta Station 2, TX",FLIGHT,Natural Gas Processing,High,,486210,99933,False,18.0,10-20 MW,33.05656,-94.18681,TX,3.75,True,33.05312,-94.22681,Texas,primacy,166.2,4420,3688,,,0.2632,Moderate,False,251.8,2.98,69,UNDER 100,102.7
"EPNG Station 6750 Leupp, AZ",FLIGHT,Natural Gas Processing,High,,486210,97540,False,17.6,10-20 MW,35.3048,-111.0939,AZ,6.69,True,35.24659,-111.11267,Arizona,primacy,186.6,3990,1031,Sedimentary,Sandstone,0.2103,Moderate,False,275.48,0.23,230,220-287,102.6
"Monarch West, LLC Barber Creek Compressor Station",FLIGHT,Natural Gas Processing,High,,213112,,False,,,44.16937,-105.89075,WY,2.65,True,44.14581,-105.8959,Wyoming,primacy,150.6,4979,4460,Sedimentary,Shale,0.0732,Very low/none,True,1.42,0.13,69,UNDER 100,102.4
Jameson-Kessler Compressor Station,FLIGHT,Natural Gas Processing,High,,211111,,False,,,44.06758,-106.27842,WY,2.91,True,44.08314,-106.30775,Wyoming,primacy,150.7,4974,4860,Sedimentary,Shale,0.0857,Very low/none,True,13.64,8.56,69,UNDER 100,102.2
Phillips 66 Old Ocean NGL Fractionation Plant,FLIGHT,Natural Gas Processing,High,,211130,388497,False,70.0,50-100 MW,29.07395,-95.75107,TX,159.34,False,29.6689,-97.24704,Texas,primacy,164.0,4489,4312,Sedimentary,Shale,0.3138,Moderate,True,24.41,0.59,138,100-161,102.1
Amazon-Congo Compressor Station,FLIGHT,Natural Gas Processing,High,,211111,,False,,,44.169,-106.1393,WY,3.58,True,44.14581,-106.17047,Wyoming,primacy,152.6,4907,4634,,,0.0902,Very low/none,True,12.03,2.6,69,UNDER 100,101.8
CHEVRON PRODUCTS CO - SALT LAKE REFINERY,FLIGHT,Petroleum Refining,Medium,,324110,491480,False,88.6,50-100 MW,40.82467,-111.93077,UT,6.94,True,40.88694,-111.93638,Utah,application,194.6,3753,1316,Unconsolidated,Unconsolidated,0.2817,Moderate,False,194.91,0.63,69,UNDER 100,101.8
Westwind-Astra Compressor Station,FLIGHT,Natural Gas Processing,High,,211111,,False,,,44.2855,-106.212,WY,3.67,True,44.27116,-106.17047,Wyoming,primacy,153.2,4883,4520,Sedimentary,Shale,0.0905,Very low/none,True,25.44,12.19,115,100-161,101.8
Gulf South Pipeline - Carthage Jct Station,FLIGHT,Natural Gas Processing,High,,486210,87684,False,15.8,10-20 MW,32.14362,-94.33491,TX,4.37,True,32.11306,-94.36409,Texas,primacy,170.9,4330,4060,Sedimentary,Shale,0.2368,Moderate,False,221.79,2.15,138,100-161,101.7
Martinez Renewable Fuel Facility,FLIGHT,Petrochemicals,Medium,,325199,576198,False,103.8,>=100 MW,38.0251,-122.0639,CA,3.61,True,38.00409,-122.09535,California,federal,238.7,2753,7,,,0.4697,High,False,1107.11,0.63,230,220-287,101.7
Pumpkin-Bruno Compressor Station,FLIGHT,Natural Gas Processing,High,,211111,,False,,,44.02468,-106.11661,WY,4.33,True,44.02047,-106.17047,Wyoming,primacy,156.2,4773,4716,Sedimentary,Shale,0.0924,Very low/none,True,0.31,11.95,69,UNDER 100,101.6
Aera Energy San Ardo,FLIGHT,Natural Gas Processing,High,,211120,293762,False,52.9,50-100 MW,35.95497,-120.86409,CA,2.15,True,35.93596,-120.8598,California,federal,197.8,3320,224,Unconsolidated,Unconsolidated,0.6042,High,False,1049.87,1.17,60,UNDER 100,101.5
OMAHA CDP,FLIGHT,Natural Gas Processing,High,,211130,110341,False,19.9,10-20 MW,32.26917,-94.15183,TX,6.79,True,32.2384,-94.08952,Texas,primacy,172.4,4159,4090,Sedimentary,Shale,0.2653,Moderate,False,228.04,16.15,-999999,NOT AVAILABLE,101.5
Yucca Compressor Station,FLIGHT,Natural Gas Processing,High,,211111,,False,,,30.45566,-102.71972,TX,4.25,True,30.42095,-102.73838,Texas,primacy,154.9,4820,190,Unconsolidated,Unconsolidated,0.219,Moderate,True,11.02,18.78,230,220-287,101.5
Tioga Compressor Station,FLIGHT,Natural Gas Processing,High,,486210,31681,False,5.7,1-10 MW,48.21256,-102.91746,ND,6.94,True,48.15673,-102.87567,North Dakota,primacy,152.8,4843,4563,Sedimentary,Shale,0.1484,Low,True,2.38,4.5,115,100-161,101.3
"EPNG Station 6793 Wenden, AZ",FLIGHT,Natural Gas Processing,High,,486210,34849,False,6.3,1-10 MW,33.53983,-113.4558,AZ,1.84,True,33.55448,-113.44649,Arizona,primacy,182.4,3927,426,Unconsolidated,Unconsolidated,0.3475,Moderate,False,565.08,26.78,-999999,NOT AVAILABLE,101.2
"EPNG Station 6794 Williams, AZ",FLIGHT,Natural Gas Processing,High,,486210,86047,False,15.5,10-20 MW,35.59945,-112.14716,AZ,6.31,True,35.62261,-112.21094,Arizona,primacy,181.9,4005,668,Sedimentary,Sandstone,0.1121,Low,False,321.37,11.0,500,500,101.2
Legacy-Glasair Compressor Station,FLIGHT,Natural Gas Processing,High,,211111,,False,,,44.2598,-106.1193,WY,4.27,True,44.27116,-106.17047,Wyoming,primacy,153.2,4883,4520,Sedimentary,Shale,0.0905,Very low/none,True,18.33,9.59,115,100-161,101.2
SAN FRANCISCO REFINERY AT RODEO,FLIGHT,Petroleum Refining,Medium,,324110,1034931,False,186.5,>=100 MW,38.0436,-122.2532,CA,3.14,True,38.06677,-122.23264,California,federal,231.8,2651,104,Other,Water,,,False,1121.04,1.97,115,100-161,101.1
STATION #2 - FLAGSTAFF CMP STN,FLIGHT,Natural Gas Processing,High,,486210,63422,False,11.4,10-20 MW,35.22795,-111.82705,AZ,5.52,True,35.18392,-111.79909,Arizona,primacy,189.7,3755,1204,,,0.2144,Moderate,False,325.99,11.94,-999999,NOT AVAILABLE,101.1
SUNCOR ENERGY (USA) COMMERCE CITY REFINERY,FLIGHT,Petroleum Refining,Medium,,324110,811958,False,146.3,>=100 MW,39.80333,-104.94556,CO,2.22,True,39.82154,-104.93492,Colorado,application,157.5,4702,4060,,,0.1494,Low,False,230.74,0.32,115,100-161,100.9
XTO - Cotton Valley Gas Plant,FLIGHT,Natural Gas Processing,High,,211130,85395,False,15.4,10-20 MW,32.7847,-93.3744,LA,3.33,True,32.80243,-93.40311,Louisiana,primacy,159.9,4606,4581,Unconsolidated,Unconsolidated,0.2499,Moderate,False,171.08,3.07,115,100-161,100.9
Bolster Compressor Station,FLIGHT,Natural Gas Processing,High,,211111,,False,,,44.1864,-106.1622,WY,4.56,True,44.14581,-106.17047,Wyoming,primacy,152.6,4907,4634,,,0.0902,Very low/none,True,14.68,5.2,69,UNDER 100,100.8
KERN RIVER GAS TRANSMISSION COMPANY: VEYO COMPRESSOR STATION,FLIGHT,Natural Gas Processing,High,,486210,99404,False,17.9,10-20 MW,37.44899,-113.73948,UT,1.91,True,37.44006,-113.72106,Utah,application,241.7,2620,1835,Igneous,Volcanic,0.2872,Moderate,False,401.09,6.63,500,500,100.8
"PCS NITROGEN FERTILIZER, L.P.",FLIGHT,Ammonia/Fertilizer,High,,325311,1566702,False,282.3,>=100 MW,33.47,-81.97,GA,10.22,True,33.42914,-81.87129,South Carolina,federal,156.6,4787,129,Unconsolidated,Unconsolidated,0.1433,Low,False,664.54,0.23,-999999,100-161,100.8
GODLEY PLANT,FLIGHT,Natural Gas Processing,High,,486210,123009,False,22.2,20-50 MW,32.49971,-97.55303,TX,6.49,True,32.55175,-97.52161,Texas,primacy,156.4,4735,3007,Unconsolidated,Unconsolidated,0.3644,Moderate,False,214.73,0.3,138,100-161,100.6
Waskom Gas Processing Plant,FLIGHT,Natural Gas Processing,High,,211130,50093,False,9.0,1-10 MW,32.47249,-94.07116,TX,2.52,True,32.48908,-94.08952,Texas,primacy,174.2,4090,4062,Sedimentary,Shale,0.2227,Moderate,False,232.98,2.41,69,UNDER 100,100.6
Bucking Horse Plant,FLIGHT,Natural Gas Processing,High,,211120,103059,False,18.6,10-20 MW,42.74173,-105.46739,WY,4.37,True,42.70439,-105.48405,Wyoming,primacy,153.9,4862,97,Sedimentary,Shale,0.4523,High,False,101.89,2.35,230,220-287,100.5
Steamboat Processing Facility,FLIGHT,Natural Gas Processing,High,,213112,103157,False,18.6,10-20 MW,42.79357,-105.4909,WY,4.06,True,42.82973,-105.48405,Wyoming,primacy,150.8,4972,4733,Unconsolidated,Unconsolidated,0.3665,Moderate,False,96.33,0.81,138,100-161,100.4
Bison Treating Facility,FLIGHT,Natural Gas Processing,High,,211130,,False,,,44.16816,-105.84249,WY,4.93,True,44.14581,-105.8959,Wyoming,primacy,150.6,4979,4460,Sedimentary,Shale,0.0732,Very low/none,True,4.0,1.67,69,UNDER 100,100.2
PANOLA II GAS PLANT,FLIGHT,Natural Gas Processing,High,,211130,73029,False,13.2,10-20 MW,32.19264,-94.26944,TX,4.43,True,32.17573,-94.22681,Texas,primacy,170.1,4260,4043,Unconsolidated,Unconsolidated,0.2342,Moderate,False,224.21,3.08,69,UNDER 100,100.2
Stateline Compressor Station,FLIGHT,Natural Gas Processing,High,,486210,48019,False,8.7,1-10 MW,32.46806,-94.07306,TX,2.8,True,32.48908,-94.08952,Texas,primacy,174.2,4090,4062,Sedimentary,Shale,0.2227,Moderate,False,233.16,2.74,69,UNDER 100,100.2
Hiland Partners Badlands Gas Plant,FLIGHT,Natural Gas Processing,High,,211130,,False,,,46.09001,-103.66046,ND,7.44,True,46.15127,-103.69937,North Dakota,primacy,165.9,4400,3256,Sedimentary,Sandstone,0.2143,Moderate,True,24.59,0.35,115,100-161,99.9
Jaq Compressor Station,FLIGHT,Natural Gas Processing,High,,211111,,False,,,44.00668,-106.09804,WY,5.99,True,44.02047,-106.17047,Wyoming,primacy,156.2,4773,4716,Sedimentary,Shale,0.0924,Very low/none,True,2.24,14.34,69,UNDER 100,99.9
"TGG PIPELINE, LTD. - HOLLY COMMON POINT #6 FACILITY",FLIGHT,Natural Gas Processing,High,,211130,112450,False,20.3,20-50 MW,32.1941,-93.48386,LA,7.25,True,32.2384,-93.54039,Louisiana,primacy,163.0,4547,3779,Unconsolidated,Unconsolidated,0.3407,Moderate,False,180.66,7.67,-999999,NOT AVAILABLE,99.9
"EPNG Station 1775 Mojave Topock, AZ",FLIGHT,Natural Gas Processing,High,,486210,38658,False,7.0,1-10 MW,34.72593,-114.46398,AZ,5.59,True,34.74522,-114.40748,Arizona,primacy,196.2,3594,270,,,0.2285,Moderate,False,550.41,6.81,230,220-287,99.8
"RED TRAIL ENERGY, LLC",FLIGHT,Ethanol,High,,325193,86232,False,15.5,10-20 MW,46.87864,-102.29604,ND,3.59,True,46.90332,-102.32653,North Dakota,primacy,154.3,4814,3884,Sedimentary,Shale,0.3753,Moderate,False,58.8,0.21,-999999,UNDER 100,99.8
"TGG SHELBY ASSETS, LLC - SHELBY #3 FACILITY",FLIGHT,Natural Gas Processing,High,,211130,59065,False,10.6,10-20 MW,31.64053,-94.34928,TX,3.5,True,31.61169,-94.36409,Texas,primacy,170.1,4353,4585,Unconsolidated,Unconsolidated,0.2444,Moderate,False,173.7,5.9,138,100-161,99.8
Holcim (US) Inc. - Portland Plant,FLIGHT,Cement,Medium,,327310,737083,False,132.8,>=100 MW,38.32863,-105.00899,CO,6.58,True,38.31745,-104.93492,Colorado,application,178.2,4120,1246,Sedimentary,Shale,0.1911,Low,False,67.51,4.43,115,100-161,99.7
Unionville Storage Compressor Station,FLIGHT,Natural Gas Processing,High,,486210,33348,False,6.0,1-10 MW,32.67866,-92.60114,LA,2.04,True,32.67709,-92.57941,Louisiana,primacy,174.5,4246,4624,Unconsolidated,Unconsolidated,0.1898,Low,False,97.91,11.03,115,100-161,99.6
"EPNG Station 6770 Oracle, AZ",FLIGHT,Natural Gas Processing,High,,486210,44447,False,8.0,1-10 MW,32.76216,-110.85529,AZ,2.96,True,32.73976,-110.83811,Arizona,primacy,173.4,4217,0,Sedimentary,Conglomerate,0.2773,Moderate,False,470.18,2.68,500,500,99.5
Linde Inc - GEISMAR HYCO FACILITY,FLIGHT,Industrial Gas,High,,325120,374551,False,67.5,50-100 MW,30.19944,-91.01333,LA,247.43,False,32.36374,-91.61842,Louisiana,primacy,154.4,4827,4846,Unconsolidated,Unconsolidated,0.493,High,True,6.17,0.14,230,220-287,99.4
Hiland Partners Watford City Gas Plant,FLIGHT,Natural Gas Processing,High,,211130,101616,False,18.3,10-20 MW,47.92182,-103.77651,ND,6.01,True,47.90605,-103.69937,North Dakota,primacy,157.3,4681,4541,Sedimentary,Shale,0.3906,Moderate,False,66.2,0.93,115,100-161,99.2
Mesquite III Compressor Station,FLIGHT,Natural Gas Processing,High,,211111,,False,,,30.45804,-102.79157,TX,6.56,True,30.42095,-102.73838,Texas,primacy,154.9,4820,190,Unconsolidated,Unconsolidated,0.219,Moderate,True,11.52,22.32,230,220-287,99.2
River-Nile Compressor Station,FLIGHT,Natural Gas Processing,High,,211111,,False,,,44.19492,-106.10576,WY,5.98,True,44.20849,-106.03319,Wyoming,primacy,151.0,4964,4483,Sedimentary,Shale,0.0902,Very low/none,True,12.33,5.32,69,UNDER 100,99.2
AIR LIQUIDE AMERICA CORP.,FLIGHT,Industrial Gas,High,,325120,370413,False,66.7,50-100 MW,30.21023,-90.99085,LA,246.77,False,32.36374,-91.61842,Louisiana,primacy,154.4,4827,4846,Unconsolidated,Unconsolidated,0.493,High,True,7.27,0.94,230,220-287,99.0
"EPNG Station 6719 Dutch Flat, AZ",FLIGHT,Natural Gas Processing,High,,486210,,False,,,34.5746,-113.9936,AZ,1.94,True,34.55721,-113.99563,Arizona,primacy,189.7,3601,1354,Unconsolidated,Unconsolidated,0.209,Moderate,False,524.27,26.39,230,220-287,99.0
Deer Gulch-Falcon Compressor Station,FLIGHT,Natural Gas Processing,High,,211111,,False,,,44.3381,-106.1689,WY,6.49,True,44.3965,-106.17047,Wyoming,primacy,152.3,4916,4439,Sedimentary,Shale,0.0908,Very low/none,True,27.25,6.96,115,100-161,98.9
Thunder Creek Gas Services MTG Compressor Station,FLIGHT,Natural Gas Processing,High,,213112,,False,,,44.13142,-105.7129,WY,6.49,True,44.08314,-105.75862,Wyoming,primacy,152.7,4910,4483,Sedimentary,Shale,0.0732,Very low/none,True,13.92,5.99,69,UNDER 100,98.9
VALERO REFINING CO - CALI FORNIA BENICIA REFINERY,FLIGHT,Petroleum Refining,Medium,,324110,2996794,False,540.0,>=100 MW,38.07167,-122.13975,CA,7.51,True,38.12944,-122.09535,California,federal,245.8,2437,6,Unconsolidated,Unconsolidated,0.5563,High,False,1110.75,0.24,230,220-287,98.9
Whiskey Draw-Jack Daniels Compressor Station,FLIGHT,Natural Gas Processing,High,,211111,,False,,,44.09407,-106.22972,WY,6.35,True,44.08314,-106.30775,Wyoming,primacy,150.7,4974,4860,Sedimentary,Shale,0.0857,Very low/none,True,11.22,4.82,69,UNDER 100,98.8
"EPNG Station 6711 Casa Grande, AZ",FLIGHT,Natural Gas Processing,High,,486210,,False,,,32.93962,-112.06578,AZ,1.51,True,32.92778,-112.07366,Arizona,primacy,184.7,3846,388,Unconsolidated,Unconsolidated,0.9848,Severe,False,534.88,2.5,500,500,98.7
"KH Plantation West Gas Treating Facility Coushatta, LA",FLIGHT,Natural Gas Processing,High,,211130,49560,False,8.9,1-10 MW,31.99558,-93.29861,LA,3.21,True,31.98772,-93.26582,Louisiana,primacy,166.6,4356,4649,Unconsolidated,Unconsolidated,0.332,Moderate,False,169.14,10.61,230,220-287,98.7
"EPNG Station 6312 Cornudas, TX",FLIGHT,Natural Gas Processing,High,,486210,155360,False,28.0,20-50 MW,31.7033,-105.4564,TX,11.03,True,31.7997,-105.48405,Texas,primacy,153.2,4885,111,Sedimentary,Limestone,0.2173,Moderate,False,137.14,4.58,115,100-161,98.5
GCC RIO GRANDE INC,FLIGHT,Cement,Medium,,327310,608677,False,109.7,>=100 MW,38.12906,-104.60674,CO,7.32,True,38.12944,-104.52307,Colorado,application,174.9,4201,1410,Sedimentary,Shale,0.6599,High,False,50.99,0.11,115,100-161,98.4
Chaco Gas Plant,FLIGHT,Natural Gas Processing,High,,211130,335243,False,60.4,50-100 MW,36.4838,-108.1199,NM,3.04,True,36.5,-108.09244,New Mexico,federal,157.6,4748,3445,Sedimentary,Sandstone,0.564,High,False,32.14,0.11,69,UNDER 100,98.3
Newport-Laguna Compressor Station,FLIGHT,Natural Gas Processing,High,,211111,,False,,,44.016,-105.9864,WY,7.25,True,44.02047,-105.8959,Wyoming,primacy,153.9,4860,4606,Sedimentary,Shale,0.2283,Moderate,True,8.77,14.75,69,UNDER 100,98.3
FILLMORE COMPRESSOR STATION,FLIGHT,Natural Gas Processing,High,,486210,72740,False,13.1,10-20 MW,38.86761,-112.42319,UT,5.61,True,38.88148,-112.48551,Utah,application,265.3,2466,1441,Unconsolidated,Unconsolidated,0.4316,High,False,315.78,28.57,69,UNDER 100,98.2
Carthage,FLIGHT,Natural Gas Processing,High,,211130,82001,False,14.8,10-20 MW,32.16734,-94.42422,TX,7.32,True,32.17573,-94.50137,Texas,primacy,170.1,4216,4207,Sedimentary,Shale,0.277,Moderate,False,227.87,4.38,345,345,98.1
Maund CGF-A,FLIGHT,Natural Gas Processing,High,,211111,,False,,,28.2993,-100.0038,TX,1.49,True,28.29015,-99.99271,Texas,primacy,180.4,4015,4768,Unconsolidated,Unconsolidated,0.271,Moderate,False,291.6,25.77,138,100-161,98.1
STATION #3 - LEUPP CMP STN,FLIGHT,Natural Gas Processing,High,,486210,65390,False,11.8,10-20 MW,35.3043,-110.8471,AZ,6.47,True,35.24659,-110.83811,Arizona,primacy,174.5,4197,1261,Unconsolidated,Unconsolidated,0.2093,Moderate,False,262.54,9.89,230,220-287,98.1
UVALDE COMPRESSOR STATION,FLIGHT,Natural Gas Processing,High,,211130,68506,False,12.3,10-20 MW,29.1737,-100.33155,TX,6.28,True,29.16754,-100.26728,Texas,primacy,171.4,4287,1633,Sedimentary,Limestone,0.2553,Moderate,False,197.76,13.22,138,100-161,98.1
BECKVILLE GAS PROCESSING PLANT,FLIGHT,Natural Gas Processing,High,,211130,75958,False,13.7,10-20 MW,32.23565,-94.48607,TX,6.82,True,32.17573,-94.50137,Texas,primacy,170.1,4216,4207,Sedimentary,Shale,0.277,Moderate,False,237.29,1.11,69,UNDER 100,98.0
"EPNG Station 6795 Willcox, AZ",FLIGHT,Natural Gas Processing,High,,486210,68395,False,12.3,10-20 MW,32.1088,-109.6622,AZ,7.33,True,32.11306,-109.73984,Arizona,primacy,177.9,4058,1301,Unconsolidated,Unconsolidated,0.8433,Severe,False,460.99,11.98,230,220-287,98.0
"North Shore Midstream, LLC",FLIGHT,Natural Gas Processing,High,,211111,,False,,,41.38719,-108.74324,WY,7.69,True,41.45098,-108.77886,Wyoming,primacy,154.6,4846,4390,,,0.1116,Low,True,26.01,25.75,34,UNDER 100,98.0
"KH Plantation Central Gas Treating Facility Coushatta, LA",FLIGHT,Natural Gas Processing,High,,211130,89031,False,16.0,10-20 MW,32.19407,-93.48731,LA,7.02,True,32.2384,-93.54039,Louisiana,primacy,163.0,4547,3779,Unconsolidated,Unconsolidated,0.3407,Moderate,False,180.98,7.38,-999999,NOT AVAILABLE,97.9
NGPL Interconnect,FLIGHT,Natural Gas Processing,High,,211130,27965,False,5.0,1-10 MW,31.82635,-94.49211,TX,3.09,True,31.7997,-94.50137,Texas,primacy,173.1,4155,4632,Sedimentary,Shale,0.2784,Moderate,False,198.38,0.8,138,100-161,97.9
Thunder Creek Gas Services Juniper Draw Main Compressor Station,FLIGHT,Natural Gas Processing,High,,213112,,False,,,44.20326,-106.21949,WY,7.49,True,44.14581,-106.17047,Wyoming,primacy,152.6,4907,4634,,,0.0902,Very low/none,True,19.16,7.3,69,UNDER 100,97.9
50 Buttes Gas Plant,FLIGHT,Natural Gas Processing,High,,213112,61389,False,11.1,10-20 MW,43.85274,-105.77781,WY,2.73,True,43.83246,-105.75862,Wyoming,primacy,150.0,5000,4733,Sedimentary,Shale,0.0475,Very low/none,False,30.16,8.43,34,UNDER 100,97.8
Indian Creek-Crow Compressor Station,FLIGHT,Natural Gas Processing,High,,211111,,False,,,44.1474,-106.2917,WY,7.26,True,44.08314,-106.30775,Wyoming,primacy,150.7,4974,4860,Sedimentary,Shale,0.0857,Very low/none,True,18.71,3.02,69,UNDER 100,97.8
Keatchie Gas Plant,FLIGHT,Natural Gas Processing,High,,211130,46528,False,8.4,1-10 MW,32.14439,-93.99446,LA,5.29,True,32.17573,-93.95224,Louisiana,primacy,175.2,4147,3868,Unconsolidated,Unconsolidated,0.2805,Moderate,False,210.16,5.68,-999999,UNDER 100,97.7
Gulf South Pipeline - Mira Station,FLIGHT,Natural Gas Processing,High,,486210,66701,False,12.0,10-20 MW,32.96833,-93.91786,LA,5.53,True,32.92778,-93.95224,Louisiana,primacy,164.1,4495,3605,Unconsolidated,Unconsolidated,0.2525,Moderate,False,225.09,3.03,-999999,NOT AVAILABLE,97.6
Logansport Expansion Gathering Facility,FLIGHT,Natural Gas Processing,High,,211130,59317,False,10.7,10-20 MW,32.15995,-94.01888,LA,6.51,True,32.17573,-93.95224,Louisiana,primacy,175.2,4147,3868,Unconsolidated,Unconsolidated,0.2805,Moderate,False,212.5,8.29,-999999,UNDER 100,97.6
Mont Belvieu Complex,FLIGHT,Natural Gas Processing,High,,211130,2719638,False,490.0,>=100 MW,29.85765,-94.91067,TX,172.23,False,31.23567,-94.08952,Texas,primacy,167.3,4361,4815,,,0.2174,Moderate,False,37.58,1.54,138,100-161,97.6
Mont Belvieu Fractionator,FLIGHT,Natural Gas Processing,High,,211130,1100013,False,198.2,>=100 MW,29.84306,-94.89528,TX,173.01,False,31.23567,-94.08952,Texas,primacy,167.3,4361,4815,,,0.2174,Moderate,False,35.39,0.35,138,100-161,97.6
ASH GROVE CEMENT COMPANY-DURKEE,FLIGHT,Cement,Medium,,327310,580298,False,104.6,>=100 MW,44.54232,-117.42053,OR,2.35,True,44.52184,-117.42771,Oregon,federal,202.4,3456,1,,,0.1527,Low,False,663.65,1.09,138,100-161,97.5
Del Rio Compressor Station,FLIGHT,Natural Gas Processing,High,,211130,160941,False,29.0,20-50 MW,29.80664,-100.81116,TX,14.84,True,29.85691,-100.9537,Texas,primacy,168.1,4382,4522,Sedimentary,Limestone,0.2481,Moderate,False,117.65,30.79,69,UNDER 100,97.4
Douglas Gas Plant,FLIGHT,Natural Gas Processing,High,,211130,55309,False,10.0,10-20 MW,42.79073,-105.35664,WY,2.75,True,42.76706,-105.34677,Wyoming,primacy,150.7,4976,2713,Sedimentary,Shale,0.406,High,False,104.28,11.02,138,100-161,97.4
"EPNG Station 6786 Seligman, AZ",FLIGHT,Natural Gas Processing,High,,486210,,False,,,35.2894,-112.755,AZ,4.78,True,35.24659,-112.76008,Arizona,primacy,198.1,3511,170,Igneous,Basalt,0.1642,Low,False,386.2,0.14,230,220-287,97.4
"KH Plantation South Gas Treating Facility Coushatta, LA",FLIGHT,Natural Gas Processing,High,,211130,82803,False,14.9,10-20 MW,32.19406,-93.48667,LA,7.06,True,32.2384,-93.54039,Louisiana,primacy,163.0,4547,3779,Unconsolidated,Unconsolidated,0.3407,Moderate,False,180.92,7.43,-999999,NOT AVAILABLE,97.3
"EPNG Station San Simon, AZ",FLIGHT,Natural Gas Processing,High,,486210,32653,False,5.9,1-10 MW,32.21498,-109.08065,AZ,5.06,True,32.17573,-109.05342,Arizona,primacy,177.9,4095,1155,Unconsolidated,Unconsolidated,0.3274,Moderate,False,416.91,39.0,115,100-161,97.1
Freeport LNG Pretreatment Facility,FLIGHT,Natural Gas Processing,High,,211130,520972,False,93.9,50-100 MW,28.98494,-95.30867,TX,202.72,False,29.6689,-97.24704,Texas,primacy,164.0,4489,4312,Sedimentary,Shale,0.3138,Moderate,False,52.37,3.21,138,100-161,97.1
Texas Gas Transmission - Bastrop Station,FLIGHT,Natural Gas Processing,High,,486210,69362,False,12.5,10-20 MW,32.96028,-91.85398,LA,4.95,True,32.99045,-91.89299,Louisiana,primacy,154.4,4825,2177,Unconsolidated,Unconsolidated,0.1963,Low,False,60.55,10.07,115,100-161,97.0
BEAVER CREEK GAS PLANT,FLIGHT,Natural Gas Processing,High,,211130,,False,,,42.8464,-108.313,WY,9.86,True,42.76706,-108.36701,Wyoming,primacy,161.9,4600,4804,Unconsolidated,Unconsolidated,0.1854,Low,True,0.3,0.5,69,UNDER 100,96.9
Panola Compressor Station,FLIGHT,Natural Gas Processing,High,,486210,61327,False,11.0,10-20 MW,32.20519,-94.15367,TX,7.07,True,32.2384,-94.08952,Texas,primacy,172.4,4159,4090,Sedimentary,Shale,0.2653,Moderate,False,221.42,9.26,-999999,NOT AVAILABLE,96.8
CHEVRON PRODS.CO. RICHMOND REFY,FLIGHT,Petroleum Refining,Medium,,324110,4366329,False,786.7,>=100 MW,37.93878,-122.39645,CA,7.07,True,37.87875,-122.36992,Unknown,unknown,227.8,3091,28,Other,Water,0.3456,Moderate,False,1137.47,0.67,115,100-161,96.6
"CHEVRON PRODUCTS, EL SEGUNDO REFINERY",FLIGHT,Petroleum Refining,Medium,,324110,3250629,False,585.7,>=100 MW,33.9082,-118.4085,CA,3.08,True,33.9305,-118.3887,California,federal,200.9,3488,36,Unconsolidated,Unconsolidated,0.7942,Severe,False,911.2,0.31,66,UNDER 100,96.6
Rowdy Jewell Gas Plant,FLIGHT,Natural Gas Processing,High,,211130,19702,False,3.5,1-10 MW,44.29713,-105.48866,WY,10.95,True,44.27116,-105.62134,Wyoming,primacy,155.1,4822,4089,Sedimentary,Shale,0.2095,Moderate,True,17.03,0.25,69,UNDER 100,96.6
OHL NGLP Mont Belvieu NGL Fractionation and Storage Complex,FLIGHT,Natural Gas Processing,High,,211130,432621,False,77.9,50-100 MW,29.8611,-94.89266,TX,171.1,False,31.23567,-94.08952,Texas,primacy,167.3,4361,4815,,,0.2174,Moderate,False,36.81,2.33,138,100-161,96.5
Perla-Duke Compressor Station,FLIGHT,Natural Gas Processing,High,,211111,,False,,,43.935,-106.0688,WY,9.27,True,43.89513,-106.17047,Wyoming,primacy,154.9,4824,4906,Sedimentary,Shale,0.0951,Very low/none,True,6.29,20.91,69,UNDER 100,96.5
"GCX Devils River Compressor Station, TX",FLIGHT,Natural Gas Processing,High,,486210,150810,False,27.2,20-50 MW,29.82831,-100.80222,TX,14.95,True,29.85691,-100.9537,Texas,primacy,168.1,4382,4522,Sedimentary,Limestone,0.2481,Moderate,False,117.1,33.22,69,UNDER 100,96.4
Malibu-Surfer Compressor Station,FLIGHT,Natural Gas Processing,High,,211111,,False,,,44.13109,-106.00247,WY,8.66,True,44.14581,-105.8959,Wyoming,primacy,150.6,4979,4460,Sedimentary,Shale,0.0732,Very low/none,True,1.5,2.19,69,UNDER 100,96.4
San Martin Gas Plant,FLIGHT,Natural Gas Processing,High,,211130,84102,False,15.2,10-20 MW,29.21229,-98.40713,TX,7.59,True,29.23021,-98.48259,Texas,primacy,159.6,4638,2197,,,0.3994,Moderate,False,180.71,3.66,138,100-161,96.4
"NGPL Station 388 Storage, Longview, TX",FLIGHT,Natural Gas Processing,High,,486210,12372,False,2.2,1-10 MW,32.60055,-94.66629,TX,3.01,True,32.61442,-94.63866,Texas,primacy,171.4,4199,4061,Unconsolidated,Unconsolidated,0.2717,Moderate,False,281.11,0.93,69,UNDER 100,96.3
APPLEBY TREATER,FLIGHT,Natural Gas Processing,High,,211130,52032,False,9.4,1-10 MW,31.6912,-94.5833,TX,7.31,True,31.73703,-94.63866,Texas,primacy,175.3,4193,4941,Sedimentary,Sandstone,0.1982,Low,False,187.84,2.22,138,100-161,96.2
"Delek Refining, Ltd",FLIGHT,Petroleum Refining,Medium,,324110,440271,False,79.3,50-100 MW,32.36264,-95.28018,TX,22.7,True,32.42641,-95.05051,Texas,primacy,165.2,4437,4998,Sedimentary,Shale,0.2052,Moderate,False,284.04,3.22,69,UNDER 100,96.2
HENDERSON GAS PLANT,FLIGHT,Natural Gas Processing,High,,211130,80178,False,14.4,10-20 MW,32.15889,-94.87806,TX,9.79,True,32.17573,-94.77594,Texas,primacy,175.2,4062,4851,Sedimentary,Sandstone,0.1916,Low,False,246.65,4.81,345,345,96.2
"KH East Holly Gas Treating Facility Gloster,LA",FLIGHT,Natural Gas Processing,High,,211130,54529,False,9.8,1-10 MW,32.17222,-93.77705,LA,7.48,True,32.11306,-93.81496,Louisiana,primacy,175.2,4117,3845,Unconsolidated,Unconsolidated,0.2624,Moderate,False,207.12,3.62,345,345,96.2
Big Tony Compressor Station,FLIGHT,Natural Gas Processing,High,,486210,,False,,,32.16056,-94.23556,TX,1.88,True,32.17573,-94.22681,Texas,primacy,170.1,4260,4043,Unconsolidated,Unconsolidated,0.2342,Moderate,False,219.67,2.78,-999999,NOT AVAILABLE,96.1
LONGVIEW GAS PLANT,FLIGHT,Natural Gas Processing,High,,211130,65764,False,11.8,10-20 MW,32.41056,-94.70167,TX,7.19,True,32.42641,-94.77594,Texas,primacy,165.7,4382,4638,Sedimentary,Sandstone,0.2368,Moderate,False,264.07,0.84,69,UNDER 100,96.1
TRUNKLINE GAS CO - EPPS,FLIGHT,Natural Gas Processing,High,,486210,28481,False,5.1,1-10 MW,32.61825,-91.57625,LA,11.58,True,32.55175,-91.48114,Louisiana,primacy,151.1,4957,3824,Unconsolidated,Unconsolidated,0.5807,High,True,17.19,13.65,115,100-161,96.1
North Appleby Compressor Station,FLIGHT,Natural Gas Processing,High,,486210,,False,,,31.80517,-94.52656,TX,2.46,True,31.7997,-94.50137,Texas,primacy,173.1,4155,4632,Sedimentary,Shale,0.2784,Moderate,False,197.63,0.83,138,100-161,96.0
GEORGE GRAY PLANT,FLIGHT,Natural Gas Processing,High,,211130,,False,,,32.2433,-94.3427,TX,2.08,True,32.2384,-94.36409,Texas,primacy,169.6,4367,4028,,,0.2359,Moderate,False,232.15,3.68,138,100-161,95.9
XTO - BOA GAS TREATING PLANT,FLIGHT,Natural Gas Processing,High,,211111,,False,,,31.28757,-96.4105,TX,1.71,True,31.29834,-96.42334,Texas,primacy,167.2,4332,4414,Sedimentary,Shale,0.2546,Moderate,False,215.67,5.03,345,345,95.9
Sanderson Gas Plant,FLIGHT,Natural Gas Processing,High,,486210,67294,False,12.1,10-20 MW,48.12937,-104.04052,ND,5.8,True,48.15673,-103.97393,North Dakota,primacy,153.4,4852,4435,Sedimentary,Shale,0.2538,Moderate,False,85.44,11.32,115,100-161,95.8
West Frenchie Draw Amine Plant,FLIGHT,Natural Gas Processing,High,,211130,29379,False,5.3,1-10 MW,43.28726,-107.62153,WY,13.43,True,43.39377,-107.5433,Wyoming,primacy,160.5,4664,58,Sedimentary,Shale,0.0858,Very low/none,True,1.67,0.53,115,100-161,95.8
AIR PRODUCTS AND CHEMICALS INC - GARYVILLE,FLIGHT,Industrial Gas,High,,325120,987351,False,177.9,>=100 MW,30.09959,-90.64885,LA,268.11,False,32.36374,-91.61842,Louisiana,primacy,154.4,4827,4846,Unconsolidated,Unconsolidated,0.493,High,False,30.87,2.92,-999999,220-287,95.7
"EPNG Station 6701 Tom Mix, AZ",FLIGHT,Natural Gas Processing,High,,486210,33750,False,6.1,1-10 MW,32.66326,-111.03593,AZ,5.87,True,32.67709,-110.97539,Arizona,primacy,173.7,4241,1046,Sedimentary,Conglomerate,0.331,Moderate,False,489.39,6.57,500,500,95.7
Faith San Pedro Compressor Station,FLIGHT,Natural Gas Processing,High,,211111,,False,,,28.26395,-100.02196,TX,4.09,True,28.29015,-99.99271,Texas,primacy,180.4,4015,4768,Unconsolidated,Unconsolidated,0.271,Moderate,False,293.68,29.5,138,100-161,95.5
HF Sinclair Puget Sound Refining LLC,FLIGHT,Petroleum Refining,Medium,,324110,1900999,False,342.5,>=100 MW,48.47284,-122.56019,WA,3.92,True,48.47009,-122.5072,Unknown,unknown,199.6,3657,18,Other,Water,0.1203,Low,False,1219.19,0.36,69,UNDER 100,95.5
Zider,FLIGHT,Natural Gas Processing,High,,486210,17139,False,3.1,1-10 MW,31.7954,-94.17905,TX,4.54,True,31.7997,-94.22681,Texas,primacy,173.1,4188,4098,Sedimentary,Shale,0.2172,Moderate,False,180.53,1.13,138,100-161,95.5
BRIDGEPORT GAS PROCESSING PLANT,FLIGHT,Natural Gas Processing,High,,211130,536932,False,96.7,50-100 MW,33.19566,-97.8037,TX,43.73,True,32.80243,-97.79618,Texas,primacy,152.7,4881,2667,Sedimentary,Sandstone,0.2995,Moderate,False,138.28,0.88,138,100-161,95.4
"EPNG Station 6715 Dilkon, AZ",FLIGHT,Natural Gas Processing,High,,486210,47304,False,8.5,1-10 MW,35.3966,-110.3353,AZ,5.02,True,35.37193,-110.28897,Arizona,primacy,157.6,4735,1410,Sedimentary,Conglomerate,0.1472,Low,False,230.6,41.38,230,220-287,95.4
Northern Border Pipeline Glen Ullin CS#6,FLIGHT,Natural Gas Processing,High,,486210,106376,False,19.2,10-20 MW,46.821,-101.75827,ND,9.27,True,46.90332,-101.7774,North Dakota,primacy,150.7,4973,3520,Sedimentary,Shale,0.2269,Moderate,False,59.88,5.76,-999999,UNDER 100,95.4
AVINGER GAS PLANT,FLIGHT,Natural Gas Processing,High,,211130,27656,False,5.0,1-10 MW,32.87258,-94.58407,TX,5.17,True,32.8651,-94.63866,Texas,primacy,169.8,4287,4377,Sedimentary,Shale,0.3412,Moderate,False,284.12,2.03,46,UNDER 100,95.3
BPE GPRP Grasslands Gas Plant,FLIGHT,Natural Gas Processing,High,,211130,64590,False,11.6,10-20 MW,47.59043,-104.0005,ND,7.01,True,47.53003,-103.97393,North Dakota,primacy,159.9,4532,4268,Sedimentary,Shale,0.2328,Moderate,False,85.01,0.51,69,UNDER 100,95.3
Decordova Compressor Station,FLIGHT,Natural Gas Processing,High,,486210,67736,False,12.2,10-20 MW,32.33175,-97.7433,TX,6.03,True,32.30107,-97.79618,Texas,primacy,151.5,4935,2639,Sedimentary,Limestone,0.8631,Severe,False,231.76,1.13,138,100-161,95.3
Gulf South Pipeline - Hall Summit Station,FLIGHT,Natural Gas Processing,High,,486210,125001,False,22.5,20-50 MW,32.34878,-93.2824,LA,12.37,True,32.2384,-93.26582,Louisiana,primacy,159.2,4658,4920,Unconsolidated,Unconsolidated,0.2786,Moderate,False,159.6,4.83,-999999,NOT AVAILABLE,95.3
ULTRAMAR INC WILMINGTON REFINERY,FLIGHT,Petroleum Refining,Medium,,324110,1106673,False,199.4,>=100 MW,33.7783,-118.2351,CA,4.26,True,33.74249,-118.25142,California,federal,200.7,3506,24,Other,Water,0.6722,High,False,903.61,0.62,66,UNDER 100,95.3
GRAYMONT WESTERN US INC PILOT PEAK,FLIGHT,Lime,Medium,,327410,504922,False,91.0,50-100 MW,40.82126,-114.2502,NV,1.72,True,40.82427,-114.27019,Nevada,federal,182.9,3910,1434,Unconsolidated,Unconsolidated,0.1635,Low,False,367.97,68.04,138,100-161,95.2
Lhoist North America APEX PLANT,FLIGHT,Lime,Medium,,327410,585504,False,105.5,>=100 MW,36.204,-115.12963,NV,3.74,True,36.18665,-115.0939,Nevada,federal,196.3,3845,542,Unconsolidated,Unconsolidated,0.895,Severe,False,540.59,0.54,138,100-161,95.2
SAN JUAN GAS PLANT,FLIGHT,Natural Gas Processing,High,,211130,233829,False,42.1,20-50 MW,36.73283,-107.97689,NM,9.16,True,36.81335,-107.95515,New Mexico,federal,172.2,4314,3923,Sedimentary,Sandstone,0.1628,Low,True,8.96,1.42,69,UNDER 100,95.2
PINAL ENERGY,FLIGHT,Ethanol,High,,325193,,False,,,33.01552,-111.9826,AZ,5.13,True,32.99045,-111.93638,Arizona,primacy,184.1,3857,370,Unconsolidated,Unconsolidated,0.7894,Severe,False,523.49,0.9,115,100-161,95.0
SINCLAIR CASPER REFINING COMPANY,FLIGHT,Petroleum Refining,Medium,,324110,264698,False,47.7,20-50 MW,42.8605,-106.2425,WY,6.33,True,42.82973,-106.30775,Wyoming,primacy,153.1,4895,2551,Sedimentary,Shale,0.1681,Low,False,47.44,0.45,69,UNDER 100,95.0
"WIC Station 7950 Douglas, WY",FLIGHT,Natural Gas Processing,High,,486210,24921,False,4.5,1-10 MW,42.78745,-105.61396,WY,2.35,True,42.76706,-105.62134,Wyoming,primacy,150.7,4975,787,Sedimentary,Shale,0.169,Low,False,90.35,0.79,138,100-161,95.0
Gulf South Pipeline - Bistineau Station,FLIGHT,Natural Gas Processing,High,,486210,61187,False,11.0,10-20 MW,32.37934,-93.35852,LA,6.7,True,32.42641,-93.40311,Louisiana,primacy,157.3,4726,4632,Unconsolidated,Unconsolidated,0.1732,Low,False,166.47,9.0,-999999,NOT AVAILABLE,94.9
Marlin Compressor Stations,FLIGHT,Natural Gas Processing,High,,211112,,False,,,32.1861,-94.2575,TX,3.11,True,32.17573,-94.22681,Texas,primacy,170.1,4260,4043,Unconsolidated,Unconsolidated,0.2342,Moderate,False,223.09,3.48,69,UNDER 100,94.9
"PHP Lockhart Compressor Station, TX",FLIGHT,Natural Gas Processing,High,,486210,37575,False,6.8,1-10 MW,29.89705,-97.75363,TX,4.81,True,29.91959,-97.79618,Texas,primacy,158.9,4653,1284,Unconsolidated,Unconsolidated,0.4683,High,False,164.09,3.2,69,UNDER 100,94.9
"EPNG Station 6335 Hueco, TX",FLIGHT,Natural Gas Processing,High,,486210,61725,False,11.1,10-20 MW,31.6839,-105.94896,TX,7.75,True,31.73703,-105.8959,Texas,primacy,163.4,4523,1028,Sedimentary,Shale,0.2344,Moderate,False,183.44,7.97,115,100-161,94.8
Elk Basin Gas Plant,FLIGHT,Natural Gas Processing,High,,211130,74650,False,13.5,10-20 MW,44.8667,-108.81493,WY,8.69,True,44.89786,-108.91614,Wyoming,primacy,161.7,4611,4358,Sedimentary,Sandstone,0.1365,Low,False,200.94,10.17,69,UNDER 100,94.8
Hall Summit Compressor Station,FLIGHT,Natural Gas Processing,High,,486210,,False,,,32.25269,-93.26664,LA,1.59,True,32.2384,-93.26582,Louisiana,primacy,159.2,4658,4920,Unconsolidated,Unconsolidated,0.2786,Moderate,False,159.44,2.09,-999999,NOT AVAILABLE,94.8
Newcastle Gas Plant,FLIGHT,Natural Gas Processing,High,,211111,,False,,,43.63751,-104.54032,WY,1.59,True,43.64445,-104.52307,Wyoming,primacy,159.3,4679,2825,Sedimentary,Sandstone,0.0909,Very low/none,False,121.59,18.74,69,UNDER 100,94.8
BENEDUM GAS PLANT,FLIGHT,Natural Gas Processing,High,,211130,327068,False,58.9,50-100 MW,31.36209,-101.77962,TX,87.8,False,30.60896,-101.50283,Texas,primacy,151.5,4939,3464,,,0.2688,Moderate,True,25.89,13.11,69,UNDER 100,94.7
TESORO CORPORATION-ANACORTES REFINERY,FLIGHT,Petroleum Refining,Medium,,324110,1202267,False,216.6,>=100 MW,48.48953,-122.56429,WA,4.73,True,48.47009,-122.5072,Unknown,unknown,199.6,3657,18,Other,Water,0.1203,Low,False,1220.43,0.73,115,100-161,94.7
XTO - Mitchell Station,FLIGHT,Natural Gas Processing,High,,211111,,False,,,31.1858,-96.4629,TX,4.02,True,31.173,-96.42334,Texas,primacy,174.9,4119,4976,Unconsolidated,Unconsolidated,0.6963,High,False,206.83,0.77,345,345,94.7
CANNISNIA CMP STN,FLIGHT,Natural Gas Processing,High,,486210,,False,,,32.2173,-93.5408,LA,2.35,True,32.2384,-93.54039,Louisiana,primacy,163.0,4547,3779,Unconsolidated,Unconsolidated,0.3407,Moderate,False,185.52,6.14,-999999,NOT AVAILABLE,94.6
EAST LAKE TREATING FACILITY,FLIGHT,Natural Gas Processing,High,,211120,39102,False,7.0,1-10 MW,32.39528,-93.36528,LA,4.96,True,32.42641,-93.40311,Louisiana,primacy,157.3,4726,4632,Unconsolidated,Unconsolidated,0.1732,Low,False,167.0,8.72,-999999,NOT AVAILABLE,94.6
"EPNG Station 6702 Cimarron, AZ",FLIGHT,Natural Gas Processing,High,,486210,38390,False,6.9,1-10 MW,32.32407,-109.79102,AZ,6.53,True,32.36374,-109.73984,Arizona,primacy,167.8,4354,1284,Sedimentary,Conglomerate,0.8312,Severe,False,447.66,1.92,53,UNDER 100,94.6
Haynesville Gathering-230-Arkla Basin,FLIGHT,Natural Gas Processing,High,,211130,,False,,,32.24378,-93.28333,LA,1.75,True,32.2384,-93.26582,Louisiana,primacy,159.2,4658,4920,Unconsolidated,Unconsolidated,0.2786,Moderate,False,161.14,1.05,-999999,NOT AVAILABLE,94.6
Preakness Gas Plant,FLIGHT,Natural Gas Processing,High,,211130,65927,False,11.9,10-20 MW,31.04345,-104.82656,TX,7.06,True,30.98499,-104.79763,Texas,primacy,154.9,4823,125,Unconsolidated,Unconsolidated,0.1951,Low,False,123.7,1.49,33,UNDER 100,94.6
South Carthage,FLIGHT,Natural Gas Processing,High,,486210,,False,,,32.08722,-94.38667,TX,3.57,True,32.11306,-94.36409,Texas,primacy,170.9,4330,4060,Sedimentary,Shale,0.2368,Moderate,False,218.33,6.49,138,100-161,94.6
Los Angeles Refinery (LAR),FLIGHT,Petroleum Refining,Medium,,324110,6118906,False,1102.5,>=100 MW,33.82431,-118.23237,CA,5.15,True,33.86783,-118.25142,California,federal,200.7,3466,16,Unconsolidated,Unconsolidated,0.6491,High,False,901.0,0.33,66,UNDER 100,94.5
Marathon El Paso Refinery,FLIGHT,Petroleum Refining,Medium,,324110,808813,False,145.7,>=100 MW,31.76945,-106.41426,TX,4.63,True,31.73703,-106.44504,Unknown,unknown,197.6,3554,2128,,,0.3159,Moderate,False,226.01,0.6,115,100-161,94.5
Petro-Hunt L.L.C.,FLIGHT,Natural Gas Processing,High,,211130,30338,False,5.5,1-10 MW,47.2975,-103.0975,ND,4.46,True,47.27935,-103.15023,North Dakota,primacy,158.3,4562,4584,Sedimentary,Shale,0.1809,Low,False,30.18,0.18,-999999,UNDER 100,94.5
Phillips 66 Los Angeles Refinery - Wilmington Plant,FLIGHT,Petroleum Refining,Medium,,324110,1825648,False,328.9,>=100 MW,33.77447,-118.2907,CA,5.08,True,33.74249,-118.25142,California,federal,200.7,3506,24,Other,Water,0.6722,High,False,908.35,2.43,138,100-161,94.5
Pinedale Complex,FLIGHT,Natural Gas Processing,High,,211111,,False,,,42.63875,-109.47351,WY,0.75,True,42.64172,-109.46527,Wyoming,primacy,150.1,4998,0,Unconsolidated,Unconsolidated,0.1415,Low,False,83.41,30.1,230,220-287,94.3
Tenaha Plant,FLIGHT,Natural Gas Processing,High,,486210,28643,False,5.2,1-10 MW,31.96265,-94.2751,TX,6.18,True,31.92505,-94.22681,Texas,primacy,169.0,4306,4079,Sedimentary,Shale,0.2509,Moderate,False,201.22,4.0,138,100-161,94.3
Lamar Compressor Station,FLIGHT,Natural Gas Processing,High,,486210,99913,False,18.0,10-20 MW,33.53959,-95.51974,TX,10.13,True,33.61715,-95.46236,Texas,primacy,152.1,4924,1161,Sedimentary,Shale,0.1939,Low,False,217.6,3.71,345,345,94.2
Linde Inc.,FLIGHT,Industrial Gas,High,,325120,172966,False,31.2,20-50 MW,40.82147,-111.92162,UT,6.77,True,40.7616,-111.93638,Utah,application,186.1,3848,1414,Unconsolidated,Unconsolidated,0.2817,Moderate,False,194.53,0.1,46,UNDER 100,94.2
Atmos Energy Corporation - APT Howard,FLIGHT,Natural Gas Processing,High,,486210,66469,False,12.0,10-20 MW,32.92548,-96.81613,TX,6.95,True,32.8651,-96.83519,Texas,primacy,150.3,4988,739,Unknown,Sedimentary,0.2411,Moderate,False,183.14,4.12,138,100-161,94.1
"EOG Resources, Inc- T.R. Marshall Hub",FLIGHT,Natural Gas Processing,High,,211130,40862,False,7.4,1-10 MW,29.62494,-98.42939,TX,5.55,True,29.60623,-98.48259,Texas,primacy,156.1,4764,608,Sedimentary,Limestone,0.2401,Moderate,False,199.21,2.87,345,345,94.1
PHILLIPS 66 FERNDALE REFINERY,FLIGHT,Petroleum Refining,Medium,,324110,902436,False,162.6,>=100 MW,48.83014,-122.69211,WA,6.26,True,48.78344,-122.64449,Washington,federal,205.6,3542,64,,,0.1094,Low,False,1248.87,0.36,115,100-161,94.1
"BARGATH, INC.- PARACHUTE",FLIGHT,Natural Gas Processing,High,,211130,215169,False,38.8,20-50 MW,39.4873,-108.11136,CO,11.73,True,39.38285,-108.09244,Colorado,application,192.4,3803,3596,Sedimentary,Shale,0.1241,Low,False,94.62,6.0,69,UNDER 100,94.0
Blue Mountain Midstream - Rothermel Compressor,FLIGHT,Natural Gas Processing,High,,211111,,False,,,31.4593,-96.4383,TX,4.21,True,31.42368,-96.42334,Texas,primacy,171.1,4216,3983,Unconsolidated,Unconsolidated,0.2683,Moderate,False,234.6,7.04,138,100-161,94.0
CARTHAGE CMP STN,FLIGHT,Natural Gas Processing,High,,486210,8989,False,1.6,1-10 MW,32.15256,-94.33908,TX,4.98,True,32.11306,-94.36409,Texas,primacy,170.9,4330,4060,Sedimentary,Shale,0.2368,Moderate,False,222.85,3.21,69,UNDER 100,94.0
CHAPARRAL STEEL MIDLOTHIAN PLANT,FLIGHT,Iron & Steel,Medium,,331110,272961,False,49.2,20-50 MW,32.45825,-97.03661,TX,7.67,True,32.48908,-97.10976,Texas,primacy,150.2,4991,615,Sedimentary,Shale,0.3985,Moderate,False,225.86,1.25,138,100-161,94.0
SGP Sierrita Compressor Station,FLIGHT,Natural Gas Processing,High,,486210,270,False,0.0,<1 MW,32.27585,-111.01068,AZ,4.34,True,32.30107,-110.97539,Arizona,primacy,172.6,4165,723,Unconsolidated,Unconsolidated,0.5803,High,False,521.9,0.98,115,100-161,94.0
SOUTHWEST OZONA GAS PLANT,FLIGHT,Natural Gas Processing,High,,211130,46828,False,8.4,1-10 MW,30.4462,-101.4674,TX,5.37,True,30.48362,-101.50283,Texas,primacy,151.4,4943,3980,Sedimentary,Limestone,0.2625,Moderate,False,36.86,13.7,69,UNDER 100,94.0
STATION #1 - KINGMAN CMP STN,FLIGHT,Natural Gas Processing,High,,486210,,False,,,35.19802,-113.3634,AZ,7.31,True,35.24659,-113.30921,Arizona,primacy,191.8,3192,14,Sedimentary,Sandstone,0.1829,Low,False,437.62,0.61,230,220-287,94.0
TRINIDAD GAS PROCESSING PLANT,FLIGHT,Natural Gas Processing,High,,211130,65803,False,11.9,10-20 MW,32.12746,-96.08515,TX,8.04,True,32.17573,-96.14878,Texas,primacy,156.3,4754,3908,Unconsolidated,Unconsolidated,0.2619,Moderate,False,293.16,1.0,345,345,93.9
Wiggins Facility,FLIGHT,Natural Gas Processing,High,,486210,56813,False,10.2,10-20 MW,32.23,-93.3453,LA,7.53,True,32.2384,-93.26582,Louisiana,primacy,159.2,4658,4920,Unconsolidated,Unconsolidated,0.2786,Moderate,False,167.14,4.33,-999999,NOT AVAILABLE,93.9
Gulf South Pipeline - Magasco Station,FLIGHT,Natural Gas Processing,High,,486210,15984,False,2.9,1-10 MW,31.25624,-93.97217,TX,5.05,True,31.29834,-93.95224,Texas,primacy,166.0,4432,4448,Sedimentary,Shale,0.2854,Moderate,False,118.45,1.85,138,100-161,93.8
"NGPL Station 394 Atlanta, TX",FLIGHT,Natural Gas Processing,High,,486210,30616,False,5.5,1-10 MW,33.07473,-94.16314,TX,6.4,True,33.05312,-94.22681,Texas,primacy,166.2,4420,3688,,,0.2632,Moderate,False,250.18,1.66,69,UNDER 100,93.8
PRAIRIE LEA CMP STN,FLIGHT,Natural Gas Processing,High,,486210,57905,False,10.4,10-20 MW,29.73133,-97.75423,TX,8.04,True,29.6689,-97.79618,Texas,primacy,160.8,4586,1819,Sedimentary,Shale,0.1982,Low,False,152.1,2.99,69,UNDER 100,93.8
LINDE TEXAS CITY,FLIGHT,Industrial Gas,High,,325120,290455,False,52.3,50-100 MW,29.37815,-94.90251,TX,220.8,False,31.23567,-94.08952,Texas,primacy,167.3,4361,4815,,,0.2174,Moderate,True,10.7,0.17,138,100-161,93.7
"MEP Station 3 Perryville, LA",FLIGHT,Natural Gas Processing,High,,486210,66273,False,11.9,10-20 MW,32.73211,-92.24888,LA,7.65,True,32.73976,-92.16756,Louisiana,primacy,152.9,4878,3716,Unconsolidated,Unconsolidated,0.2131,Moderate,False,68.74,8.0,115,100-161,93.7
North Louisiana Gas Plant,FLIGHT,Natural Gas Processing,High,,211130,20445,False,3.7,1-10 MW,32.2344,-93.68182,LA,6.54,True,32.17573,-93.67767,Louisiana,primacy,172.7,4260,3691,,,0.257,Moderate,False,198.36,2.41,-999999,NOT AVAILABLE,93.7
O'Connor Gas Plant,FLIGHT,Natural Gas Processing,High,,211130,193642,False,34.9,20-50 MW,40.35221,-104.58777,CO,6.62,True,40.38558,-104.52307,Colorado,application,169.0,4257,3287,,,0.328,Moderate,False,292.89,2.69,115,100-161,93.7
BPE GPRP Stateline,FLIGHT,Natural Gas Processing,High,,211130,65314,False,11.8,10-20 MW,48.22687,-103.94446,ND,8.03,True,48.2194,-103.83665,North Dakota,primacy,153.6,4842,4477,Sedimentary,Shale,0.215,Moderate,False,78.32,0.65,115,100-161,93.4
LHOIST NORTH AMERICA - MARBLE FALLS PLANT,FLIGHT,Lime,Medium,,327410,376224,False,67.8,50-100 MW,30.6479,-98.2536,TX,17.69,True,30.67163,-98.07074,Texas,primacy,151.4,4943,1494,,,0.2407,Moderate,False,257.21,0.53,138,100-161,93.4
EPNG Station 6210 Bondad,FLIGHT,Natural Gas Processing,High,,486210,48644,False,8.8,1-10 MW,37.09634,-107.76938,CO,5.47,True,37.12671,-107.81787,Colorado,application,178.8,4125,3777,Sedimentary,Shale,0.2725,Moderate,True,28.33,3.96,115,100-161,93.3
"EPNG Station 6741 Alamo Lake, AZ",FLIGHT,Natural Gas Processing,High,,486210,13218,False,2.4,1-10 MW,34.07,-113.6103,AZ,5.92,True,34.11852,-113.58378,Arizona,primacy,170.4,4271,608,,,0.1141,Low,False,532.88,15.66,230,220-287,93.3
Dubach Cryogenic Plant,FLIGHT,Natural Gas Processing,High,,211130,23766,False,4.3,1-10 MW,32.69074,-92.6597,LA,7.67,True,32.67709,-92.57941,Louisiana,primacy,174.5,4246,4624,Unconsolidated,Unconsolidated,0.1898,Low,False,103.56,13.0,115,100-161,93.2
Jackson County Gas Plant,FLIGHT,Natural Gas Processing,High,,486210,280978,False,50.6,50-100 MW,29.10769,-96.5409,TX,91.72,False,29.48089,-97.38433,Texas,primacy,169.4,4310,4657,,,0.1831,Low,True,19.33,0.47,69,UNDER 100,93.2
Belfield Gas Plant,FLIGHT,Natural Gas Processing,High,,211130,25777,False,4.6,1-10 MW,46.86071,-103.215,ND,5.95,True,46.84065,-103.28752,North Dakota,primacy,161.7,4406,4099,Sedimentary,Shale,0.2397,Moderate,False,72.98,0.7,-999999,UNDER 100,93.1
Oakhill Compressor Station,FLIGHT,Natural Gas Processing,High,,211111,,False,,,32.37964,-94.5947,TX,4.49,True,32.36374,-94.63866,Texas,primacy,167.3,4306,4139,,,0.229,Moderate,False,256.22,2.29,-999999,NOT AVAILABLE,93.1
"P4 Production, LLC",FLIGHT,Petroleum Refining,Medium,,324199,154570,False,27.9,20-50 MW,41.58232,-109.25451,WY,8.24,True,41.63899,-109.19071,Wyoming,primacy,152.4,4916,3377,Sedimentary,Sandstone,0.2054,Moderate,True,9.54,1.43,230,220-287,93.1
Carthage East Gas Plant,FLIGHT,Natural Gas Processing,High,,211130,4867,False,0.9,<1 MW,32.14807,-94.27436,TX,5.43,True,32.17573,-94.22681,Texas,primacy,170.1,4260,4043,Unconsolidated,Unconsolidated,0.2342,Moderate,False,219.85,1.24,-999999,NOT AVAILABLE,93.0
Phillips 66 Los Angeles Refinery - Carson Plant,FLIGHT,Petroleum Refining,Medium,,324110,948505,False,170.9,>=100 MW,33.80833,-118.24583,CA,6.64,True,33.86783,-118.25142,California,federal,200.7,3466,16,Unconsolidated,Unconsolidated,0.6491,High,False,902.93,0.19,66,UNDER 100,93.0
"EOG Resources, Inc. Ezell Compressor Station",FLIGHT,Natural Gas Processing,High,,211111,,False,,,32.44994,-97.2615,TX,2.95,True,32.42641,-97.24704,Texas,primacy,155.8,4754,3754,Sedimentary,Shale,0.195,Low,False,222.69,1.35,138,100-161,92.9
Medicine Bow Treating Facility,FLIGHT,Natural Gas Processing,High,,211130,,False,,,42.78725,-105.61903,WY,2.25,True,42.76706,-105.62134,Wyoming,primacy,150.7,4975,787,Sedimentary,Shale,0.169,Low,False,90.11,0.92,138,100-161,92.9
CREEDENCE CMP STN,FLIGHT,Natural Gas Processing,High,,486210,,False,,,32.1663,-93.8223,LA,5.96,True,32.11306,-93.81496,Louisiana,primacy,175.2,4117,3845,Unconsolidated,Unconsolidated,0.2624,Moderate,False,207.74,6.93,345,345,92.8
Casper Gas Plant,FLIGHT,Natural Gas Processing,High,,211130,33133,False,6.0,1-10 MW,42.85426,-106.39022,WY,6.16,True,42.8924,-106.44504,Wyoming,primacy,156.3,4774,1821,Sedimentary,Shale,0.4806,High,False,39.46,1.37,115,100-161,92.8
NEVADA CEMENT COMPANY,FLIGHT,Cement,Medium,,327310,385165,False,69.4,50-100 MW,39.62,-119.2628,NV,6.96,True,39.57086,-119.2124,Nevada,federal,237.0,2974,1256,Unconsolidated,Unconsolidated,0.2168,Moderate,False,813.34,0.6,120,100-161,92.8
Spring Brook Gas Plant,FLIGHT,Natural Gas Processing,High,,211130,70701,False,12.7,10-20 MW,48.22912,-103.51884,ND,9.12,True,48.28208,-103.4248,North Dakota,primacy,153.7,4812,4662,Sedimentary,Shale,0.2307,Moderate,False,46.79,3.46,115,100-161,92.8
GIDDINGS GAS PLANT,FLIGHT,Natural Gas Processing,High,,211130,117233,False,21.1,20-50 MW,30.0383,-96.9872,TX,13.35,True,29.98226,-97.10976,Texas,primacy,153.2,4864,3824,,,0.4857,High,False,128.82,0.17,138,100-161,92.7
Aera Energy Anderson Fitzgerald,FLIGHT,Natural Gas Processing,High,,211120,234803,False,42.3,20-50 MW,35.29988,-119.7426,CA,2.01,True,35.30926,-119.76153,California,federal,172.9,4214,1178,Sedimentary,Sandstone,0.6933,High,False,968.62,3.17,500,500,92.6
"Copano Energy Houston Central Plant, TX",FLIGHT,Natural Gas Processing,High,,211130,394026,False,71.0,50-100 MW,29.6331,-96.71942,TX,51.14,False,29.6689,-97.24704,Texas,primacy,164.0,4489,4312,Sedimentary,Shale,0.3138,Moderate,False,76.92,6.05,138,100-161,92.6
Dyno Nobel,FLIGHT,Ammonia/Fertilizer,High,,325311,190239,False,34.3,20-50 MW,45.91116,-122.82423,OR,6.66,True,45.96326,-122.78177,Washington,federal,230.6,3328,260,Igneous,Basalt,0.2329,Moderate,False,1113.08,4.58,115,100-161,92.6
KERN RIVER GAS TRANSMISSION COMPANY: MILFORD COMPRESSOR STATION,FLIGHT,Natural Gas Processing,High,,486210,29455,False,5.3,1-10 MW,38.21414,-112.92356,UT,3.35,True,38.19211,-112.89736,Utah,application,238.4,2672,1660,Igneous,Volcanic,0.4869,High,False,343.51,0.64,230,220-287,92.6
North Baja Ehrenberg CS,FLIGHT,Natural Gas Processing,High,,486210,46840,False,8.4,1-10 MW,33.59632,-114.5297,AZ,11.55,True,33.61715,-114.40748,Arizona,primacy,183.1,3716,234,,,0.9762,Severe,False,631.13,2.59,33,UNDER 100,92.6
Real Compressor Station,FLIGHT,Natural Gas Processing,High,,486210,31844,False,5.7,1-10 MW,30.0295,-99.8354,TX,5.6,True,29.98226,-99.85543,Texas,primacy,152.3,4909,2581,Sedimentary,Limestone,0.1378,Low,False,196.69,26.15,69,UNDER 100,92.6
Minden Gas Processing Plant,FLIGHT,Natural Gas Processing,High,,211130,,False,,,32.78118,-93.25657,LA,4.69,True,32.73976,-93.26582,Louisiana,primacy,164.3,4485,4988,Unconsolidated,Unconsolidated,0.2482,Moderate,False,160.22,11.86,-999999,NOT AVAILABLE,92.5
MountainWest Pipeline - Blind Canyon Station (Tran),FLIGHT,Natural Gas Processing,High,,486210,33681,False,6.1,1-10 MW,40.5682,-109.3322,UT,0.7,True,40.57359,-109.32799,Utah,application,150.7,4974,2077,Sedimentary,Shale,0.3042,Moderate,True,0.05,11.64,138,100-161,92.5
TORRANCE REFINING COMPANY LLC,FLIGHT,Petroleum Refining,Medium,,324110,1204549,False,217.0,>=100 MW,33.85828,-118.3369,CA,7.6,True,33.80516,-118.3887,California,federal,204.1,3489,23,Sedimentary,Sandstone,0.399,Moderate,False,907.83,0.39,66,UNDER 100,92.5
"EPNG Station 6755 Navajo, AZ",FLIGHT,Natural Gas Processing,High,,486210,38482,False,6.9,1-10 MW,35.5551,-109.7277,AZ,6.52,True,35.49727,-109.73984,Arizona,primacy,152.8,4900,1110,Sedimentary,Conglomerate,0.1662,Low,False,193.05,62.54,69,UNDER 100,92.4
BIG WEST OIL LLC,FLIGHT,Petroleum Refining,Medium,,324110,323629,False,58.3,50-100 MW,40.83839,-111.92144,UT,5.54,True,40.88694,-111.93638,Utah,application,194.6,3753,1316,Unconsolidated,Unconsolidated,0.2817,Moderate,False,193.35,0.38,138,100-161,92.3
Big Wells Compressor Station,FLIGHT,Natural Gas Processing,High,,211130,152241,False,27.4,20-50 MW,28.57391,-99.55167,TX,19.22,True,28.66617,-99.71815,Texas,primacy,168.7,4349,4919,Sedimentary,Shale,0.4016,High,False,287.76,1.82,138,100-161,92.3
"Copano Pipelines/Rocky Mountains, Rucki 15, WY",FLIGHT,Natural Gas Processing,High,,486210,,False,,,44.92275,-106.72953,WY,2.88,True,44.89786,-106.7196,Wyoming,primacy,150.9,4966,4197,Sedimentary,Shale,0.1857,Low,False,98.24,4.17,230,220-287,92.3
NUCOR STEEL - UTAH,FLIGHT,Iron & Steel,Medium,,331110,243503,False,43.9,20-50 MW,41.8825,-112.1964,UT,1.44,True,41.88967,-112.21094,Utah,application,215.4,2908,1436,Unconsolidated,Unconsolidated,0.3587,Moderate,False,175.36,0.34,230,220-287,92.3
Ridge Amine Plant,FLIGHT,Natural Gas Processing,High,,213112,60814,False,11.0,10-20 MW,31.12192,-96.31281,TX,11.95,True,31.173,-96.42334,Texas,primacy,174.9,4119,4976,Unconsolidated,Unconsolidated,0.6963,High,False,195.24,5.41,69,UNDER 100,92.3
Bethany,FLIGHT,Natural Gas Processing,High,,486210,,False,,,32.25833,-94.15056,TX,6.15,True,32.2384,-94.08952,Texas,primacy,172.4,4159,4090,Sedimentary,Shale,0.2653,Moderate,False,226.86,15.0,-999999,NOT AVAILABLE,92.2
Gulf South Pipeline - Tallulah Station,FLIGHT,Natural Gas Processing,High,,486210,180040,False,32.4,20-50 MW,32.39598,-91.1737,LA,29.06,True,32.42641,-91.48114,Louisiana,primacy,150.2,4991,4440,Unconsolidated,Unconsolidated,0.4954,High,True,4.7,2.59,115,100-161,92.2
Hancock Compressor Station,FLIGHT,Natural Gas Processing,High,,486210,,False,,,32.09,-94.2572,TX,5.25,True,32.05039,-94.22681,Texas,primacy,166.3,4391,4042,Sedimentary,Shale,0.4364,High,False,213.3,5.25,138,100-161,92.2
"KH North Elm Grove Gas Treating Facility Haughton, LA",FLIGHT,Natural Gas Processing,High,,211130,52732,False,9.5,1-10 MW,32.4553,-93.4888,LA,8.66,True,32.42641,-93.40311,Louisiana,primacy,157.3,4726,4632,Unconsolidated,Unconsolidated,0.1732,Low,False,178.36,2.13,-999999,NOT AVAILABLE,92.2
XTO - Walsh Ranch West,FLIGHT,Natural Gas Processing,High,,211111,,False,,,32.68072,-97.55446,TX,3.1,True,32.67709,-97.52161,Texas,primacy,152.2,4907,2866,Unconsolidated,Unconsolidated,0.257,Moderate,False,194.61,1.66,345,345,92.2
"EOG Resources, Inc. Mansfield Compressor Site",FLIGHT,Natural Gas Processing,High,,211111,,False,,,32.51526,-97.10698,TX,2.92,True,32.48908,-97.10976,Texas,primacy,150.2,4991,615,Sedimentary,Shale,0.3985,Moderate,False,218.19,2.29,345,345,92.1
Sheep Mountain,Natural Dome,Natural CO2 Dome,High,~97,,,False,,,37.65,-104.95,CO,4.72,True,37.69074,-104.93492,Colorado,application,195.7,3724,452,Sedimentary,Shale,0.1537,Low,True,3.99,11.0,69,UNDER 100,92.1
Mitsubishi Cement Corp Cushenbury Cement Plant,FLIGHT,Cement,Medium,,327310,1178982,False,212.4,>=100 MW,34.43756,-116.89103,CA,6.44,True,34.49454,-116.87858,California,federal,192.7,3655,873,Unconsolidated,Unconsolidated,0.2111,Moderate,False,760.03,3.34,115,100-161,92.0
XTO-Johnson Ranch Station,FLIGHT,Natural Gas Processing,High,,211111,,False,,,32.65192,-97.50307,TX,3.29,True,32.67709,-97.52161,Texas,primacy,152.2,4907,2866,Unconsolidated,Unconsolidated,0.257,Moderate,False,198.02,1.85,345,345,92.0
CENTRAL COMPRESSOR STATION,FLIGHT,Natural Gas Processing,High,,211111,,False,,,32.16027,-94.39943,TX,6.22,True,32.11306,-94.36409,Texas,primacy,170.9,4330,4060,Sedimentary,Shale,0.2368,Moderate,False,226.12,5.65,138,100-161,91.9
GOLDSMITH GAS PLANT,FLIGHT,Natural Gas Processing,High,,211130,279409,False,50.3,50-100 MW,31.9809,-102.6344,TX,139.84,False,31.11033,-103.69937,Texas,primacy,160.8,4644,4586,,,0.728,Severe,True,1.07,2.25,138,100-161,91.8
Gary,FLIGHT,Natural Gas Processing,High,,486210,,False,,,32.04056,-94.3325,TX,6.59,True,31.98772,-94.36409,Texas,primacy,172.5,4286,4107,,,0.2811,Moderate,False,211.39,3.58,138,100-161,91.8
Pump Canyon Compreesor Station,FLIGHT,Natural Gas Processing,High,,211130,,False,,,37.04552,-107.67911,CO,2.06,True,37.06404,-107.68059,Colorado,application,175.9,4223,4485,Sedimentary,Shale,0.2035,Moderate,True,29.91,3.67,115,100-161,91.8
Alto Compressor Station,FLIGHT,Natural Gas Processing,High,,486210,45031,False,8.1,1-10 MW,32.35713,-91.86116,LA,17.65,True,32.42641,-92.03027,Louisiana,primacy,152.2,4914,4827,Unconsolidated,Unconsolidated,0.3223,Moderate,True,28.28,1.49,115,100-161,91.7
"NGPL Station 304, Marshall, TX",FLIGHT,Natural Gas Processing,High,,486210,5282,False,1.0,1-10 MW,32.40538,-94.42954,TX,7.14,True,32.42641,-94.50137,Texas,primacy,172.2,4209,4029,Sedimentary,Sandstone,0.1866,Low,False,251.93,1.2,69,UNDER 100,91.7
ORM GPRP Lonesome Creek Gas Plant,FLIGHT,Natural Gas Processing,High,,211130,38365,False,6.9,1-10 MW,47.77297,-103.54046,ND,7.99,True,47.84338,-103.56208,North Dakota,primacy,158.2,4626,4682,Sedimentary,Shale,0.2262,Moderate,False,48.98,0.7,115,100-161,91.7
STRUCTURAL METALS INC,FLIGHT,Iron & Steel,Medium,,331110,213757,False,38.5,20-50 MW,29.57906,-98.02368,TX,6.03,True,29.54356,-98.07074,Texas,primacy,160.0,4627,1487,Unconsolidated,Unconsolidated,0.154,Low,False,162.59,0.85,138,100-161,91.7
Perryville Compressor Station,FLIGHT,Natural Gas Processing,High,,486210,,False,,,32.83965,-91.87086,LA,3.5,True,32.8651,-91.89299,Louisiana,primacy,150.6,4977,2460,Unconsolidated,Unconsolidated,0.3622,Moderate,False,49.47,1.14,115,100-161,91.6
Potters Creek Amine Plant,FLIGHT,Natural Gas Processing,High,,211130,2876,False,0.5,<1 MW,32.41131,-94.42907,TX,6.99,True,32.42641,-94.50137,Texas,primacy,172.2,4209,4029,Sedimentary,Sandstone,0.1866,Low,False,252.51,0.78,138,100-161,91.6
Sycamore Compressor Station,FLIGHT,Natural Gas Processing,High,,211111,,False,,,32.61402,-97.33271,TX,4.83,True,32.61442,-97.38433,Texas,primacy,159.7,4624,3315,Unknown,Sedimentary,0.278,Moderate,False,203.69,1.91,345,345,91.6
AKER PLANT,FLIGHT,Natural Gas Processing,High,,211130,39758,False,7.2,1-10 MW,31.91,-96.2233,TX,7.23,True,31.92505,-96.14878,Texas,primacy,151.2,4946,4425,Sedimentary,Shale,0.3537,Moderate,False,277.96,10.36,345,345,91.5
Gordon Compressor Site,FLIGHT,Natural Gas Processing,High,,211111,,False,,,32.01938,-97.13594,TX,4.3,True,31.98772,-97.10976,Texas,primacy,155.6,4799,726,Sedimentary,Shale,0.3817,Moderate,False,271.82,0.52,138,100-161,91.5
BP CHERRY POINT REFINERY,FLIGHT,Petroleum Refining,Medium,,324110,2179352,False,392.7,>=100 MW,48.884,-122.735,WA,7.17,True,48.90878,-122.64449,Washington,federal,194.0,3771,33,Unconsolidated,Unconsolidated,0.0927,Very low/none,False,1254.79,0.64,115,100-161,91.4
Crossroads Gas Plant,FLIGHT,Natural Gas Processing,High,,211112,,False,,,32.42981,-94.30639,TX,7.48,True,32.42641,-94.22681,Texas,primacy,175.8,4107,4121,Sedimentary,Shale,0.2037,Moderate,False,249.89,3.96,69,UNDER 100,91.4
GCC DACOTAH,FLIGHT,Cement,Medium,,327310,817514,False,147.3,>=100 MW,44.0896,-103.27166,SD,1.46,True,44.08314,-103.28752,South Dakota,federal,155.8,4804,572,,,0.1596,Low,False,171.73,0.85,69,UNDER 100,91.4
Pines Compressor Station,FLIGHT,Natural Gas Processing,High,,211111,,False,,,32.37479,-93.91646,LA,6.65,True,32.42641,-93.95224,Louisiana,primacy,170.2,4286,3932,Unconsolidated,Unconsolidated,0.1715,Low,False,218.8,2.96,-999999,100-161,91.4
REED CMP STN,FLIGHT,Natural Gas Processing,High,,486210,28221,False,5.1,1-10 MW,31.712,-96.2129,TX,7.46,True,31.73703,-96.28606,Texas,primacy,159.0,4625,3867,Unconsolidated,Unconsolidated,0.2461,Moderate,False,256.19,0.15,69,UNDER 100,91.4
Doty Mountain Compressor Station,FLIGHT,Natural Gas Processing,High,,211111,,False,,,41.4403,-107.6161,WY,5.5,True,41.45098,-107.68059,Wyoming,primacy,161.8,4631,4775,Sedimentary,Sandstone,0.0715,Very low/none,False,76.41,26.9,230,220-287,91.3
GATEWAY ENERGY & COKE CO LLC,FLIGHT,Petroleum Refining,Medium,,324199,472577,False,85.1,50-100 MW,38.69577,-90.13287,IL,2.15,True,38.69347,-90.1083,Illinois,federal,159.7,4678,1148,Sedimentary,Limestone,0.1341,Low,False,513.03,0.71,-999999,NOT AVAILABLE,91.3
Riptide Gas Plant,FLIGHT,Natural Gas Processing,High,,211130,289173,False,52.1,50-100 MW,32.2422,-101.9044,TX,185.56,False,30.60896,-101.50283,Texas,primacy,151.5,4939,3464,,,0.2688,Moderate,True,25.29,15.36,138,100-161,91.3
Arlington Compressor Station,FLIGHT,Natural Gas Processing,High,,486210,,False,,,41.60628,-106.20608,WY,4.69,True,41.63899,-106.17047,Wyoming,primacy,155.6,4805,2387,Unconsolidated,Unconsolidated,0.3148,Moderate,False,127.84,0.25,230,220-287,91.2
"Big Escambia Creek Gas Production, Treating and Processing Facility (BEC)",FLIGHT,Natural Gas Processing,High,,211130,248983,False,44.9,20-50 MW,31.07027,-87.36296,AL,11.42,True,31.173,-87.36263,Alabama,application,151.3,4953,4895,Unconsolidated,Unconsolidated,0.1273,Low,False,151.59,0.19,115,100-161,91.2
Mentone Gas Plant,FLIGHT,Natural Gas Processing,High,,211130,272641,False,49.1,20-50 MW,31.77522,-103.62256,TX,74.29,False,31.11033,-103.69937,Texas,primacy,160.8,4644,4586,,,0.728,Severe,True,26.95,1.46,138,100-161,91.2
Midlothian Compressor Station,FLIGHT,Natural Gas Processing,High,,211111,,False,,,32.52333,-97.10256,TX,3.87,True,32.48908,-97.10976,Texas,primacy,150.2,4991,615,Sedimentary,Shale,0.3985,Moderate,False,217.4,2.48,345,345,91.2
Nacogdoches Amine and Dehydration Plant,FLIGHT,Natural Gas Processing,High,,211130,189465,False,34.1,20-50 MW,31.4888,-94.6387,TX,24.39,True,31.67436,-94.50137,Texas,primacy,173.3,4182,4824,,,0.2587,Moderate,False,169.76,7.67,138,100-161,91.2
Ramsey Gas Plant,FLIGHT,Natural Gas Processing,High,,211130,272891,False,49.2,20-50 MW,31.8775,-103.9376,TX,88.25,False,31.11033,-103.69937,Texas,primacy,160.8,4644,4586,,,0.728,Severe,True,7.82,23.63,345,345,91.2
XTO - Risinger Station,FLIGHT,Natural Gas Processing,High,,211111,,False,,,32.61566,-97.32848,TX,5.23,True,32.61442,-97.38433,Texas,primacy,159.7,4624,3315,Unknown,Sedimentary,0.278,Moderate,False,203.56,2.32,345,345,91.2
Beckville,FLIGHT,Natural Gas Processing,High,,486210,,False,,,32.22167,-94.43361,TX,6.8,True,32.2384,-94.36409,Texas,primacy,169.6,4367,4028,,,0.2359,Moderate,False,233.66,1.19,345,345,91.1
Lincoln Parish Gas Processing Plant,FLIGHT,Natural Gas Processing,High,,486210,51610,False,9.3,1-10 MW,32.5755,-92.85917,LA,11.31,True,32.67709,-92.85397,Louisiana,primacy,168.1,4387,4973,Unconsolidated,Unconsolidated,0.2609,Moderate,False,119.85,1.24,115,100-161,91.1
Baker Road Treater,FLIGHT,Natural Gas Processing,High,,211112,,False,,,31.62153,-93.72477,LA,7.38,True,31.67436,-93.67767,Louisiana,primacy,172.4,4261,3863,,,0.1898,Low,False,147.12,6.05,-999999,NOT AVAILABLE,91.0
Blocker,FLIGHT,Natural Gas Processing,High,,486210,,False,,,32.40917,-94.42583,TX,7.35,True,32.42641,-94.50137,Texas,primacy,172.2,4209,4029,Sedimentary,Sandstone,0.1866,Low,False,252.17,1.15,138,100-161,91.0
Maryneal Compressor Station,FLIGHT,Natural Gas Processing,High,,486210,32453,False,5.8,1-10 MW,32.92548,-96.81613,TX,6.95,True,32.8651,-96.83519,Texas,primacy,150.3,4988,739,Unknown,Sedimentary,0.2411,Moderate,False,183.14,4.12,138,100-161,91.0
US STEEL - GRANITE CITY,FLIGHT,Iron & Steel,Medium,,331110,1757626,False,316.7,>=100 MW,38.6954,-90.1367,IL,2.47,True,38.69347,-90.1083,Illinois,federal,159.7,4678,1148,Sedimentary,Limestone,0.1341,Low,False,512.71,0.55,-999999,NOT AVAILABLE,91.0
Groesbeck Compressor Station,FLIGHT,Natural Gas Processing,High,,486210,31633,False,5.7,1-10 MW,32.92548,-96.81613,TX,6.95,True,32.8651,-96.83519,Texas,primacy,150.3,4988,739,Unknown,Sedimentary,0.2411,Moderate,False,183.14,4.12,138,100-161,90.9
J-W Operating Company,FLIGHT,Natural Gas Processing,High,,211111,,False,,,32.38176,-94.70706,TX,6.73,True,32.36374,-94.63866,Texas,primacy,167.3,4306,4139,,,0.229,Moderate,False,261.54,3.01,69,UNDER 100,90.9
XTO - Lillian Station,FLIGHT,Natural Gas Processing,High,,211111,,False,,,32.50419,-97.14992,TX,4.12,True,32.48908,-97.10976,Texas,primacy,150.2,4991,615,Sedimentary,Shale,0.3985,Moderate,False,218.56,1.5,69,UNDER 100,90.9
AUSTIN WHITE LIME COMPANY MCNEIL PLANT & QUARRY,FLIGHT,Lime,Medium,,327410,232313,False,41.9,20-50 MW,30.45407,-97.72091,TX,8.1,True,30.42095,-97.79618,Texas,primacy,156.4,4745,345,Sedimentary,Limestone,0.5266,High,False,206.88,2.92,138,100-161,90.8
ELBERTA COMPRESSOR STATION,FLIGHT,Natural Gas Processing,High,,486210,66566,False,12.0,10-20 MW,39.4536,-111.9861,UT,7.42,True,39.50819,-111.93638,Utah,application,231.5,2982,1553,,,0.4007,High,False,250.34,4.34,345,345,90.8
MARQUEZ PLANT,FLIGHT,Natural Gas Processing,High,,211112,,False,,,31.22732,-96.36993,TX,7.89,True,31.173,-96.42334,Texas,primacy,174.9,4119,4976,Unconsolidated,Unconsolidated,0.6963,High,False,208.08,2.64,345,345,90.8
Northern Border Pipeline Arnegard CS#4,FLIGHT,Natural Gas Processing,High,,486210,,False,,,47.7694,-103.4999,ND,5.75,True,47.78071,-103.4248,North Dakota,primacy,160.3,4487,4716,Sedimentary,Shale,0.1764,Low,False,45.97,2.67,115,100-161,90.8
Antelope Compressor Station,FLIGHT,Natural Gas Processing,High,,211111,,False,,,42.79712,-105.31248,WY,4.36,True,42.76706,-105.34677,Wyoming,primacy,150.7,4976,2713,Sedimentary,Shale,0.406,High,False,106.47,14.42,138,100-161,90.7
"GCX Big Wells Compressor Station, TX",FLIGHT,Natural Gas Processing,High,,486210,145559,False,26.2,20-50 MW,28.5697,-99.54254,TX,20.22,True,28.66617,-99.71815,Texas,primacy,168.7,4349,4919,Sedimentary,Shale,0.4016,High,False,286.92,0.82,138,100-161,90.7
South Deadwood Compressor Station,FLIGHT,Natural Gas Processing,High,,486210,,False,,,32.08494,-94.15915,TX,7.27,True,32.11306,-94.08952,Texas,primacy,169.8,4247,3944,Unconsolidated,Unconsolidated,0.2321,Moderate,False,209.15,1.33,-999999,NOT AVAILABLE,90.7
Gulf South Pipeline - Paris Station,FLIGHT,Natural Gas Processing,High,,486210,49714,False,9.0,1-10 MW,33.51787,-95.64631,TX,8.89,True,33.49181,-95.73693,Texas,primacy,150.2,4991,2466,Unconsolidated,Unconsolidated,0.2432,Moderate,False,208.46,0.48,69,UNDER 100,90.6
MAYPEARL CMP STN,FLIGHT,Natural Gas Processing,High,,486210,14194,False,2.6,1-10 MW,32.29306,-97.03917,TX,6.33,True,32.30107,-96.97248,Texas,primacy,154.4,4804,673,Unknown,Sedimentary,0.1907,Low,False,243.69,1.94,69,UNDER 100,90.6
Walnut Creek Compressor Station,FLIGHT,Natural Gas Processing,High,,211111,,False,,,32.39955,-97.20058,TX,5.29,True,32.42641,-97.24704,Texas,primacy,155.8,4754,3754,Sedimentary,Shale,0.195,Low,False,229.13,0.15,138,100-161,90.6
St. Johns Dome (Springerville),Natural Dome,Natural CO2 Dome,High,~95,,,False,,,34.5,-109.3,AZ/NM,6.86,True,34.55721,-109.32799,Arizona,primacy,166.4,4446,825,Sedimentary,Shale,0.6487,High,False,229.74,7.68,69,UNDER 100,90.6
Coyote Gulch Treating Plant,FLIGHT,Natural Gas Processing,High,,211111,,False,,,37.0141,-108.0615,CO,3.09,True,37.00136,-108.09244,Colorado,application,173.9,4266,3574,,,0.1836,Low,True,4.15,2.12,115,100-161,90.5
"EOG Resources, Inc. Big Daddy Compressor Station",FLIGHT,Natural Gas Processing,High,,211111,,False,,,32.56318,-97.14169,TX,6.44,True,32.61442,-97.10976,Texas,primacy,162.9,4605,539,Sedimentary,Shale,0.3251,Moderate,False,212.29,3.04,345,345,90.5
LAGRANGE PLANT,FLIGHT,Natural Gas Processing,High,,211130,182374,False,32.9,20-50 MW,30.006,-96.8885,TX,21.47,True,29.98226,-97.10976,Texas,primacy,153.2,4864,3824,,,0.4857,High,False,121.36,1.57,138,100-161,90.5
PANOLA COUNTY GAS PLANT,FLIGHT,Natural Gas Processing,High,,211130,,False,,,32.15883,-94.42373,TX,7.55,True,32.17573,-94.50137,Texas,primacy,170.1,4216,4207,Sedimentary,Shale,0.277,Moderate,False,227.01,4.75,345,345,90.5
Texas Gas Transmission - Sharon Station,FLIGHT,Natural Gas Processing,High,,486210,23778,False,4.3,1-10 MW,32.75786,-92.76351,LA,9.8,True,32.80243,-92.85397,Louisiana,primacy,171.1,4264,4483,Unconsolidated,Unconsolidated,0.2394,Moderate,False,114.87,9.56,115,100-161,90.5
CalPortland Redding Cement Plant,FLIGHT,Cement,Medium,,327310,365332,False,65.8,50-100 MW,40.7369,-122.3223,CA,4.86,True,40.7616,-122.36992,California,federal,218.9,3090,391,Other,Water,0.2414,Moderate,False,1029.76,1.0,115,100-161,90.4
UGC - DRAGON TRAIL GAS PLANT - 08-103-00036,FLIGHT,Natural Gas Processing,High,,211130,20046,False,3.6,1-10 MW,39.85947,-108.916,CO,2.75,True,39.88421,-108.91614,Colorado,application,158.7,4718,3323,Sedimentary,Sandstone,0.0975,Very low/none,True,26.75,21.55,138,100-161,90.4
Jonathon Lime Plant,FLIGHT,Lime,Medium,,327410,196001,False,35.3,20-50 MW,41.38444,-105.45367,WY,7.01,True,41.32564,-105.48405,Wyoming,primacy,167.7,4440,713,Sedimentary,Sandstone,0.2004,Moderate,False,194.24,9.19,115,100-161,90.3
XTO - Rendon Station,FLIGHT,Natural Gas Processing,High,,211111,,False,,,32.59173,-97.21573,TX,5.33,True,32.55175,-97.24704,Texas,primacy,154.3,4816,3430,Sedimentary,Shale,0.2995,Moderate,False,207.84,1.01,345,345,90.3
Dyess Treater,FLIGHT,Natural Gas Processing,High,,211112,,False,,,31.5572,-93.52056,LA,8.1,True,31.48635,-93.54039,Louisiana,primacy,171.8,4267,4317,Unconsolidated,Unconsolidated,0.2433,Moderate,False,134.67,4.3,-999999,NOT AVAILABLE,90.2
JR SIMPLOT COMPANY DON SIDING COMPLEX,FLIGHT,Ammonia/Fertilizer,High,,325312,105807,False,19.1,10-20 MW,42.9089,-112.5239,ID,3.63,True,42.8924,-112.48551,Idaho,federal,245.5,2673,1385,Unconsolidated,Unconsolidated,0.331,Moderate,False,230.47,0.59,115,100-161,90.2
MCKNIGHT CMP STN,FLIGHT,Natural Gas Processing,High,,486210,59420,False,10.7,10-20 MW,32.0097,-94.9228,TX,14.56,True,32.05039,-94.77594,Texas,primacy,179.1,3978,4910,Unconsolidated,Unconsolidated,0.2045,Moderate,False,233.55,3.78,46,UNDER 100,90.2
Dike Mountain,Natural Dome,Natural CO2 Dome,High,~80,,,False,,,37.5,-104.95,CO,6.8,True,37.44006,-104.93492,Colorado,application,197.0,3711,2957,Sedimentary,Sandstone,0.5919,High,True,7.77,0.31,69,UNDER 100,90.2
COFFEYVILLE RESOURCES NITROGEN FERT.,FLIGHT,Ammonia/Fertilizer,High,,325311,1640985,False,295.7,>=100 MW,37.04536,-95.60517,KS,144.75,False,35.74795,-95.73693,Oklahoma,application,150.8,4970,1341,Sedimentary,Sandstone,0.1588,Low,True,1.26,0.45,138,100-161,90.1
CalPortland Company Mojave Plant,FLIGHT,Cement,Medium,,327310,991489,False,178.6,>=100 MW,35.03837,-118.2977,CA,6.33,True,34.99591,-118.25142,California,federal,179.3,4011,871,Unconsolidated,Unconsolidated,0.4332,High,False,852.37,0.44,220,220-287,90.1
GOFORTH PROCESSING PLANT,FLIGHT,Natural Gas Processing,High,,211130,,False,,,32.59496,-97.55781,TX,5.88,True,32.55175,-97.52161,Texas,primacy,156.4,4735,3007,Unconsolidated,Unconsolidated,0.3644,Moderate,False,204.13,2.71,138,100-161,90.1
KOCH FERITLIZER ENID LLC ENID NITROGEN PLT,FLIGHT,Ammonia/Fertilizer,High,,325311,2379962,False,428.8,>=100 MW,36.37948,-97.76509,OK,195.36,False,35.74795,-95.73693,Oklahoma,application,150.8,4970,1341,Sedimentary,Sandstone,0.1588,Low,True,1.48,0.87,138,100-161,90.1
LaBarge Compressor Station,FLIGHT,Natural Gas Processing,High,,213112,,False,,,42.2332,-110.2336,WY,5.82,True,42.2657,-110.28897,Wyoming,primacy,156.3,4786,4703,Unconsolidated,Unconsolidated,0.0939,Very low/none,False,40.07,3.09,46,UNDER 100,90.1
SCM Pecos Gas Processing Plant,FLIGHT,Natural Gas Processing,High,,211130,238618,False,43.0,20-50 MW,31.36183,-103.68238,TX,28.01,True,31.11033,-103.69937,Texas,primacy,160.8,4644,4586,,,0.728,Severe,False,69.1,6.55,69,UNDER 100,90.1
Westdale Compressor Station,FLIGHT,Natural Gas Processing,High,,486210,1186,False,0.2,<1 MW,32.19855,-93.48315,LA,6.97,True,32.2384,-93.54039,Louisiana,primacy,163.0,4547,3779,Unconsolidated,Unconsolidated,0.3407,Moderate,False,180.51,7.96,-999999,NOT AVAILABLE,90.1
"CIG Station 5660 Rawlins, WY",FLIGHT,Natural Gas Processing,High,,486210,,False,,,41.69806,-107.05394,WY,6.45,True,41.70166,-107.13145,Wyoming,primacy,159.8,4673,2175,Sedimentary,Sandstone,0.0835,Very low/none,False,69.75,10.55,115,100-161,90.0
Chapel Hill Gas Plan,FLIGHT,Natural Gas Processing,High,,211130,,False,,,32.38369,-95.10907,TX,7.27,True,32.42641,-95.05051,Texas,primacy,165.2,4437,4998,Sedimentary,Shale,0.2052,Moderate,False,278.57,10.95,345,345,90.0
Bailey Compressor Station,FLIGHT,Natural Gas Processing,High,,486210,,False,,,33.47806,-96.14792,TX,5.44,True,33.42914,-96.14878,Texas,primacy,152.5,4900,1143,,,0.2721,Moderate,False,172.26,2.09,138,100-161,89.9
FORMOSA POINT COMFORT PLANT,FLIGHT,Petrochemicals,Medium,,325211,5290825,False,953.3,>=100 MW,28.6925,-96.54167,TX,119.96,False,29.48089,-97.38433,Texas,primacy,169.4,4310,4657,,,0.1831,Low,True,13.03,0.83,138,100-161,89.9
BENBROOK CMP STN,FLIGHT,Natural Gas Processing,High,,211111,,False,,,32.59857,-97.55587,TX,6.12,True,32.55175,-97.52161,Texas,primacy,156.4,4735,3007,Unconsolidated,Unconsolidated,0.3644,Moderate,False,203.74,3.15,138,100-161,89.8
Benbrook Compressor Station,FLIGHT,Natural Gas Processing,High,,486210,,False,,,32.62688,-97.52728,TX,5.61,True,32.67709,-97.52161,Texas,primacy,152.2,4907,2866,Unconsolidated,Unconsolidated,0.257,Moderate,False,200.69,0.16,345,345,89.7
HOLCIM (US) INC STE GENEVIEVE PLANT,FLIGHT,Cement,Medium,,327310,2967851,False,534.7,>=100 MW,38.10994,-90.25795,MO,2.42,True,38.12944,-90.24559,Missouri,federal,151.1,4963,770,Unconsolidated,Unconsolidated,0.2237,Moderate,False,484.65,2.45,345,345,89.7
PIONEER NAT RES - TAMBURELLI CS,FLIGHT,Natural Gas Processing,High,,211111,,False,,,37.2532,-104.657,CO,6.85,True,37.31472,-104.66035,Colorado,application,193.8,3801,2806,Sedimentary,Sandstone,0.2321,Moderate,True,26.74,0.56,115,100-161,89.7
WEATHERFORD PLANT,FLIGHT,Natural Gas Processing,High,,211130,54333,False,9.8,1-10 MW,32.73335,-97.8744,TX,10.61,True,32.80243,-97.79618,Texas,primacy,152.7,4881,2667,Sedimentary,Sandstone,0.2995,Moderate,False,190.11,0.38,138,100-161,89.7
ALON REFINING KROTZ SPRINGS INC,FLIGHT,Petroleum Refining,Medium,,324110,633554,False,114.2,>=100 MW,30.5265,-91.74838,LA,194.37,False,31.54902,-93.40311,Louisiana,primacy,167.6,4386,4782,Unconsolidated,Unconsolidated,0.1738,Low,True,2.68,0.26,-999999,NOT AVAILABLE,89.6
BKV Midstream - Cotton Cove,FLIGHT,Natural Gas Processing,High,,211130,34657,False,6.2,1-10 MW,32.90772,-97.46586,TX,8.97,True,32.8651,-97.38433,Texas,primacy,153.4,4852,3330,Sedimentary,Limestone,0.2834,Moderate,False,169.88,1.18,138,100-161,89.6
"CHEVRON PHILLIPS CHEMICAL COMPANY, LP PORT ARTHUR PLANT",FLIGHT,Petrochemicals,Medium,,325110,861803,False,155.3,>=100 MW,29.8504,-93.97722,TX,154.41,False,31.23567,-94.08952,Texas,primacy,167.3,4361,4815,,,0.2174,Moderate,True,1.7,0.75,138,100-161,89.6
EQUISTAR CHEMICALS LAPORTE COMPLEX,FLIGHT,Petrochemicals,Medium,,325110,1315541,False,237.0,>=100 MW,29.71747,-95.06801,TX,193.11,False,31.23567,-94.08952,Texas,primacy,167.3,4361,4815,,,0.2174,Moderate,True,20.28,0.22,138,100-161,89.6
EXXONMOBIL Bt Site,FLIGHT,Petroleum Refining,Medium,,324110,12693547,False,2287.1,>=100 MW,29.73934,-95.0224,TX,188.87,False,31.23567,-94.08952,Texas,primacy,167.3,4361,4815,,,0.2174,Moderate,True,24.81,1.18,138,100-161,89.6
Exxonmobil Beaumont Refinery,FLIGHT,Petroleum Refining,Medium,,324110,5979837,False,1077.4,>=100 MW,30.0639,-94.0703,TX,130.31,False,31.23567,-94.08952,Texas,primacy,167.3,4361,4815,,,0.2174,Moderate,True,4.55,0.68,138,100-161,89.6
Indorama Ventures Oxides LLC,FLIGHT,Petrochemicals,Medium,,325110,1210395,False,218.1,>=100 MW,29.97263,-93.95724,TX,141.01,False,31.23567,-94.08952,Texas,primacy,167.3,4361,4815,,,0.2174,Moderate,True,8.67,1.79,138,100-161,89.6
Jarvis Compressor Station,FLIGHT,Natural Gas Processing,High,,486210,,False,,,32.91644,-97.4018,TX,5.94,True,32.8651,-97.38433,Texas,primacy,153.4,4852,3330,Sedimentary,Limestone,0.2834,Moderate,False,169.52,1.24,345,345,89.6
MOTIVA ENTERPRISES LLC,FLIGHT,Petroleum Refining,Medium,,324110,5015249,False,903.6,>=100 MW,29.88333,-93.95833,TX,150.9,False,31.23567,-94.08952,Texas,primacy,167.3,4361,4815,,,0.2174,Moderate,True,3.49,0.23,69,UNDER 100,89.6
Motiva Port Arthur Chemicals,FLIGHT,Petrochemicals,Medium,,325199,1131434,False,203.9,>=100 MW,29.89278,-93.97333,TX,149.74,False,31.23567,-94.08952,Texas,primacy,167.3,4361,4815,,,0.2174,Moderate,True,2.76,0.42,69,UNDER 100,89.6
Natgasoline LLC,FLIGHT,Petrochemicals,Medium,,325199,730559,False,131.6,>=100 MW,30.02779,-94.05786,TX,134.34,False,31.23567,-94.08952,Texas,primacy,167.3,4361,4815,,,0.2174,Moderate,True,0.89,1.09,138,100-161,89.6
OCI Beaumont LLC,FLIGHT,Petrochemicals,Medium,,325199,723476,False,130.4,>=100 MW,30.01734,-94.03503,TX,135.57,False,31.23567,-94.08952,Texas,primacy,167.3,4361,4815,,,0.2174,Moderate,True,1.78,0.6,69,UNDER 100,89.6
PREMCOR REFINING GROUP INCORPORATED PORTARTHUR REFINERY,FLIGHT,Petroleum Refining,Medium,,324110,2185760,False,393.8,>=100 MW,29.86833,-93.96833,TX,152.48,False,31.23567,-94.08952,Texas,primacy,167.3,4361,4815,,,0.2174,Moderate,True,1.82,0.29,69,UNDER 100,89.6
VALERO REFINING TEXAS CITY REFINERY,FLIGHT,Petroleum Refining,Medium,,324110,2159863,False,389.2,>=100 MW,29.36917,-94.91111,TX,222.03,False,31.23567,-94.08952,Texas,primacy,167.3,4361,4815,,,0.2174,Moderate,True,11.07,0.16,138,100-161,89.6
Eight Mile Lake Compressor Station,FLIGHT,Natural Gas Processing,High,,213112,,False,,,41.5672,-107.8551,WY,8.56,True,41.63899,-107.81787,Wyoming,primacy,170.1,4381,4895,Sedimentary,Shale,0.1543,Low,False,55.46,9.55,230,220-287,89.5
"KH Heflin Gas Treating Facility Ringgold, LA",FLIGHT,Natural Gas Processing,High,,211111,,False,,,32.37563,-93.36628,LA,6.62,True,32.42641,-93.40311,Louisiana,primacy,157.3,4726,4632,Unconsolidated,Unconsolidated,0.1732,Low,False,167.23,9.84,-999999,NOT AVAILABLE,89.5
"KMLP Station 760 Eunice, LA",FLIGHT,Natural Gas Processing,High,,486210,233528,False,42.1,20-50 MW,30.4549,-92.52249,LA,144.74,False,31.29834,-93.67767,Texas,primacy,172.7,4170,4532,,,0.244,Moderate,True,2.61,10.9,138,100-161,89.5
Cheyenne Renewable Diesel Company LLC,FLIGHT,Petrochemicals,Medium,,325199,125815,False,22.7,20-50 MW,41.1275,-104.7892,WY,1.33,True,41.13763,-104.79763,Wyoming,primacy,166.0,4489,3553,,,0.1944,Low,False,255.78,0.15,34,UNDER 100,89.4
Hudson Delga Compressor Station,FLIGHT,Natural Gas Processing,High,,211111,,False,,,32.77587,-97.32119,TX,7.14,True,32.73976,-97.38433,Texas,primacy,159.6,4642,3160,,,0.2367,Moderate,False,186.02,0.88,138,100-161,89.3
LAKE ARLINGTON COMPRESSOR STATION,FLIGHT,Natural Gas Processing,High,,211112,,False,,,32.72659,-97.21125,TX,6.44,True,32.67709,-97.24704,Texas,primacy,154.8,4797,3600,Unknown,Sedimentary,0.3363,Moderate,False,193.18,0.54,138,100-161,89.3
WRB Refining LP Wood River Refinery,FLIGHT,Petroleum Refining,Medium,,324110,4197008,False,756.2,>=100 MW,38.8375,-90.0675,IL,4.1,True,38.81881,-90.1083,Illinois,federal,159.6,4678,984,,,0.2823,Moderate,False,523.74,0.71,-999999,NOT AVAILABLE,89.3
BASF TOTALEnergies PETROCHEMICALS LLC,FLIGHT,Petrochemicals,Medium,,325110,1906827,False,343.6,>=100 MW,29.95165,-93.88727,TX,142.94,False,31.23567,-93.81496,Texas,primacy,164.4,4463,4529,Sedimentary,Shale,0.2286,Moderate,True,13.24,0.49,230,220-287,89.2
Bayport Polymers LLC Ethane Cracker,FLIGHT,Petrochemicals,Medium,,325110,1167421,False,210.3,>=100 MW,29.96001,-93.89558,TX,142.06,False,31.23567,-93.81496,Texas,primacy,164.4,4463,4529,Sedimentary,Shale,0.2286,Moderate,True,13.05,0.25,230,220-287,89.2
CITGO PETROLEUM CORP - LAKE CHARLES MANUFACTURING COMPLEX,FLIGHT,Petroleum Refining,Medium,,324110,4476976,False,806.7,>=100 MW,30.18887,-93.32524,LA,125.46,False,31.23567,-93.81496,Texas,primacy,164.4,4463,4529,Sedimentary,Shale,0.2286,Moderate,True,13.87,0.49,138,100-161,89.2
Indorama Ventures Olefin,FLIGHT,Petrochemicals,Medium,,325199,525224,False,94.6,50-100 MW,30.19057,-93.32582,LA,125.26,False,31.23567,-93.81496,Texas,primacy,164.4,4463,4529,Sedimentary,Shale,0.2286,Moderate,True,13.69,0.37,69,UNDER 100,89.2
"LACC, LLC US / Lotte Chemical Louisiana LLC",FLIGHT,Petrochemicals,Medium,,325110,688970,False,124.1,>=100 MW,30.21419,-93.30859,LA,123.47,False,31.23567,-93.81496,Texas,primacy,164.4,4463,4529,Sedimentary,Shale,0.2286,Moderate,True,12.75,1.0,138,100-161,89.2
PHILLIPS 66 CO - LAKE CHARLES REFINERY,FLIGHT,Petroleum Refining,Medium,,324110,1694915,False,305.4,>=100 MW,30.24216,-93.27439,LA,121.96,False,31.23567,-93.81496,Texas,primacy,164.4,4463,4529,Sedimentary,Shale,0.2286,Moderate,True,12.15,0.39,138,100-161,89.2
SABINE RIVER OPERATIONS,FLIGHT,Petrochemicals,Medium,,325199,908296,False,163.7,>=100 MW,30.0548,-93.75386,TX,131.44,False,31.23567,-93.81496,Texas,primacy,164.4,4463,4529,Sedimentary,Shale,0.2286,Moderate,True,10.42,0.28,138,100-161,89.2
Sasol Chemicals (USA) LLC - LAKE CHARLES CHEMICAL COMPLEX,FLIGHT,Petrochemicals,Medium,,325199,940881,False,169.5,>=100 MW,30.2588,-93.2937,LA,119.5,False,31.23567,-93.81496,Texas,primacy,164.4,4463,4529,Sedimentary,Shale,0.2286,Moderate,True,9.82,0.83,230,220-287,89.2
"TotalEnergies Petrochemicals & Refining USA, Inc. - Port Arthur Refinery",FLIGHT,Petroleum Refining,Medium,,324110,1860675,False,335.3,>=100 MW,29.95793,-93.89748,TX,142.3,False,31.23567,-93.81496,Texas,primacy,164.4,4463,4529,Sedimentary,Shale,0.2286,Moderate,True,12.77,0.43,230,220-287,89.2
WESTLAKE PETROCHEMICALS LP - ETHYLENE MANUFACTURING COMPLEX (PETRO I/PETRO II),FLIGHT,Petrochemicals,Medium,,325110,1068186,False,192.5,>=100 MW,30.16178,-93.37921,LA,126.47,False,31.23567,-93.81496,Texas,primacy,164.4,4463,4529,Sedimentary,Shale,0.2286,Moderate,True,12.9,0.38,69,UNDER 100,89.2
Westlake US 2 LLC,FLIGHT,Petrochemicals,Medium,,325199,2689617,False,484.6,>=100 MW,30.221,-93.2826,LA,123.77,False,31.23567,-93.81496,Texas,primacy,164.4,4463,4529,Sedimentary,Shale,0.2286,Moderate,True,13.73,1.34,-999999,NOT AVAILABLE,89.2
CHEVRON PHILLIPS - SWEENY COMPLEX,FLIGHT,Petrochemicals,Medium,,325110,1002446,False,180.6,>=100 MW,29.08154,-95.74171,TX,159.82,False,29.6689,-97.24704,Texas,primacy,164.0,4489,4312,Sedimentary,Shale,0.3138,Moderate,True,24.51,0.66,138,100-161,89.1
"CIG Station 5670 Laramie, WY",FLIGHT,Natural Gas Processing,High,,486210,,False,,,41.43896,-105.94412,WY,6.92,True,41.38831,-105.8959,Wyoming,primacy,156.8,4763,1509,Unconsolidated,Unconsolidated,0.1554,Low,False,156.32,5.93,69,UNDER 100,89.1
Charbonneau Compressor Station,FLIGHT,Natural Gas Processing,High,,486210,19240,False,3.5,1-10 MW,47.92972,-103.87361,ND,7.93,True,47.90605,-103.97393,North Dakota,primacy,151.6,4926,4271,Sedimentary,Shale,0.158,Low,False,73.41,2.41,115,100-161,89.1
"EPNG Station 6796 Window Rock, AZ",FLIGHT,Natural Gas Processing,High,,486210,91296,False,16.4,10-20 MW,35.6159,-109.12496,AZ,14.47,True,35.49727,-109.19071,Arizona,primacy,152.2,4921,676,Sedimentary,Conglomerate,0.2753,Moderate,False,140.94,7.76,69,UNDER 100,89.1
Edgecliff Compressor Station,FLIGHT,Natural Gas Processing,High,,211111,,False,,,32.65672,-97.32333,TX,7.4,True,32.61442,-97.38433,Texas,primacy,159.7,4624,3315,Unknown,Sedimentary,0.278,Moderate,False,199.1,1.52,138,100-161,89.1
Gas Transmission Northwest Pipeline Bend CS#12,FLIGHT,Natural Gas Processing,High,,486210,96482,False,17.4,10-20 MW,43.82199,-121.42731,OR,1.88,True,43.83246,-121.40894,Oregon,federal,231.9,2988,1396,Igneous,Basalt,0.1349,Low,False,948.84,0.44,115,100-161,89.1
SWEENY REFINERY,FLIGHT,Petroleum Refining,Medium,,324110,1967425,False,354.5,>=100 MW,29.07085,-95.75036,TX,159.55,False,29.6689,-97.24704,Texas,primacy,164.0,4489,4312,Sedimentary,Shale,0.3138,Moderate,True,24.7,0.45,138,100-161,89.1
Gas Transmission Northwest Pipeline Bonanza CS#14,FLIGHT,Natural Gas Processing,High,,486210,68114,False,12.3,10-20 MW,42.17398,-121.4393,OR,4.09,True,42.20303,-121.40894,Oregon,federal,262.3,2513,1381,Unconsolidated,Unconsolidated,0.4057,High,False,938.17,3.44,69,UNDER 100,88.9
Echo Springs Compressor Station,FLIGHT,Natural Gas Processing,High,,486210,,False,,,41.7186,-107.78798,WY,9.19,True,41.63899,-107.81787,Wyoming,primacy,170.1,4381,4895,Sedimentary,Shale,0.1543,Low,False,58.32,6.64,230,220-287,88.8
Silver Creek Processing Plant,FLIGHT,Natural Gas Processing,High,,211130,53222,False,9.6,1-10 MW,32.80065,-97.67443,TX,11.38,True,32.80243,-97.79618,Texas,primacy,152.7,4881,2667,Sedimentary,Sandstone,0.2995,Moderate,False,181.24,0.64,345,345,88.8
"SUWANNEE AMERICAN CEMENT COMPANY, LLC",FLIGHT,Cement,Medium,,327310,567263,False,102.2,>=100 MW,28.76086,-82.02535,FL,3.92,True,28.72884,-82.00858,Florida,federal,154.0,4844,1675,Unconsolidated,Unconsolidated,0.2092,Moderate,False,726.13,0.25,230,220-287,88.7
STREETMAN COMPRESSOR STATION,FLIGHT,Natural Gas Processing,High,,486210,,False,,,31.90921,-96.21636,TX,6.62,True,31.92505,-96.14878,Texas,primacy,151.2,4946,4425,Sedimentary,Shale,0.3537,Moderate,False,277.75,9.95,345,345,88.6
"TGP Station 47 West Monroe, LA",FLIGHT,Natural Gas Processing,High,,486210,,False,,,32.55573,-92.18265,LA,7.54,True,32.48908,-92.16756,Louisiana,primacy,156.5,4741,4594,,,0.2319,Moderate,False,56.71,2.57,115,100-161,88.4
Briscoe G2 Compressor Station,FLIGHT,Natural Gas Processing,High,,211111,,False,,,28.18144,-99.87821,TX,11.37,True,28.16481,-99.99271,Texas,primacy,181.3,4019,4927,Sedimentary,Shale,0.2894,Moderate,False,309.48,28.71,138,100-161,88.3
LION OIL CO-EL DORADO REFINERY,FLIGHT,Petroleum Refining,Medium,,324110,712845,False,128.4,>=100 MW,33.20152,-92.67358,AR,5.96,True,33.24113,-92.71669,Arkansas,federal,165.3,4454,2497,Unconsolidated,Unconsolidated,0.2316,Moderate,False,130.45,2.18,115,100-161,88.3
Tehachapi Cement Plant,FLIGHT,Cement,Medium,,327310,510013,False,91.9,50-100 MW,35.12279,-118.3693,CA,7.02,True,35.18392,-118.3887,California,federal,172.0,4249,0,Metamorphic,Schist,0.2554,Moderate,False,855.45,0.46,66,UNDER 100,88.3
CROSSTEX LIG LLC - RED RIVER COMPRESSOR,FLIGHT,Natural Gas Processing,High,,486210,,False,,,31.84938,-93.07662,LA,9.74,True,31.92505,-93.12854,Louisiana,primacy,169.7,4239,4794,Unconsolidated,Unconsolidated,0.2531,Moderate,False,155.93,1.95,-999999,NOT AVAILABLE,88.2
JC Bell Compressor Station,FLIGHT,Natural Gas Processing,High,,211111,,False,,,32.54564,-97.43873,TX,7.8,True,32.55175,-97.52161,Texas,primacy,156.4,4735,3007,Unconsolidated,Unconsolidated,0.3644,Moderate,False,210.21,2.21,138,100-161,88.2
White Settlement Compressor Station,FLIGHT,Natural Gas Processing,High,,486210,,False,,,32.77061,-97.60394,TX,8.47,True,32.80243,-97.52161,Texas,primacy,160.8,4600,2887,Sedimentary,Sandstone,0.3124,Moderate,False,184.52,3.36,345,345,88.2
Central Compressor Station,FLIGHT,Natural Gas Processing,High,,486210,,False,,,32.92548,-96.81613,TX,6.95,True,32.8651,-96.83519,Texas,primacy,150.3,4988,739,Unknown,Sedimentary,0.2411,Moderate,False,183.14,4.12,138,100-161,88.1
Cooper Compressor Station,FLIGHT,Natural Gas Processing,High,,486210,,False,,,32.92548,-96.81613,TX,6.95,True,32.8651,-96.83519,Texas,primacy,150.3,4988,739,Unknown,Sedimentary,0.2411,Moderate,False,183.14,4.12,138,100-161,88.1
RIVER CEMENT COMPANY DBA BUZZI UNICEM USA,FLIGHT,Cement,Medium,,327310,1557125,False,280.6,>=100 MW,38.1804,-90.3366,MO,4.25,True,38.19211,-90.38287,Missouri,federal,152.1,4926,746,,,0.1561,Low,False,479.72,3.35,138,100-161,88.1
West Monroe Station,FLIGHT,Natural Gas Processing,High,,486210,,False,,,32.55844,-92.18585,LA,7.9,True,32.48908,-92.16756,Louisiana,primacy,156.5,4741,4594,,,0.2319,Moderate,False,57.06,2.2,115,100-161,88.1
Winscott Compressor Station,FLIGHT,Natural Gas Processing,High,,486210,,False,,,32.48143,-97.51057,TX,7.89,True,32.55175,-97.52161,Texas,primacy,156.4,4735,3007,Unconsolidated,Unconsolidated,0.3644,Moderate,False,216.92,3.84,138,100-161,88.1
XTO - Fat Boy Station,FLIGHT,Natural Gas Processing,High,,211111,,False,,,32.50927,-97.30982,TX,7.55,True,32.55175,-97.24704,Texas,primacy,154.3,4816,3430,Sedimentary,Shale,0.2995,Moderate,False,215.52,0.9,138,100-161,88.1
AIR LIQUIDE - CORPUS CHRISTI SMR,FLIGHT,Industrial Gas,High,,325120,342879,False,61.8,50-100 MW,27.81391,-97.47235,TX,148.25,False,28.97953,-98.20803,Texas,primacy,163.8,4506,4971,Sedimentary,Shale,0.8989,Severe,False,137.55,0.82,69,UNDER 100,88.0
Hilight-Reno Junction Gas Plant,FLIGHT,Natural Gas Processing,High,,211130,58391,False,10.5,10-20 MW,43.84148,-105.36231,WY,12.3,True,43.83246,-105.20949,Wyoming,primacy,150.3,4989,3659,Sedimentary,Shale,0.0639,Very low/none,False,56.62,1.92,138,100-161,88.0
Longview Gas Plant,FLIGHT,Natural Gas Processing,High,,211130,,False,,,32.50361,-94.86806,TX,10.16,True,32.55175,-94.77594,Texas,primacy,171.3,4189,4493,Sedimentary,Shale,0.1901,Low,False,280.91,2.15,69,UNDER 100,88.0
XTO - Azle Station,FLIGHT,Natural Gas Processing,High,,211111,,False,,,32.87707,-97.54529,TX,8.59,True,32.80243,-97.52161,Texas,primacy,160.8,4600,2887,Sedimentary,Sandstone,0.3124,Moderate,False,172.82,1.54,345,345,88.0
ASH GROVE CEMENT COMPANY-SEATTLE,FLIGHT,Cement,Medium,,327310,367651,False,66.2,50-100 MW,47.56799,-122.34255,WA,4.69,True,47.53003,-122.36992,Washington,federal,199.8,3642,7,,,0.1226,Low,False,1154.23,0.92,230,220-287,87.9
Rio Vista Compressor Station,FLIGHT,Natural Gas Processing,High,,211111,,False,,,32.27195,-97.44912,TX,7.14,True,32.2384,-97.38433,Texas,primacy,150.1,4995,3376,Unknown,Sedimentary,0.3982,Moderate,False,240.5,6.95,69,UNDER 100,87.9
Robinson Lake Gas Plant,FLIGHT,Natural Gas Processing,High,,211130,70628,False,12.7,10-20 MW,48.06652,-102.35353,ND,13.62,True,47.96872,-102.46382,North Dakota,primacy,150.8,4961,4509,Sedimentary,Shale,0.1481,Low,False,39.92,3.18,115,100-161,87.9
AMERICAS STYRENICS LLC - ST JAMES PLANT,FLIGHT,Petrochemicals,Medium,,325110,771321,False,139.0,>=100 MW,30.08013,-90.916,LA,262.56,False,32.36374,-91.61842,Louisiana,primacy,154.4,4827,4846,Unconsolidated,Unconsolidated,0.493,High,True,5.37,0.62,-999999,NOT AVAILABLE,87.7
BASF CORP - GEISMAR SITE,FLIGHT,Petrochemicals,Medium,,325199,934158,False,168.3,>=100 MW,30.1979,-91.0035,LA,247.82,False,32.36374,-91.61842,Louisiana,primacy,154.4,4827,4846,Unconsolidated,Unconsolidated,0.493,High,True,7.13,0.82,230,220-287,87.7
EXXONMOBIL BATON ROUGE REFINERY AND CHEMICAL PLANT,FLIGHT,Petroleum Refining,Medium,,324110,5914862,False,1065.7,>=100 MW,30.48492,-91.17392,LA,213.13,False,32.36374,-91.61842,Louisiana,primacy,154.4,4827,4846,Unconsolidated,Unconsolidated,0.493,High,True,14.74,0.58,230,220-287,87.7
Garyville Refinery,FLIGHT,Petroleum Refining,Medium,,324110,4207065,False,758.0,>=100 MW,30.06132,-90.59353,LA,273.94,False,32.36374,-91.61842,Louisiana,primacy,154.4,4827,4846,Unconsolidated,Unconsolidated,0.493,High,True,26.59,0.13,230,220-287,87.7
Koch Methanol St. James,FLIGHT,Petrochemicals,Medium,,325199,652496,False,117.6,>=100 MW,29.98336,-90.87631,LA,273.94,False,32.36374,-91.61842,Louisiana,primacy,154.4,4827,4846,Unconsolidated,Unconsolidated,0.493,High,True,12.1,0.61,230,220-287,87.7
"Methanex USA, LLC - Geismar Methanol Plant",FLIGHT,Petrochemicals,Medium,,325199,1003452,False,180.8,>=100 MW,30.20595,-91.0207,LA,246.57,False,32.36374,-91.61842,Louisiana,primacy,154.4,4827,4846,Unconsolidated,Unconsolidated,0.493,High,True,5.35,0.85,230,220-287,87.7
NOVA CHEMICALS OLEFINS LLC,FLIGHT,Petrochemicals,Medium,,325110,737598,False,132.9,>=100 MW,30.23318,-91.051,LA,242.96,False,32.36374,-91.61842,Louisiana,primacy,154.4,4827,4846,Unconsolidated,Unconsolidated,0.493,High,True,1.84,0.43,138,100-161,87.7
Norco Manufacturing Complex,FLIGHT,Petroleum Refining,Medium,,324110,4143881,False,746.6,>=100 MW,30.00096,-90.40386,LA,287.01,False,32.36374,-91.61842,Louisiana,primacy,154.4,4827,4846,Unconsolidated,Unconsolidated,0.493,High,True,10.05,0.35,-999999,NOT AVAILABLE,87.7
Nucor Steel Louisiana LLC,FLIGHT,Iron & Steel,Medium,,331110,1086837,False,195.8,>=100 MW,30.08131,-90.86053,LA,263.83,False,32.36374,-91.61842,Louisiana,primacy,154.4,4827,4846,Unconsolidated,Unconsolidated,0.493,High,True,10.47,0.64,-999999,NOT AVAILABLE,87.7
PLACID REFINING CO LLC - PORT ALLEN REFINERY,FLIGHT,Petroleum Refining,Medium,,324110,655592,False,118.1,>=100 MW,30.4758,-91.20811,LA,213.51,False,32.36374,-91.61842,Louisiana,primacy,154.4,4827,4846,Unconsolidated,Unconsolidated,0.493,High,True,11.32,1.96,230,220-287,87.7
Plaquemine Cogen Facility,FLIGHT,Petrochemicals,Medium,,325199,2717565,False,489.7,>=100 MW,30.3215,-91.2392,LA,229.92,False,32.36374,-91.61842,Louisiana,primacy,154.4,4827,4846,Unconsolidated,Unconsolidated,0.493,High,True,5.24,0.39,230,220-287,87.7
SHELL CHEMICAL CO - GEISMAR PLANT,FLIGHT,Petrochemicals,Medium,,325110,1069814,False,192.8,>=100 MW,30.18416,-90.99289,LA,249.54,False,32.36374,-91.61842,Louisiana,primacy,154.4,4827,4846,Unconsolidated,Unconsolidated,0.493,High,True,8.54,0.75,230,220-287,87.7
SHINTECH PLAQUEMINE PLANT,FLIGHT,Petrochemicals,Medium,,325211,1050986,False,189.4,>=100 MW,30.2594,-91.1737,LA,237.77,False,32.36374,-91.61842,Louisiana,primacy,154.4,4827,4846,Unconsolidated,Unconsolidated,0.493,High,True,8.81,0.41,230,220-287,87.7
St Charles Operations (Taft/Star) Union Carbide Corp,FLIGHT,Petrochemicals,Medium,,325199,2757259,False,496.8,>=100 MW,29.9829,-90.4437,LA,287.35,False,32.36374,-91.61842,Louisiana,primacy,154.4,4827,4846,Unconsolidated,Unconsolidated,0.493,High,True,10.45,0.28,-999999,NOT AVAILABLE,87.7
The Dow Chemical Company -- Louisiana Operations,FLIGHT,Petrochemicals,Medium,,325199,2249995,False,405.4,>=100 MW,30.3209,-91.23901,LA,229.99,False,32.36374,-91.61842,Louisiana,primacy,154.4,4827,4846,Unconsolidated,Unconsolidated,0.493,High,True,5.24,0.39,230,220-287,87.7
"Valero Refining - New Orleans, L.L.C.",FLIGHT,Petroleum Refining,Medium,,324110,2848808,False,513.3,>=100 MW,29.98528,-90.39278,LA,289.03,False,32.36374,-91.61842,Louisiana,primacy,154.4,4827,4846,Unconsolidated,Unconsolidated,0.493,High,True,8.06,0.93,-999999,NOT AVAILABLE,87.7
Big Piney-LaBarge (Riley Ridge),Natural Dome,Natural CO2 Dome,High,~65,,,False,,,42.3,-110.2,WY,8.25,True,42.2657,-110.28897,Wyoming,primacy,156.3,4786,4703,Unconsolidated,Unconsolidated,0.0939,Very low/none,False,46.49,1.3,69,UNDER 100,87.7
PIKES PEAK GAS PLANT,FLIGHT,Natural Gas Processing,High,,211111,,False,,,30.63811,-102.94314,TX,18.35,True,30.48362,-102.87567,Texas,primacy,156.4,4773,0,Unconsolidated,Unconsolidated,0.2318,Moderate,True,0.9,0.14,69,UNDER 100,87.6
ARCHER DANIEL MIDLAND COMPANY,FLIGHT,Ethanol,High,,311221,1115108,False,200.9,>=100 MW,41.42139,-97.28861,NE,32.55,True,41.13763,-97.38433,Nebraska,application,150.2,4994,856,Sedimentary,Shale,0.4155,High,False,508.25,0.5,115,100-161,87.5
ASCEND PERFORMANCE MATERIALS CHOCOLATE BAYOU FACILITY,FLIGHT,Petrochemicals,Medium,,325199,553628,False,99.8,50-100 MW,29.2567,-95.2144,TX,200.19,False,29.98226,-97.10976,Texas,primacy,153.2,4864,3824,,,0.4857,High,True,20.81,0.27,138,100-161,87.5
CLEAR LAKE PLANT,FLIGHT,Petrochemicals,Medium,,325199,763279,False,137.5,>=100 MW,29.62437,-95.06288,TX,201.47,False,29.98226,-97.10976,Texas,primacy,153.2,4864,3824,,,0.4857,High,True,12.36,0.48,138,100-161,87.5
CalPortland Company Oro Grande Plant,FLIGHT,Cement,Medium,,327310,1424150,False,256.6,>=100 MW,34.6045,-117.3382,CA,8.37,True,34.61988,-117.42771,California,federal,175.9,3681,865,Unconsolidated,Unconsolidated,0.7397,Severe,False,789.05,2.49,220,220-287,87.5
Deer Park Refining Limited Partnership,FLIGHT,Petroleum Refining,Medium,,324110,3230829,False,582.1,>=100 MW,29.72222,-95.12694,TX,193.4,False,29.98226,-97.10976,Texas,primacy,153.2,4864,3824,,,0.4857,High,True,18.37,0.3,138,100-161,87.5
Galveston Bay Refinery,FLIGHT,Petroleum Refining,Medium,,324110,6633324,False,1195.2,>=100 MW,29.3775,-94.9328,TX,220.79,False,29.98226,-97.10976,Texas,primacy,153.2,4864,3824,,,0.4857,High,True,9.27,0.29,138,100-161,87.5
HOUSTON REFINING,FLIGHT,Petroleum Refining,Medium,,324110,1930871,False,347.9,>=100 MW,29.70857,-95.24124,TX,182.76,False,29.98226,-97.10976,Texas,primacy,153.2,4864,3824,,,0.4857,High,True,17.11,0.27,138,100-161,87.5
INEOS CHOCOLATE BAYOU PLANT,FLIGHT,Petrochemicals,Medium,,325211,2510015,False,452.3,>=100 MW,29.23063,-95.18849,TX,203.68,False,29.98226,-97.10976,Texas,primacy,153.2,4864,3824,,,0.4857,High,True,22.78,0.38,138,100-161,87.5
"INV Propylene, LLC",FLIGHT,Petrochemicals,Medium,,325110,556363,False,100.2,>=100 MW,29.70625,-95.25108,TX,181.87,False,29.98226,-97.10976,Texas,primacy,153.2,4864,3824,,,0.4857,High,True,17.22,0.07,138,100-161,87.5
KARI COMPRESSOR SITE,FLIGHT,Natural Gas Processing,High,,211111,,False,,,32.47455,-97.31504,TX,8.33,True,32.42641,-97.24704,Texas,primacy,155.8,4754,3754,Sedimentary,Shale,0.195,Low,False,219.29,1.47,138,100-161,87.5
Pembrook Gas Plant,FLIGHT,Natural Gas Processing,High,,211130,247009,False,44.5,20-50 MW,31.63268,-101.84331,TX,118.36,False,30.60896,-101.50283,Texas,primacy,151.5,4939,3464,,,0.2688,Moderate,True,2.65,7.58,69,UNDER 100,87.5
RED WING CREEK GAS PLANT II,FLIGHT,Natural Gas Processing,High,,211130,,False,,,47.61719,-103.54089,ND,9.68,True,47.65537,-103.4248,North Dakota,primacy,164.7,4337,4652,Sedimentary,Shale,0.2093,Moderate,False,50.61,0.18,115,100-161,87.5
Shell Deer Park Chemical,FLIGHT,Petrochemicals,Medium,,325110,523941,False,94.4,50-100 MW,29.72222,-95.12694,TX,193.4,False,29.98226,-97.10976,Texas,primacy,153.2,4864,3824,,,0.4857,High,True,18.37,0.3,138,100-161,87.5
TPC GROUP LLC,FLIGHT,Petrochemicals,Medium,,325110,730010,False,131.5,>=100 MW,29.69845,-95.2546,TX,181.69,False,29.98226,-97.10976,Texas,primacy,153.2,4864,3824,,,0.4857,High,True,16.57,0.31,69,UNDER 100,87.5
VALERO REFINING HOUSTON REFINERY,FLIGHT,Petroleum Refining,Medium,,324110,1266021,False,228.1,>=100 MW,29.72227,-95.2544,TX,181.25,False,29.98226,-97.10976,Texas,primacy,153.2,4864,3824,,,0.4857,High,True,18.99,0.99,138,100-161,87.5
Bondad Compressor Station,FLIGHT,Natural Gas Processing,High,,211130,,False,,,37.0881,-107.8829,CO,6.95,True,37.06404,-107.95515,Colorado,application,178.7,4141,4032,,,0.1822,Low,True,20.24,4.71,115,100-161,87.4
Gas Transmission Northwest Pipeline Chemult CS#13,FLIGHT,Natural Gas Processing,High,,486210,65717,False,11.8,10-20 MW,43.08216,-121.82834,OR,6.8,True,43.14309,-121.82079,Oregon,federal,272.1,2074,1409,Igneous,Andesite,0.1863,Low,False,971.73,0.74,69,UNDER 100,87.4
Air Products - Geismar 3 HYCO,FLIGHT,Industrial Gas,High,,325120,239814,False,43.2,20-50 MW,30.19641,-91.01745,LA,247.67,False,32.36374,-91.61842,Louisiana,primacy,154.4,4827,4846,Unconsolidated,Unconsolidated,0.493,High,True,5.87,0.35,230,220-287,87.3
Fossil Creek Compressor Station,FLIGHT,Natural Gas Processing,High,,486210,,False,,,32.85492,-97.29766,TX,8.17,True,32.8651,-97.38433,Texas,primacy,153.4,4852,3330,Sedimentary,Limestone,0.2834,Moderate,False,177.69,2.5,138,100-161,87.3
MISSISSIPPI LIME COMPANY,FLIGHT,Lime,Medium,,327410,2525594,False,455.1,>=100 MW,37.9742,-90.0678,MO,5.09,True,37.94142,-90.1083,Missouri,federal,152.8,4904,637,Sedimentary,Limestone,0.2236,Moderate,False,497.99,1.19,-999999,NOT AVAILABLE,87.3
VAL VERDE TREATER,FLIGHT,Natural Gas Processing,High,,211130,150656,False,27.1,20-50 MW,36.72753,-107.95564,NM,9.54,True,36.81335,-107.95515,New Mexico,federal,172.2,4314,3923,Sedimentary,Sandstone,0.1628,Low,True,7.49,0.74,115,100-161,87.3
BIG SPRING REFINERY,FLIGHT,Petroleum Refining,Medium,,324110,733267,False,132.1,>=100 MW,32.2691,-101.41767,TX,184.78,False,30.60896,-101.50283,Texas,primacy,151.5,4939,3464,,,0.2688,Moderate,True,7.51,0.62,138,100-161,87.2
Cargill Corn Milling North America,FLIGHT,Ethanol,High,,311221,510871,False,92.0,50-100 MW,41.53397,-96.0979,NE,32.86,True,41.827,-96.14878,Nebraska,application,150.3,4990,590,Sedimentary,Shale,0.3265,Moderate,False,501.22,0.87,345,345,87.2
Goat Hill Compressor Station,FLIGHT,Natural Gas Processing,High,,213112,,False,,,32.44279,-93.52574,LA,8.9,True,32.36374,-93.54039,Louisiana,primacy,157.3,4714,3710,Unconsolidated,Unconsolidated,0.231,Moderate,False,181.85,1.66,-999999,NOT AVAILABLE,87.2
Rangely Gas Plant,FLIGHT,Natural Gas Processing,High,,211130,,False,,,40.10648,-108.86702,CO,5.24,True,40.1349,-108.91614,Colorado,application,166.0,4484,4689,Sedimentary,Shale,0.0906,Very low/none,True,1.53,0.9,115,100-161,87.2
Texas Gas Transmission - Haughton Station,FLIGHT,Natural Gas Processing,High,,486210,25970,False,4.7,1-10 MW,32.47248,-93.50958,LA,11.23,True,32.42641,-93.40311,Louisiana,primacy,157.3,4726,4632,Unconsolidated,Unconsolidated,0.1732,Low,False,180.3,0.12,-999999,NOT AVAILABLE,87.2
BORGER REFINERY,FLIGHT,Petroleum Refining,Medium,,324110,1367497,False,246.4,>=100 MW,35.70306,-101.36305,TX,141.73,False,35.37193,-102.87567,Texas,primacy,150.9,4970,1678,Sedimentary,Shale,0.2814,Moderate,True,5.58,0.65,69,UNDER 100,87.1
LONE STAR INDUSTRIES,FLIGHT,Cement,Medium,,327310,866805,False,156.2,>=100 MW,37.2676,-89.5385,MO,5.55,True,37.31472,-89.55917,Missouri,federal,154.2,4851,1301,Sedimentary,Limestone,0.2243,Moderate,False,513.77,2.56,161,100-161,87.1
Lillian Compressor Station,FLIGHT,Natural Gas Processing,High,,486210,,False,,,32.4885,-97.194,TX,7.9,True,32.48908,-97.10976,Texas,primacy,150.2,4991,615,Sedimentary,Shale,0.3985,Moderate,False,219.49,0.28,138,100-161,87.1
"TALCO Midstream Assets, LTD. - Holly Common Point #5 Facility",FLIGHT,Natural Gas Processing,High,,211111,,False,,,32.91572,-96.77292,TX,8.09,True,32.8651,-96.83519,Texas,primacy,150.3,4988,739,Unknown,Sedimentary,0.2411,Moderate,False,185.79,0.42,138,100-161,87.0
Hereford Ethanol Partners LP (Hereford),Ethanol(EIA),Ethanol,High,,325193,343200,True,61.8,50-100 MW,34.849,-102.3111,Texas,39.27,True,34.80789,-102.73838,Texas,primacy,152.8,4909,2853,Unconsolidated,Unconsolidated,0.6198,High,False,69.51,0.42,115,100-161,87.0
Burleson Compressor Station,FLIGHT,Natural Gas Processing,High,,486210,,False,,,32.48642,-97.31287,TX,9.09,True,32.42641,-97.24704,Texas,primacy,155.8,4754,3754,Sedimentary,Shale,0.195,Low,False,218.0,1.86,138,100-161,86.8
COWTOWN GAS PROCESSING PLANT,FLIGHT,Natural Gas Processing,High,,211130,33466,False,6.0,1-10 MW,32.33363,-97.68064,TX,11.44,True,32.30107,-97.79618,Texas,primacy,151.5,4935,2639,Sedimentary,Limestone,0.8631,Severe,False,233.17,3.53,345,345,86.8
EUSTACE GAS PLANT,FLIGHT,Natural Gas Processing,High,,211111,,False,,,32.2781,-96.03744,TX,9.83,True,32.36374,-96.01149,Texas,primacy,160.9,4589,4138,Sedimentary,Shale,0.2937,Moderate,False,280.88,3.5,138,100-161,86.8
Latham Gas Plant,FLIGHT,Natural Gas Processing,High,,211130,80755,False,14.6,10-20 MW,40.25765,-104.73496,CO,5.33,True,40.26024,-104.79763,Colorado,application,181.9,3819,3336,Unconsolidated,Unconsolidated,0.2328,Moderate,False,281.53,3.85,230,220-287,86.8
"Par Montana, LLC Billings Refinery",FLIGHT,Petroleum Refining,Medium,,324110,719769,False,129.7,>=100 MW,45.81056,-108.43166,MT,6.37,True,45.77525,-108.36701,Montana,federal,157.7,4730,2262,Sedimentary,Sandstone,0.1126,Low,False,263.47,0.24,115,100-161,86.8
"CIG Station 5850 Cheyenne, CO",FLIGHT,Natural Gas Processing,High,,486210,91461,False,16.5,10-20 MW,40.90895,-104.89217,CO,5.77,True,40.94961,-104.93492,Colorado,application,178.4,4136,3368,Sedimentary,Sandstone,0.1707,Low,False,262.26,10.2,230,220-287,86.7
NATIONAL CEMENT CO OF CALIFORNIA INC,FLIGHT,Cement,Medium,,327310,683489,False,123.2,>=100 MW,34.81986,-118.74873,CA,7.36,True,34.87056,-118.80055,California,federal,163.9,4523,0,Igneous,Granite,0.9924,Severe,False,899.31,0.21,66,UNDER 100,86.7
Tex-Dallas Compressor Station,FLIGHT,Natural Gas Processing,High,,211111,,False,,,43.6597,-106.0105,WY,19.3,True,43.83246,-106.03319,Wyoming,primacy,156.6,4771,4957,Sedimentary,Shale,0.0908,Very low/none,True,16.12,10.29,115,100-161,86.7
"WIC Station 7938 Snake River, CO",FLIGHT,Natural Gas Processing,High,,486210,,False,,,40.97969,-107.71353,CO,10.95,True,41.07495,-107.68059,Wyoming,primacy,167.6,4454,4498,Sedimentary,Shale,0.1945,Low,False,92.77,50.61,69,UNDER 100,86.7
Mt. Olive Gas Plant,FLIGHT,Natural Gas Processing,High,,486210,31133,False,5.6,1-10 MW,32.57421,-92.68162,LA,14.92,True,32.67709,-92.57941,Louisiana,primacy,174.5,4246,4624,Unconsolidated,Unconsolidated,0.1898,Low,False,103.29,0.64,115,100-161,86.6
PHILLIPS 66 BILLINGS REFINERY,FLIGHT,Petroleum Refining,Medium,,324110,967045,False,174.2,>=100 MW,45.77639,-108.48444,MT,7.01,True,45.83792,-108.50429,Montana,federal,160.4,4632,1969,Sedimentary,Sandstone,0.4086,High,False,264.84,0.27,100,100-161,86.6
Bethel Gas Treating Facility,FLIGHT,Natural Gas Processing,High,,211130,62294,False,11.2,10-20 MW,31.80093,-96.11029,TX,14.27,True,31.92505,-96.14878,Texas,primacy,151.2,4946,4425,Sedimentary,Shale,0.3537,Moderate,False,264.14,0.42,345,345,86.5
"CIG Station 5680 Wamsutter, WY",FLIGHT,Natural Gas Processing,High,,486210,33730,False,6.1,1-10 MW,41.68011,-107.98589,WY,14.69,True,41.63899,-107.81787,Wyoming,primacy,170.1,4381,4895,Sedimentary,Shale,0.1543,Low,False,46.74,0.38,34,UNDER 100,86.4
Meeker Gas Plant,FLIGHT,Natural Gas Processing,High,,211130,361198,False,65.1,50-100 MW,39.91073,-108.29432,CO,30.6,True,39.82154,-107.95515,Colorado,application,179.8,4062,4150,,,0.2352,Moderate,False,54.22,1.88,230,220-287,86.4
PITTSBURG GAS PLANT,FLIGHT,Natural Gas Processing,High,,211130,,False,,,32.9381,-94.8889,TX,10.6,True,32.92778,-94.77594,Texas,primacy,163.4,4479,4650,Unconsolidated,Unconsolidated,0.3431,Moderate,False,302.38,2.07,46,UNDER 100,86.4
Briscoe Catarina West CGF B & C,FLIGHT,Natural Gas Processing,High,,211111,,False,,,28.29005,-99.85768,TX,13.22,True,28.29015,-99.99271,Texas,primacy,180.4,4015,4768,Unconsolidated,Unconsolidated,0.271,Moderate,False,301.26,16.76,138,100-161,86.3
WILLOW CREEK GAS PLANT,FLIGHT,Natural Gas Processing,High,,211130,292396,False,52.7,50-100 MW,39.83963,-108.24103,CO,24.49,True,39.82154,-107.95515,Colorado,application,179.8,4062,4150,,,0.2352,Moderate,False,61.73,4.98,230,220-287,86.3
PCS PHOSPHATE COMPANY INCORPORATED,FLIGHT,Ammonia/Fertilizer,High,,325312,321374,False,57.9,50-100 MW,35.37745,-76.77882,NC,12.93,True,35.4346,-76.65452,North Carolina,federal,150.2,4992,653,Other,Water,0.1534,Low,False,1180.86,0.37,230,220-287,86.1
ASH GROVE CEMENT-FOREMAN,FLIGHT,Cement,Medium,,327310,884375,False,159.3,>=100 MW,33.6936,-94.4166,AR,7.29,True,33.74249,-94.36409,Arkansas,federal,158.9,4689,1122,Unconsolidated,Unconsolidated,0.2553,Moderate,False,296.91,0.15,69,UNDER 100,86.0
Blue Mound Compressor Station,FLIGHT,Natural Gas Processing,High,,486210,,False,,,32.95004,-97.37812,TX,9.46,True,32.8651,-97.38433,Texas,primacy,153.4,4852,3330,Sedimentary,Limestone,0.2834,Moderate,False,166.1,2.32,345,345,86.0
Trawick Central Station,FLIGHT,Natural Gas Processing,High,,211111,,False,,,31.78987,-94.75904,TX,12.81,True,31.73703,-94.63866,Texas,primacy,175.3,4193,4941,Sedimentary,Sandstone,0.1982,Low,False,204.76,13.44,69,UNDER 100,86.0
XTO - Longhorn Station,FLIGHT,Natural Gas Processing,High,,211111,,False,,,32.92383,-97.45977,TX,9.61,True,32.8651,-97.38433,Texas,primacy,153.4,4852,3330,Sedimentary,Limestone,0.2834,Moderate,False,168.14,1.97,138,100-161,85.9
CALUMET LUBRICANTS CO LP CALUMET COTTON VALLEY,FLIGHT,Petroleum Refining,Medium,,324110,91428,False,16.5,10-20 MW,32.80056,-93.41278,LA,0.93,True,32.80243,-93.40311,Louisiana,primacy,159.9,4606,4581,Unconsolidated,Unconsolidated,0.2499,Moderate,False,174.95,0.7,115,100-161,85.8
PLATTEVILLE GAS PLANT,FLIGHT,Natural Gas Processing,High,,211130,46781,False,8.4,1-10 MW,40.23204,-104.79822,CO,3.14,True,40.26024,-104.79763,Colorado,application,181.9,3819,3336,Unconsolidated,Unconsolidated,0.2328,Moderate,False,278.47,1.18,230,220-287,85.8
Argos Cement LLC - Harleyville Plant,FLIGHT,Cement,Medium,,327310,617387,False,111.2,>=100 MW,33.22621,-80.45283,SC,6.8,True,33.17846,-80.49846,South Carolina,federal,152.4,4909,560,Unconsolidated,Unconsolidated,0.159,Low,False,796.44,1.39,115,100-161,85.6
BRENTWOOD COMPRESSOR STATION,FLIGHT,Natural Gas Processing,High,,211111,,False,,,32.76653,-97.26564,TX,10.1,True,32.67709,-97.24704,Texas,primacy,154.8,4797,3600,Unknown,Sedimentary,0.3363,Moderate,False,187.88,0.96,138,100-161,85.6
HOLCIM (US) INC.,FLIGHT,Cement,Medium,,327310,1205311,False,217.2,>=100 MW,33.27738,-80.43014,SC,7.0,True,33.3038,-80.49846,South Carolina,federal,154.1,4848,416,Unconsolidated,Unconsolidated,0.3835,Moderate,False,799.5,0.71,115,100-161,85.6
Lone Star Frac 6 & 8,FLIGHT,Natural Gas Processing,High,,486210,311005,False,56.0,50-100 MW,29.84774,-94.9243,TX,173.81,False,31.23567,-94.08952,Texas,primacy,167.3,4361,4815,,,0.2174,Moderate,False,37.53,0.22,138,100-161,85.6
McElmo Dome,Natural Dome,Natural CO2 Dome,High,~98,,,False,,,37.4,-108.8,CO,4.83,True,37.44006,-108.77886,Colorado,application,153.1,4891,2717,Sedimentary,Sandstone,0.6764,High,True,0.49,0.96,115,100-161,85.6
BPE CS Prairie Dog Booster (Ten Acre),FLIGHT,Natural Gas Processing,High,,211111,,False,,,44.93175,-106.87834,WY,9.87,True,44.89786,-106.99417,Wyoming,primacy,152.4,4913,4190,Sedimentary,Sandstone,0.1962,Low,False,108.93,1.67,230,220-287,85.5
Fletcher-Terhune Compressor Station,FLIGHT,Natural Gas Processing,High,,211111,,False,,,43.62009,-106.07063,WY,19.56,True,43.58178,-106.30775,Wyoming,primacy,150.6,4978,3144,Sedimentary,Sandstone,0.0943,Very low/none,True,12.79,16.46,115,100-161,85.5
LHOIST NORTH AMERICA,FLIGHT,Lime,Medium,,327410,845892,False,152.4,>=100 MW,38.00947,-90.07994,MO,6.84,True,38.06677,-90.1083,Illinois,federal,152.5,4914,646,,,0.2237,Moderate,False,497.66,5.2,-999999,NOT AVAILABLE,85.5
ALTO MAGIC VALLEY LLC,FLIGHT,Ethanol,High,,325193,44427,False,8.0,1-10 MW,42.52132,-113.81569,ID,3.54,True,42.51638,-113.85834,Idaho,federal,248.9,2676,1352,,,0.2633,Moderate,False,315.68,0.18,138,100-161,85.3
Arc Park Compressor Station,FLIGHT,Natural Gas Processing,High,,211111,,False,,,32.76971,-97.26289,TX,10.4,True,32.67709,-97.24704,Texas,primacy,154.8,4797,3600,Unknown,Sedimentary,0.3363,Moderate,False,187.58,0.6,138,100-161,85.3
Gulf South Pipeline - Sterlington Station,FLIGHT,Natural Gas Processing,High,,486210,5058,False,0.9,<1 MW,32.67155,-92.08936,LA,10.54,True,32.73976,-92.16756,Louisiana,primacy,152.9,4878,3716,Unconsolidated,Unconsolidated,0.2131,Moderate,False,52.37,1.12,115,100-161,85.3
RIDGE TREATER,FLIGHT,Natural Gas Processing,High,,486210,,False,,,31.11673,-96.29798,TX,13.47,True,31.173,-96.42334,Texas,primacy,174.9,4119,4976,Unconsolidated,Unconsolidated,0.6963,High,False,194.24,4.23,69,UNDER 100,85.3
TOLAR GAS PLANT,FLIGHT,Natural Gas Processing,High,,211112,,False,,,32.34378,-97.8885,TX,9.89,True,32.30107,-97.79618,Texas,primacy,151.5,4935,2639,Sedimentary,Limestone,0.8631,Severe,False,218.9,4.61,345,345,85.3
"Calumet Montana Refining, LLC",FLIGHT,Petroleum Refining,Medium,,324110,427371,False,77.0,50-100 MW,47.52361,-111.29417,MT,7.02,True,47.53003,-111.38724,Montana,federal,161.2,4631,1065,Sedimentary,Sandstone,0.2268,Moderate,False,546.59,0.23,115,100-161,85.2
EUNICE NATURAL GAS PROCESSING PLANT,FLIGHT,Natural Gas Processing,High,,211130,185977,False,33.5,20-50 MW,30.45527,-92.52996,LA,144.17,False,31.29834,-93.67767,Texas,primacy,172.7,4170,4532,,,0.244,Moderate,True,2.65,11.6,138,100-161,85.2
"KH Coushatta Gas Treating Facility Coushatta, LA",FLIGHT,Natural Gas Processing,High,,211112,,False,,,32.11157,-93.4922,LA,10.8,True,32.05039,-93.40311,Louisiana,primacy,156.4,4749,4204,Unconsolidated,Unconsolidated,0.2462,Moderate,False,183.26,6.47,-999999,NOT AVAILABLE,85.2
MYRTLE SPRINGS COMPRESSOR STATION,FLIGHT,Natural Gas Processing,High,,211111,,False,,,32.6319,-95.895,TX,11.08,True,32.61442,-96.01149,Texas,primacy,158.3,4682,3894,Sedimentary,Shale,0.3135,Moderate,False,256.08,1.26,138,100-161,85.2
XTO - Teague NE Station,FLIGHT,Natural Gas Processing,High,,211111,,False,,,31.6472,-96.233,TX,11.18,True,31.73703,-96.28606,Texas,primacy,159.0,4625,3867,Unconsolidated,Unconsolidated,0.2461,Moderate,False,249.55,0.94,69,UNDER 100,85.2
Newberry Gas Plant,FLIGHT,Natural Gas Processing,High,,211130,220378,False,39.7,20-50 MW,31.85272,-101.77782,TX,140.75,False,30.60896,-101.50283,Texas,primacy,151.5,4939,3464,,,0.2688,Moderate,True,6.68,1.23,69,UNDER 100,85.1
Cotton Belt Compressor Station,FLIGHT,Natural Gas Processing,High,,211120,,False,,,32.78121,-96.79676,TX,10.0,True,32.8651,-96.83519,Texas,primacy,150.3,4988,739,Unknown,Sedimentary,0.2411,Moderate,False,198.61,1.57,138,100-161,85.0
"EOG Resources, Inc. Smiley Hub",FLIGHT,Natural Gas Processing,High,,211130,35221,False,6.3,1-10 MW,29.16655,-97.63449,TX,15.7,True,29.16754,-97.79618,Texas,primacy,166.1,4452,4501,Sedimentary,Shale,0.3189,Moderate,False,107.81,1.11,345,345,84.9
Crouch Compressor Station,FLIGHT,Natural Gas Processing,High,,486210,,False,,,32.4771,-97.44147,TX,11.2,True,32.55175,-97.52161,Texas,primacy,156.4,4735,3007,Unconsolidated,Unconsolidated,0.3644,Moderate,False,217.79,0.79,345,345,84.8
Aera Energy Lost Hills,FLIGHT,Natural Gas Processing,High,,211120,147714,False,26.6,20-50 MW,35.29988,-119.7426,CA,2.01,True,35.30926,-119.76153,California,federal,172.9,4214,1178,Sedimentary,Sandstone,0.6933,High,False,968.62,3.17,500,500,84.7
"Copano Pipelines/Rocky Mountains, Hape 14, WY",FLIGHT,Natural Gas Processing,High,,486210,,False,,,44.83303,-106.81938,WY,10.67,True,44.89786,-106.7196,Wyoming,primacy,150.9,4966,4197,Sedimentary,Shale,0.1857,Low,False,99.7,8.18,69,UNDER 100,84.5
"EOG Resources, Inc. Lyssy Hub",FLIGHT,Natural Gas Processing,High,,211130,22999,False,4.1,1-10 MW,28.92,-98.0097,TX,14.83,True,29.0422,-98.07074,Texas,primacy,165.2,4494,4043,Sedimentary,Shale,0.4222,High,False,136.84,4.74,345,345,84.5
Foxskin Compressor Station,FLIGHT,Natural Gas Processing,High,,213112,,False,,,32.46736,-93.52596,LA,11.6,True,32.36374,-93.54039,Louisiana,primacy,157.3,4714,3710,Unconsolidated,Unconsolidated,0.231,Moderate,False,181.83,1.52,-999999,NOT AVAILABLE,84.5
Midkiff Gas Plant,FLIGHT,Natural Gas Processing,High,,211130,213819,False,38.5,20-50 MW,31.5026,-101.91199,TX,106.74,False,30.60896,-101.50283,Texas,primacy,151.5,4939,3464,,,0.2688,Moderate,True,6.25,6.54,69,UNDER 100,84.5
Opal Gas Plant,FLIGHT,Natural Gas Processing,High,,211130,206702,False,37.2,20-50 MW,41.7767,-110.3425,WY,54.55,False,42.2657,-110.28897,Wyoming,primacy,156.3,4786,4703,Unconsolidated,Unconsolidated,0.0939,Very low/none,True,25.38,2.23,230,220-287,84.5
"EOG Resources, Inc. Shiner Hub",FLIGHT,Natural Gas Processing,High,,211130,33809,False,6.1,1-10 MW,29.3699,-97.2703,TX,16.56,True,29.48089,-97.38433,Texas,primacy,169.4,4310,4657,,,0.1831,Low,False,90.41,8.38,138,100-161,84.4
XTO - Midpt Station,FLIGHT,Natural Gas Processing,High,,211111,,False,,,32.95337,-97.43997,TX,11.1,True,32.8651,-97.38433,Texas,primacy,153.4,4852,3330,Sedimentary,Limestone,0.2834,Moderate,False,165.05,1.84,138,100-161,84.4
East Toyah Gas Processing Plant,FLIGHT,Natural Gas Processing,High,,211130,173706,False,31.3,20-50 MW,31.36258,-103.68639,TX,28.08,True,31.11033,-103.69937,Texas,primacy,160.8,4644,4586,,,0.728,Severe,False,68.86,6.82,69,UNDER 100,84.2
McCallum Dome,Natural Dome,Natural CO2 Dome,High,~96,,,False,,,40.7,-106.3,CO,0.66,True,40.69893,-106.30775,Colorado,application,182.3,4017,2598,Sedimentary,Sandstone,0.2253,Moderate,False,197.36,0.64,115,100-161,84.2
EL CEDRO GAS Treating PLANT,FLIGHT,Natural Gas Processing,High,,213112,,False,,,36.6885,-107.4019,NM,0.37,True,36.68801,-107.40602,New Mexico,federal,179.9,4124,4584,Sedimentary,Shale,0.1794,Low,True,29.56,22.89,115,100-161,84.1
GRG - HUNTER MESA CS,FLIGHT,Natural Gas Processing,High,,211111,,False,,,39.46861,-107.71535,CO,3.94,True,39.44552,-107.68059,Colorado,application,203.3,3589,4492,Sedimentary,Shale,0.2549,Moderate,False,121.82,1.37,138,100-161,84.1
GIANT CEMENT COMPANY,FLIGHT,Cement,Medium,,327310,499783,False,90.1,50-100 MW,33.24278,-80.44222,SC,8.57,True,33.3038,-80.49846,South Carolina,federal,154.1,4848,416,Unconsolidated,Unconsolidated,0.3835,Moderate,False,797.73,0.37,-999999,NOT AVAILABLE,84.0
Mont Belvieu Fractionators,FLIGHT,Natural Gas Processing,High,,486210,293393,False,52.9,50-100 MW,29.85,-94.91,TX,172.96,False,31.23567,-94.08952,Texas,primacy,167.3,4361,4815,,,0.2174,Moderate,False,36.87,1.47,138,100-161,84.0
NUCOR STEEL - BERKELEY,FLIGHT,Iron & Steel,Medium,,331110,598948,False,107.9,>=100 MW,33.0041,-79.8816,SC,8.34,True,33.05312,-79.94933,South Carolina,federal,151.8,4928,697,Unconsolidated,Unconsolidated,0.1513,Low,False,845.41,0.52,230,220-287,83.9
Sonora Compressor Station,FLIGHT,Natural Gas Processing,High,,486210,65406,False,11.8,10-20 MW,30.2993,-100.6465,TX,17.52,True,30.17027,-100.54185,Texas,primacy,153.8,4843,2859,Sedimentary,Limestone,0.2322,Moderate,False,115.11,2.79,138,100-161,83.9
HEREFORD RANCH PROCESSING PLANT,FLIGHT,Natural Gas Processing,High,,211130,26162,False,4.7,1-10 MW,40.96273,-104.39081,CO,1.52,True,40.94961,-104.38578,Colorado,application,169.8,4364,3445,Sedimentary,Sandstone,0.1498,Low,False,292.51,3.02,345,345,83.8
CEMEX CONSTRUCTION MATERIALS SOUTH LLC,FLIGHT,Cement,Medium,,327310,243722,False,43.9,20-50 MW,40.20224,-105.2367,CO,2.37,True,40.19757,-105.20949,Colorado,application,164.4,4471,130,Unconsolidated,Unconsolidated,0.1505,Low,False,276.66,0.19,115,100-161,83.7
"COLUMBIA GULF TRANSMISSION, CORINTH COMPRESSOR STATION",FLIGHT,Natural Gas Processing,High,,486210,88279,False,15.9,10-20 MW,34.95933,-88.42114,MS,4.64,True,34.93323,-88.4609,Mississippi,application,152.8,4894,2002,Unconsolidated,Unconsolidated,0.1199,Low,False,307.26,0.64,161,100-161,83.7
Kemp Compressor Station,FLIGHT,Natural Gas Processing,High,,486210,,False,,,32.80785,-97.67133,TX,11.68,True,32.80243,-97.79618,Texas,primacy,152.7,4881,2667,Sedimentary,Sandstone,0.2995,Moderate,False,180.43,0.46,345,345,83.7
Tornado Gas Plant,FLIGHT,Natural Gas Processing,High,,211130,189046,False,34.1,20-50 MW,31.98205,-103.7044,TX,96.93,False,31.11033,-103.69937,Texas,primacy,160.8,4644,4586,,,0.728,Severe,True,17.79,22.99,138,100-161,83.7
Burda Golden Production Facility,FLIGHT,Natural Gas Processing,High,,211111,,False,,,29.07676,-97.69919,TX,13.81,True,29.16754,-97.79618,Texas,primacy,166.1,4452,4501,Sedimentary,Shale,0.3189,Moderate,False,110.42,7.68,138,100-161,83.6
XTO - Teague Townsite Station,FLIGHT,Natural Gas Processing,High,,211111,,False,,,31.6046,-96.2909,TX,13.99,True,31.54902,-96.42334,Texas,primacy,167.3,4371,3740,Sedimentary,Shale,0.2629,Moderate,False,246.2,4.21,69,UNDER 100,83.6
"GCC RIO GRANDE, INC. TIJERAS PLANT",FLIGHT,Cement,Medium,,327310,304227,False,54.8,50-100 MW,35.07132,-106.39228,NM,7.34,True,35.12125,-106.44504,New Mexico,federal,159.5,4596,0,Igneous,Intrusive,0.6285,High,True,16.89,7.94,115,100-161,83.5
PHP Praha Compressor Station,FLIGHT,Natural Gas Processing,High,,486210,129427,False,23.3,20-50 MW,29.52941,-97.04047,TX,25.29,True,29.6689,-97.24704,Texas,primacy,164.0,4489,4312,Sedimentary,Shale,0.3138,Moderate,False,86.65,0.56,138,100-161,83.5
Parrot Compressor Station,FLIGHT,Natural Gas Processing,High,,211111,,False,,,32.78641,-97.22742,TX,12.16,True,32.73976,-97.10976,Texas,primacy,154.1,4809,520,,,0.3294,Moderate,False,186.36,0.51,138,100-161,83.5
XTO - Morton Station,FLIGHT,Natural Gas Processing,High,,211111,,False,,,31.4886,-96.2929,TX,14.07,True,31.54902,-96.42334,Texas,primacy,167.3,4371,3740,Sedimentary,Shale,0.2629,Moderate,False,233.76,6.93,69,UNDER 100,83.5
"BARGATH, INC- HYRUP PROD FACILITY",FLIGHT,Natural Gas Processing,High,,213112,,False,,,39.36914,-108.06329,CO,2.93,True,39.38285,-108.09244,Colorado,application,192.4,3803,3596,Sedimentary,Shale,0.1241,Low,False,107.13,3.72,345,345,83.4
Lancaster Ranch Treater,FLIGHT,Natural Gas Processing,High,,486210,,False,,,28.72601,-99.03799,TX,14.27,True,28.85419,-99.03173,Texas,primacy,168.1,4339,4194,,,0.7256,Severe,False,236.58,7.22,138,100-161,83.4
U.S. Lime Compressor,FLIGHT,Natural Gas Processing,High,,211111,,False,,,32.44557,-97.56806,TX,12.58,True,32.55175,-97.52161,Texas,primacy,156.4,4735,3007,Unconsolidated,Unconsolidated,0.3644,Moderate,False,220.71,1.45,138,100-161,83.4
Wagner Compressor Station,FLIGHT,Natural Gas Processing,High,,211111,,False,,,32.44557,-97.56806,TX,12.58,True,32.55175,-97.52161,Texas,primacy,156.4,4735,3007,Unconsolidated,Unconsolidated,0.3644,Moderate,False,220.71,1.45,138,100-161,83.4
ASH GROVE CEMENT COMPANY-MONTANA CITY,FLIGHT,Cement,Medium,,327310,323958,False,58.4,50-100 MW,46.54448,-111.92062,MT,2.26,True,46.5273,-111.93638,Montana,federal,178.9,4070,0,,,0.1376,Low,False,496.97,0.25,69,UNDER 100,83.3
Falls City Compressor Station,FLIGHT,Natural Gas Processing,High,,211111,,False,,,28.93655,-97.99199,TX,14.02,True,29.0422,-98.07074,Texas,primacy,165.2,4494,4043,Sedimentary,Shale,0.4222,High,False,135.32,6.69,345,345,83.3
Gas Transmission Northwest Pipeline Rosalia CS#6,FLIGHT,Natural Gas Processing,High,,486210,113467,False,20.4,20-50 MW,47.27726,-117.40671,WA,1.6,True,47.27935,-117.42771,Washington,federal,181.4,3990,742,Unconsolidated,Unconsolidated,0.1751,Low,False,833.22,1.97,115,100-161,83.3
Gas Transmission Northwest Pipeline Wallula CS#8,FLIGHT,Natural Gas Processing,High,,486210,133440,False,24.0,20-50 MW,46.05315,-118.84393,WA,4.51,True,46.02593,-118.80055,Washington,federal,188.9,3848,290,Igneous,Basalt,0.1438,Low,False,839.59,1.21,230,220-287,83.3
MountainWest Pipeline - Thistle Creek Station (Tran),FLIGHT,Natural Gas Processing,High,,486210,23321,False,4.2,1-10 MW,39.81961,-111.46463,UT,5.12,True,39.82154,-111.52453,Utah,application,192.1,3912,1853,Unconsolidated,Unconsolidated,0.3471,Moderate,False,193.07,9.63,345,345,83.3
Encana Oil and Gas USA - GBU Moneta #1 Central,FLIGHT,Natural Gas Processing,High,,211111,,False,,,43.16089,-107.65212,WY,23.0,True,42.95507,-107.68059,Wyoming,primacy,157.7,4747,3354,,,0.1128,Low,True,14.27,13.86,115,100-161,83.2
GRG - HIGH MESA CS,FLIGHT,Natural Gas Processing,High,,211111,,False,,,39.39558,-108.05907,CO,3.2,True,39.38285,-108.09244,Colorado,application,192.4,3803,3596,Sedimentary,Shale,0.1241,Low,False,105.15,2.01,345,345,83.2
OQ CORP BAY CITY PLANT,FLIGHT,Petrochemicals,Medium,,325199,377710,False,68.1,50-100 MW,28.86192,-96.02076,TX,149.0,False,29.6689,-97.24704,Texas,primacy,164.0,4489,4312,Sedimentary,Shale,0.3138,Moderate,True,27.54,0.85,138,100-161,83.2
CHATHAM CMP STN,FLIGHT,Natural Gas Processing,High,,486210,186145,False,33.5,20-50 MW,32.31101,-92.46053,LA,30.5,True,32.55175,-92.30484,Louisiana,primacy,162.3,4539,4716,Unconsolidated,Unconsolidated,0.2288,Moderate,False,83.7,1.26,115,100-161,83.1
GILCREST GAS PLANT,FLIGHT,Natural Gas Processing,High,,211112,,False,,,40.27542,-104.80195,CO,1.73,True,40.26024,-104.79763,Colorado,application,181.9,3819,3336,Unconsolidated,Unconsolidated,0.2328,Moderate,False,283.29,3.9,230,220-287,83.1
Bear Draw - Bruin Compressor Station,FLIGHT,Natural Gas Processing,High,,211111,,False,,,44.31649,-106.3144,WY,12.52,True,44.27116,-106.17047,Wyoming,primacy,153.2,4883,4520,Sedimentary,Shale,0.0905,Very low/none,False,33.52,18.76,115,100-161,83.0
KERN RIVER GAS TRANSMISSION COMPANY: SALT LAKE COMPRESSOR STATION,FLIGHT,Natural Gas Processing,High,,486210,43871,False,7.9,1-10 MW,40.76585,-112.01193,UT,6.38,True,40.7616,-111.93638,Utah,application,186.1,3848,1414,Unconsolidated,Unconsolidated,0.2817,Moderate,False,204.33,0.97,138,100-161,83.0
"AIR PRODUCTS & CHEMICALS, INC, Tesoro Martinez",FLIGHT,Industrial Gas,High,,325120,34812,False,6.3,1-10 MW,38.02667,-122.06722,CA,3.52,True,38.00409,-122.09535,California,federal,238.7,2753,7,,,0.4697,High,False,1107.29,0.91,230,220-287,82.9
CF & I STEEL L P/ DBA ROCKY MOUNTAIN STEEL MILLS,FLIGHT,Iron & Steel,Medium,,331110,275194,False,49.6,20-50 MW,38.23263,-104.60726,CO,6.47,True,38.19211,-104.66035,Colorado,application,167.0,4484,1191,Sedimentary,Shale,0.1552,Low,False,61.3,0.42,138,100-161,82.9
Cleburne Compressor Station,FLIGHT,Natural Gas Processing,High,,486210,51667,False,9.3,1-10 MW,32.2931,-97.5506,TX,16.78,True,32.2384,-97.38433,Texas,primacy,150.1,4995,3376,Unknown,Sedimentary,0.3982,Moderate,False,237.7,2.39,138,100-161,82.9
Columbia Gulf Transmission - New Albany CS,FLIGHT,Natural Gas Processing,High,,486210,94860,False,17.1,10-20 MW,34.53053,-88.94903,MS,6.33,True,34.55721,-89.01004,Mississippi,application,154.4,4835,2739,Sedimentary,Limestone,0.2316,Moderate,False,241.17,1.44,500,500,82.9
"CIG Station 5320 Fort Lupton, CO",FLIGHT,Natural Gas Processing,High,,486210,20800,False,3.7,1-10 MW,40.13092,-104.75895,CO,3.32,True,40.1349,-104.79763,Colorado,application,178.4,3949,3423,Sedimentary,Sandstone,0.1653,Low,False,267.36,1.41,230,220-287,82.8
XTO - Chandler Station,FLIGHT,Natural Gas Processing,High,,211111,,False,,,31.4378,-96.2618,TX,15.41,True,31.42368,-96.42334,Texas,primacy,171.1,4216,3983,Unconsolidated,Unconsolidated,0.2683,Moderate,False,227.55,1.87,138,100-161,82.8
Brooksville South Cement Plant,FLIGHT,Cement,Medium,,327310,731488,False,131.8,>=100 MW,28.58226,-82.43083,FL,9.39,True,28.66617,-82.42043,Florida,federal,150.7,4975,1858,Sedimentary,Limestone,0.1775,Low,False,701.86,0.13,115,100-161,82.7
Gillis Compressor Station,FLIGHT,Natural Gas Processing,High,,486210,158048,False,28.5,20-50 MW,30.45803,-93.14796,LA,106.24,False,31.29834,-93.67767,Texas,primacy,172.7,4170,4532,,,0.244,Moderate,True,7.47,10.73,69,UNDER 100,82.7
Keenesburg Gas Plant,FLIGHT,Natural Gas Processing,High,,211130,40983,False,7.4,1-10 MW,40.1425,-104.46472,CO,5.03,True,40.1349,-104.52307,Colorado,application,177.0,4112,3299,Sedimentary,Sandstone,0.6994,High,False,270.92,1.98,230,220-287,82.7
PHP Coyanosa Compressor Station,FLIGHT,Natural Gas Processing,High,,486210,178180,False,32.1,20-50 MW,31.26248,-103.03131,TX,65.76,False,31.11033,-103.69937,Texas,primacy,160.8,4644,4586,,,0.728,Severe,True,29.76,6.61,69,UNDER 100,82.7
Vermillion Gas Plant,FLIGHT,Natural Gas Processing,High,,211130,31325,False,5.6,1-10 MW,41.05872,-108.76154,WY,15.65,True,41.13763,-108.91614,Wyoming,primacy,153.7,4867,4585,Sedimentary,Shale,0.1971,Low,False,35.4,44.29,230,220-287,82.7
XTO - New Teague Plant,FLIGHT,Natural Gas Processing,High,,211130,42017,False,7.6,1-10 MW,31.59137,-96.21636,TX,17.49,True,31.73703,-96.28606,Texas,primacy,159.0,4625,3867,Unconsolidated,Unconsolidated,0.2461,Moderate,False,243.14,5.15,138,100-161,82.7
Kenedy Gas Plant,FLIGHT,Natural Gas Processing,High,,486210,190241,False,34.3,20-50 MW,28.7516,-98.0138,TX,31.62,True,28.97953,-98.20803,Texas,primacy,163.8,4506,4971,Sedimentary,Shale,0.8989,Severe,False,136.69,1.62,345,345,82.6
Promix Fractionation Facility,FLIGHT,Natural Gas Processing,High,,211130,187436,False,33.8,20-50 MW,30.01036,-91.10677,LA,266.17,False,32.36374,-91.61842,Louisiana,primacy,154.4,4827,4846,Unconsolidated,Unconsolidated,0.493,High,True,9.13,1.61,-999999,100-161,82.6
CALUMET LUBRICANTS CO LP,FLIGHT,Petroleum Refining,Medium,,324110,93891,False,16.9,10-20 MW,32.58901,-93.51512,LA,3.69,True,32.61442,-93.54039,Louisiana,primacy,154.9,4801,4468,,,0.2279,Moderate,False,181.23,1.34,-999999,UNDER 100,82.5
Holcim (US) INC JOPPA PLANT,FLIGHT,Cement,Medium,,327310,380737,False,68.6,50-100 MW,37.21681,-88.87985,IL,3.97,True,37.25205,-88.87275,Illinois,federal,151.3,4955,4221,Sedimentary,Sandstone,0.3496,Moderate,False,520.76,0.22,161,100-161,82.5
Mosaic New Wales Facility,FLIGHT,Ammonia/Fertilizer,High,,325312,241418,False,43.5,20-50 MW,27.76468,-82.01892,FL,9.7,True,27.85146,-82.00858,Florida,federal,152.2,4918,2917,Unconsolidated,Unconsolidated,0.2347,Moderate,False,785.89,2.74,230,220-287,82.4
PIONEER NAT RESOURCES - COTTONTAIL PASS,FLIGHT,Natural Gas Processing,High,,211111,,False,,,37.21847,-104.7824,CO,3.97,True,37.25205,-104.79763,Colorado,application,192.6,3792,2941,Sedimentary,Conglomerate,0.2928,Moderate,False,36.66,10.33,69,UNDER 100,82.4
Cheyenne Hub Compressor Station 905,FLIGHT,Natural Gas Processing,High,,486210,60855,False,11.0,10-20 MW,40.94693,-104.79589,CO,6.67,True,40.88694,-104.79763,Colorado,application,173.4,4293,3479,Sedimentary,Shale,0.2452,Moderate,False,266.6,5.73,115,100-161,82.3
Vanguard - MAMM CREEK COMPRESSOR STATION,FLIGHT,Natural Gas Processing,High,,211111,,False,,,39.4917,-107.7089,CO,5.68,True,39.44552,-107.68059,Colorado,application,203.3,3589,4492,Sedimentary,Shale,0.2549,Moderate,False,120.8,0.76,138,100-161,82.3
CHS INC LAUREL REFINERY,FLIGHT,Petroleum Refining,Medium,,324110,918021,False,165.4,>=100 MW,45.65922,-108.76778,MT,11.58,True,45.64991,-108.91614,Montana,federal,161.7,4606,1986,Sedimentary,Sandstone,0.122,Low,False,276.14,0.4,115,100-161,82.2
Gulf South Pipeline - Vixen Station,FLIGHT,Natural Gas Processing,High,,486210,90126,False,16.2,10-20 MW,32.31184,-92.26827,LA,21.86,True,32.48908,-92.16756,Louisiana,primacy,156.5,4741,4594,,,0.2319,Moderate,False,66.1,15.69,115,100-161,82.2
Cheyenne Central Processing Facility,FLIGHT,Natural Gas Processing,High,,211130,,False,,,30.98559,-103.7447,TX,14.53,True,31.11033,-103.69937,Texas,primacy,160.8,4644,4586,,,0.728,Severe,False,86.65,10.7,69,UNDER 100,82.1
Legacy Gas Plant,FLIGHT,Natural Gas Processing,High,,211130,187003,False,33.7,20-50 MW,31.67491,-101.9875,TX,127.19,False,30.60896,-101.50283,Texas,primacy,151.5,4939,3464,,,0.2688,Moderate,True,11.17,6.59,138,100-161,82.1
SPINDLE GAS PROCESSING PLANT,FLIGHT,Natural Gas Processing,High,,211130,24750,False,4.5,1-10 MW,40.08894,-104.88419,CO,4.7,True,40.07222,-104.93492,Colorado,application,180.1,3987,3358,,,0.3798,Moderate,False,262.45,0.18,69,UNDER 100,82.1
WYOMING REFINING COMPANY,FLIGHT,Petroleum Refining,Medium,,324110,156346,False,28.2,20-50 MW,43.85126,-104.21486,WY,9.45,True,43.76979,-104.2485,Wyoming,primacy,153.3,4881,1987,Sedimentary,Shale,0.1115,Low,False,128.74,0.4,115,100-161,82.1
Gulf South Pipeline - Wilson Station,FLIGHT,Natural Gas Processing,High,,486210,165457,False,29.8,20-50 MW,29.2959,-95.93733,TX,133.39,False,29.6689,-97.24704,Texas,primacy,164.0,4489,4312,Sedimentary,Shale,0.3138,Moderate,True,5.63,5.05,138,100-161,82.0
LAS TIENDAS PLANT,FLIGHT,Natural Gas Processing,High,,486210,263870,False,47.5,20-50 MW,27.9605,-98.59408,TX,99.97,False,28.85419,-98.48259,Texas,primacy,171.5,4283,4540,Sedimentary,Shale,0.9092,Severe,False,214.81,12.79,69,UNDER 100,82.0
Texas Gas Transmission - Guthrie Station,FLIGHT,Natural Gas Processing,High,,486210,3606,False,0.6,<1 MW,32.67918,-92.02301,LA,13.72,True,32.80243,-92.03027,Louisiana,primacy,152.5,4904,3090,Unconsolidated,Unconsolidated,0.2954,Moderate,False,47.29,1.36,500,500,82.0
GRG - EAST MAMM CREEK CS,FLIGHT,Natural Gas Processing,High,,211111,,False,,,39.48949,-107.72325,CO,6.11,True,39.44552,-107.68059,Colorado,application,203.3,3589,4492,Sedimentary,Shale,0.2549,Moderate,False,119.93,1.4,138,100-161,81.9
GRG - MAMM CREEK CS,FLIGHT,Natural Gas Processing,High,,211111,,False,,,39.48949,-107.72325,CO,6.11,True,39.44552,-107.68059,Colorado,application,203.3,3589,4492,Sedimentary,Shale,0.2549,Moderate,False,119.93,1.4,138,100-161,81.9
Bienville Compressor Station,FLIGHT,Natural Gas Processing,High,,486210,,False,,,32.2961,-93.0547,LA,15.08,True,32.17573,-93.12854,Louisiana,primacy,162.4,4552,4836,Unconsolidated,Unconsolidated,0.2756,Moderate,False,139.01,14.1,-999999,NOT AVAILABLE,81.8
Paradise Compressor Station,FLIGHT,Natural Gas Processing,High,,211111,,False,,,42.68389,-109.80778,WY,16.93,True,42.70439,-109.60256,Wyoming,primacy,174.6,4278,0,Sedimentary,Shale,0.1415,Low,False,90.83,2.42,230,220-287,81.8
Wattenberg Gas Plant,FLIGHT,Natural Gas Processing,High,,211130,49506,False,8.9,1-10 MW,39.74643,-104.68153,CO,5.87,True,39.6962,-104.66035,Colorado,application,171.6,4305,4138,,,0.5173,High,False,225.09,0.3,230,220-287,81.8
XTO - HILL RANCH #1,FLIGHT,Natural Gas Processing,High,,211111,,False,,,37.0588,-104.8765,CO,5.22,True,37.06404,-104.93492,Colorado,application,196.9,3688,2913,Sedimentary,Sandstone,0.1844,Low,False,54.88,9.14,69,UNDER 100,81.8
FRONT RANGE ENERGY,FLIGHT,Ethanol,High,,325193,40775,False,7.3,1-10 MW,40.45598,-104.85755,CO,6.6,True,40.44825,-104.93492,Colorado,application,181.2,4008,3459,Sedimentary,Shale,0.3618,Moderate,False,296.11,0.24,230,220-287,81.7
PIONEER NAT RES - BURRO CANYON CS,FLIGHT,Natural Gas Processing,High,,211111,,False,,,37.15515,-104.66506,CO,3.83,True,37.18938,-104.66035,Colorado,application,187.1,3902,2693,Sedimentary,Sandstone,0.9349,Severe,False,35.54,0.8,115,100-161,81.7
Cureton - Front Range Gas Plant,FLIGHT,Natural Gas Processing,High,,211130,32807,False,5.9,1-10 MW,40.12706,-104.58604,CO,5.42,True,40.1349,-104.52307,Colorado,application,177.0,4112,3299,Sedimentary,Sandstone,0.6994,High,False,267.98,1.88,115,100-161,81.6
"The San Antonio Refinery, LLC",FLIGHT,Petroleum Refining,Medium,,324110,71715,False,12.9,10-20 MW,29.34758,-98.45906,TX,2.45,True,29.35555,-98.48259,Texas,primacy,154.3,4829,1468,Unconsolidated,Unconsolidated,0.2608,Moderate,False,189.82,1.7,138,100-161,81.6
Calgren Renewable Fuels LLC (Pixley),Ethanol(EIA),Ethanol,High,,325193,157300,True,28.3,20-50 MW,35.998,-119.3039,California,4.12,True,35.99864,-119.34968,California,federal,160.4,4639,2881,Unconsolidated,Unconsolidated,0.8735,Severe,False,911.38,3.68,66,UNDER 100,81.6
"EPNG Station 6525 Florida, NM",FLIGHT,Natural Gas Processing,High,,486210,110505,False,19.9,10-20 MW,32.2753,-108.06751,NM,4.73,True,32.2384,-108.09244,New Mexico,federal,191.7,3791,1380,Unconsolidated,Unconsolidated,0.2131,Moderate,False,353.6,26.82,115,100-161,81.5
Taylor Gas Plant,FLIGHT,Natural Gas Processing,High,,211130,181056,False,32.6,20-50 MW,31.84539,-101.77588,TX,139.91,False,30.60896,-101.50283,Texas,primacy,151.5,4939,3464,,,0.2688,Moderate,True,6.01,1.73,69,UNDER 100,81.5
WYOMING LIME PRODUCERS,FLIGHT,Lime,Medium,,327410,160425,False,28.9,20-50 MW,44.9962,-108.625,WY,10.29,True,44.96053,-108.50429,Wyoming,primacy,151.3,4952,1707,,,0.3268,Moderate,False,207.19,1.92,69,UNDER 100,81.4
XTO-Freestone Central Station,FLIGHT,Natural Gas Processing,High,,211111,,False,,,31.5146,-96.2576,TX,16.17,True,31.54902,-96.42334,Texas,primacy,167.3,4371,3740,Sedimentary,Shale,0.2629,Moderate,False,235.73,2.7,69,UNDER 100,81.4
Argos Cement LLC,FLIGHT,Cement,Medium,,327310,808554,False,145.7,>=100 MW,29.69067,-82.58213,FL,11.17,True,29.6689,-82.695,Florida,federal,153.0,4884,1021,Unconsolidated,Unconsolidated,0.1717,Low,False,632.54,0.25,-999999,NOT AVAILABLE,81.3
32-8 #2 CDP COMPRESSOR STATION,FLIGHT,Natural Gas Processing,High,,213112,,False,,,36.9569,-107.6631,NM,2.55,True,36.93869,-107.68059,New Mexico,federal,174.9,4250,4365,Sedimentary,Shale,0.2058,Moderate,True,25.67,13.07,115,100-161,81.2
GREELEY GAS PLANT,FLIGHT,Natural Gas Processing,High,,211130,34967,False,6.3,1-10 MW,40.36424,-104.73032,CO,6.18,True,40.38558,-104.79763,Colorado,application,178.4,4021,3496,Unconsolidated,Unconsolidated,0.2357,Moderate,False,293.39,0.58,69,UNDER 100,81.2
King Ranch Gas Plant,FLIGHT,Natural Gas Processing,High,,486210,254984,False,45.9,20-50 MW,27.4656,-98.0576,TX,159.93,False,28.85419,-98.48259,Texas,primacy,171.5,4283,4540,Sedimentary,Shale,0.9092,Severe,False,204.55,0.58,138,100-161,81.2
Lybrook Natural Gas Processing Plant,FLIGHT,Natural Gas Processing,High,,211112,,False,,,36.2312,-107.5463,NM,2.03,True,36.24932,-107.5433,New Mexico,federal,171.8,4410,3895,Sedimentary,Shale,0.1715,Low,True,16.22,51.4,115,100-161,81.2
AMERICAN GYPSUM COMPANY,FLIGHT,Minerals,Medium,,327420,74893,False,13.5,10-20 MW,39.65889,-106.95611,CO,4.31,True,39.63353,-106.99417,Colorado,application,260.8,2774,533,Sedimentary,Sandstone,0.1296,Low,False,171.43,2.77,69,UNDER 100,81.1
GREY RANCH TREATING PLANT,FLIGHT,Natural Gas Processing,High,,211111,,False,,,30.5541,-102.4411,TX,24.39,True,30.35828,-102.32653,Texas,primacy,153.5,4875,179,Sedimentary,Limestone,0.1699,Low,True,0.71,16.03,230,220-287,81.1
GRG - PUMBA CS,FLIGHT,Natural Gas Processing,High,,211111,,False,,,39.46492,-107.75647,CO,6.86,True,39.44552,-107.68059,Colorado,application,203.3,3589,4492,Sedimentary,Shale,0.2549,Moderate,False,119.21,2.98,345,345,81.1
Lhoist North America /Clifton Plant,FLIGHT,Lime,Medium,,327410,453290,False,81.7,50-100 MW,31.71413,-97.59221,TX,36.21,True,31.98772,-97.38433,Texas,primacy,152.0,4909,3361,Other,Water,0.6242,High,False,279.69,1.37,138,100-161,81.1
MARLA COMPRESSOR STATION,FLIGHT,Natural Gas Processing,High,,486210,,False,,,40.2767,-104.5475,CO,2.77,True,40.26024,-104.52307,Colorado,application,175.6,4044,3258,Unconsolidated,Unconsolidated,0.6955,High,False,284.87,3.39,69,UNDER 100,81.1
Plaquemine NGL Fractionation Plant,FLIGHT,Natural Gas Processing,High,,211130,170769,False,30.8,20-50 MW,30.2355,-91.23838,LA,239.39,False,32.36374,-91.61842,Louisiana,primacy,154.4,4827,4846,Unconsolidated,Unconsolidated,0.493,High,True,2.81,0.45,230,220-287,81.1
Redtail Gas Plant,FLIGHT,Natural Gas Processing,High,,211130,11992,False,2.2,1-10 MW,40.82612,-103.86426,CO,2.33,True,40.82427,-103.83665,Colorado,application,165.2,4453,2835,Sedimentary,Sandstone,0.2455,Moderate,False,335.65,4.78,230,220-287,81.1
Agua Dulce,FLIGHT,Natural Gas Processing,High,,486210,253109,False,45.6,20-50 MW,27.74716,-97.81804,TX,139.23,False,28.85419,-98.48259,Texas,primacy,171.5,4283,4540,Sedimentary,Shale,0.9092,Severe,False,165.66,2.36,138,100-161,81.0
LA PLATA \A\ CMP STN,FLIGHT,Natural Gas Processing,High,,486210,,False,,,37.14358,-107.78677,CO,3.33,True,37.12671,-107.81787,Colorado,application,178.8,4125,3777,Sedimentary,Shale,0.2725,Moderate,False,30.55,0.15,115,100-161,81.0
BRIDGEPORT ETHANOL LLC,FLIGHT,Ethanol,High,,325193,53788,False,9.7,1-10 MW,41.6559,-103.09363,NE,5.07,True,41.63899,-103.15023,Nebraska,application,157.6,4715,2002,Unconsolidated,Unconsolidated,0.3085,Moderate,False,328.29,2.03,115,100-161,80.9
"Gas Transmission Northwest Starbuck Sta.#7 (Starbuck, WA)",FLIGHT,Natural Gas Processing,High,,486210,133778,False,24.1,20-50 MW,46.51858,-118.12738,WA,6.08,True,46.46463,-118.11413,Washington,federal,183.1,3958,398,Igneous,Basalt,0.2506,Moderate,False,821.68,7.5,69,UNDER 100,80.9
"NGPL Station 802, Paris, TX",FLIGHT,Natural Gas Processing,High,,486210,8602,False,1.5,1-10 MW,33.60183,-95.62477,TX,15.14,True,33.61715,-95.46236,Texas,primacy,152.1,4924,1161,Sedimentary,Shale,0.1939,Low,False,205.78,2.22,69,UNDER 100,80.9
XTO - Teague SW & SR Station,FLIGHT,Natural Gas Processing,High,,211111,,False,,,31.6145,-96.2082,TX,15.49,True,31.73703,-96.28606,Texas,primacy,159.0,4625,3867,Unconsolidated,Unconsolidated,0.2461,Moderate,False,245.49,4.2,138,100-161,80.9
Big Piney Compressor Station,FLIGHT,Natural Gas Processing,High,,213112,,False,,,42.4023,-110.2891,WY,15.19,True,42.2657,-110.28897,Wyoming,primacy,156.3,4786,4703,Unconsolidated,Unconsolidated,0.0939,Very low/none,False,59.37,12.41,69,UNDER 100,80.8
Little Thunder-Stratus Compressor Station,FLIGHT,Natural Gas Processing,High,,211111,,False,,,43.70854,-105.4487,WY,14.38,True,43.58178,-105.48405,Wyoming,primacy,151.1,4963,4329,Sedimentary,Shale,0.1821,Low,False,58.83,0.96,138,100-161,80.8
St. Lawrence Gas Plant,FLIGHT,Natural Gas Processing,High,,211130,172984,False,31.2,20-50 MW,31.83152,-101.68269,TX,137.01,False,30.60896,-101.50283,Texas,primacy,151.5,4939,3464,,,0.2688,Moderate,True,2.13,8.51,138,100-161,80.8
"CIG Station 5950 Watkins, CO",FLIGHT,Natural Gas Processing,High,,486210,42456,False,7.6,1-10 MW,39.74528,-104.69891,CO,6.38,True,39.6962,-104.66035,Colorado,application,171.6,4305,4138,,,0.5173,High,False,224.85,1.37,230,220-287,80.7
Driver/Johnson Gas Plant,FLIGHT,Natural Gas Processing,High,,211130,172219,False,31.0,20-50 MW,31.5026,-101.91199,TX,106.74,False,30.60896,-101.50283,Texas,primacy,151.5,4939,3464,,,0.2688,Moderate,True,6.25,6.54,69,UNDER 100,80.7
Pecos River Compressor Station,FLIGHT,Natural Gas Processing,High,,486210,29042,False,5.2,1-10 MW,30.30042,-100.64464,TX,17.52,True,30.17027,-100.54185,Texas,primacy,153.8,4843,2859,Sedimentary,Limestone,0.2322,Moderate,False,115.27,2.94,138,100-161,80.7
MVS Compressor Station,FLIGHT,Natural Gas Processing,High,,211111,,False,,,39.27718,-107.74001,CO,7.0,True,39.32018,-107.68059,Colorado,application,200.8,3611,4648,Sedimentary,Shale,0.2754,Moderate,False,133.74,1.4,138,100-161,80.6
Rocky Turbine Compressor Station,FLIGHT,Natural Gas Processing,High,,211111,,False,,,40.4639,-104.4039,CO,2.32,True,40.44825,-104.38578,Colorado,application,169.4,4231,3265,Unconsolidated,Unconsolidated,0.5013,High,False,307.03,15.25,115,100-161,80.6
Air Liquide Hydrogen Plant,FLIGHT,Industrial Gas,High,,325120,72277,False,13.0,10-20 MW,48.46767,-122.55398,WA,3.46,True,48.47009,-122.5072,Unknown,unknown,199.6,3657,18,Other,Water,0.1203,Low,False,1218.49,0.23,69,UNDER 100,80.5
Vanguard - BAILEY COMPRESSOR STATION,FLIGHT,Natural Gas Processing,High,,211111,,False,,,39.5075,-107.6464,CO,7.49,True,39.44552,-107.68059,Colorado,application,203.3,3589,4492,Sedimentary,Shale,0.2549,Moderate,False,124.32,1.69,230,220-287,80.5
XTO - TRWD Station,FLIGHT,Natural Gas Processing,High,,211111,,False,,,32.97054,-97.48439,TX,14.99,True,32.8651,-97.38433,Texas,primacy,153.4,4852,3330,Sedimentary,Limestone,0.2834,Moderate,False,162.78,2.87,138,100-161,80.5
ALLIANCE COMPRESSOR STATION,FLIGHT,Natural Gas Processing,High,,211130,48988,False,8.8,1-10 MW,33.03512,-97.33143,TX,19.54,True,32.8651,-97.38433,Texas,primacy,153.4,4852,3330,Sedimentary,Limestone,0.2834,Moderate,False,157.4,7.23,138,100-161,80.4
Century Gas Plant,FLIGHT,Natural Gas Processing,High,,211120,7033,False,1.3,1-10 MW,30.6104,-102.57937,TX,26.0,True,30.42095,-102.73838,Texas,primacy,154.9,4820,190,Unconsolidated,Unconsolidated,0.219,Moderate,True,1.1,3.09,230,220-287,80.4
MountainWest Pipeline - Oak Spring Station (Tran),FLIGHT,Natural Gas Processing,High,,486210,68158,False,12.3,10-20 MW,39.6533,-110.9802,UT,9.18,True,39.57086,-110.97539,Utah,application,172.6,4332,4380,Sedimentary,Shale,0.1783,Low,False,164.01,3.78,345,345,80.4
Panther Gas Plant,FLIGHT,Natural Gas Processing,High,,211130,168370,False,30.3,20-50 MW,31.64111,-102.19376,TX,132.28,False,30.60896,-101.50283,Texas,primacy,151.5,4939,3464,,,0.2688,Moderate,True,22.75,12.29,69,UNDER 100,80.4
PIONEER NAT RESOURCES - WET CANYON CS,FLIGHT,Natural Gas Processing,High,,211111,,False,,,37.1519,-104.85782,CO,6.03,True,37.12671,-104.79763,Colorado,application,192.1,3812,2834,Sedimentary,Sandstone,0.1871,Low,False,45.43,1.47,69,UNDER 100,80.3
Bandera Compressor Station,FLIGHT,Natural Gas Processing,High,,486210,39353,False,7.1,1-10 MW,29.74086,-99.14353,TX,18.46,True,29.60623,-99.03173,Texas,primacy,150.9,4961,345,Sedimentary,Limestone,0.3169,Moderate,False,267.24,3.13,138,100-161,80.2
DIAMOND SHAMROCK REFINING VALERO,FLIGHT,Petroleum Refining,Medium,,324110,668326,False,120.4,>=100 MW,28.45667,-98.19028,TX,52.61,False,28.85419,-98.48259,Texas,primacy,171.5,4283,4540,Sedimentary,Shale,0.9092,Severe,False,158.48,0.21,138,100-161,80.2
NORTHWEST PIPELINE GP WASHOUGAL C/S,FLIGHT,Natural Gas Processing,High,,486210,10942,False,2.0,1-10 MW,45.63236,-122.36516,WA,1.99,True,45.64991,-122.36992,Washington,federal,224.7,3206,176,Igneous,Basalt,0.1355,Low,False,1069.38,3.0,345,345,80.2
ROGGEN GAS PLANT,FLIGHT,Natural Gas Processing,High,,211130,33721,False,6.1,1-10 MW,40.11756,-104.38744,CO,5.04,True,40.07222,-104.38578,Colorado,application,164.4,4483,3206,,,0.4634,High,False,269.17,2.44,115,100-161,80.2
"SNG Station 4020 Bear Creek Storage, LA",FLIGHT,Natural Gas Processing,High,,486210,30318,False,5.5,1-10 MW,31.72861,-93.05762,LA,19.71,True,31.73703,-93.26582,Louisiana,primacy,164.7,4481,4760,Unconsolidated,Unconsolidated,0.2898,Moderate,False,142.62,0.79,115,100-161,80.2
CORVETTE GAS PROCESSING PLANT,FLIGHT,Natural Gas Processing,High,,211112,,False,,,32.4464,-97.6352,TX,15.83,True,32.55175,-97.52161,Texas,primacy,156.4,4735,3007,Unconsolidated,Unconsolidated,0.3644,Moderate,False,220.57,3.53,138,100-161,80.1
Hawkins Gas Plant,FLIGHT,Natural Gas Processing,High,,211130,81902,False,14.8,10-20 MW,32.6105,-95.1957,TX,24.58,True,32.42641,-95.05051,Texas,primacy,165.2,4437,4998,Sedimentary,Shale,0.2052,Moderate,False,302.47,0.28,138,100-161,80.1
"KOCH FERTILIZER DODGE CITY, LLC",FLIGHT,Ammonia/Fertilizer,High,,325311,541912,False,97.6,50-100 MW,37.77995,-100.00572,KS,210.02,False,38.56813,-102.18925,Colorado,application,150.4,4985,1855,Sedimentary,Shale,0.4181,High,False,102.05,2.53,115,100-161,80.1
Keystone Gas Plant,FLIGHT,Natural Gas Processing,High,,486210,149217,False,26.9,20-50 MW,31.94693,-103.04321,TX,111.9,False,31.11033,-103.69937,Texas,primacy,160.8,4644,4586,,,0.728,Severe,True,14.33,1.34,138,100-161,80.1
Rebel Gas Plant,FLIGHT,Natural Gas Processing,High,,211130,164998,False,29.7,20-50 MW,31.88755,-101.702,TX,143.43,False,30.60896,-101.50283,Texas,primacy,151.5,4939,3464,,,0.2688,Moderate,True,3.14,2.1,138,100-161,80.1
SAN JUAN RIVER GAS PLANT,FLIGHT,Natural Gas Processing,High,,211130,,False,,,36.7592,-108.35967,NM,1.15,True,36.75068,-108.36701,New Mexico,federal,158.3,4716,3216,,,0.1992,Low,True,29.18,0.97,115,100-161,80.1
"TGP Station 40 Natchitoches, LA",FLIGHT,Natural Gas Processing,High,,486210,29642,False,5.3,1-10 MW,31.72861,-93.05762,LA,19.71,True,31.73703,-93.26582,Louisiana,primacy,164.7,4481,4760,Unconsolidated,Unconsolidated,0.2898,Moderate,False,142.62,0.79,115,100-161,80.1
VERDIGRIS PLT,FLIGHT,Ammonia/Fertilizer,High,,325311,3354663,False,604.4,>=100 MW,36.23352,-95.7191,OK,54.02,False,35.74795,-95.73693,Oklahoma,application,150.8,4970,1341,Sedimentary,Sandstone,0.1588,Low,False,81.03,0.22,138,100-161,80.1
Big River Steel LLC,FLIGHT,Iron & Steel,Medium,,331110,380303,False,68.5,50-100 MW,35.69699,-90.03732,AR,6.54,True,35.68528,-90.1083,Arkansas,federal,151.7,4937,4300,Unconsolidated,Unconsolidated,0.3987,Moderate,False,334.8,0.99,500,500,80.0
Dubberly Refrigeration Plant,FLIGHT,Natural Gas Processing,High,,211130,13886,False,2.5,1-10 MW,32.52176,-93.21427,LA,18.01,True,32.55175,-93.40311,Louisiana,primacy,161.9,4564,4787,Unconsolidated,Unconsolidated,0.18,Low,False,152.68,3.42,-999999,NOT AVAILABLE,80.0
Fredrick Compressor Station,FLIGHT,Natural Gas Processing,High,,211111,,False,,,40.0573,-104.8852,CO,4.54,True,40.07222,-104.93492,Colorado,application,180.1,3987,3358,,,0.3798,Moderate,False,258.93,1.78,69,UNDER 100,80.0
"KOCH FERTILIZER BEATRICE, LLC",FLIGHT,Ammonia/Fertilizer,High,,325311,795150,False,143.3,>=100 MW,40.31909,-96.8414,NE,101.87,False,41.13763,-97.38433,Nebraska,application,150.2,4994,856,Sedimentary,Shale,0.4155,High,False,380.04,2.93,115,100-161,80.0
Koch Meeker Gas Plant,FLIGHT,Natural Gas Processing,High,,211112,,False,,,39.97774,-107.76362,CO,5.82,True,40.00955,-107.81787,Colorado,application,188.6,3913,2355,Unconsolidated,Unconsolidated,0.1446,Low,False,96.13,15.11,69,UNDER 100,80.0
Mosaic Bartow Facility,FLIGHT,Ammonia/Fertilizer,High,,325312,190218,False,34.3,20-50 MW,27.89157,-81.80057,FL,7.39,True,27.91413,-81.87129,Florida,federal,151.8,4926,2739,Unconsolidated,Unconsolidated,0.8426,Severe,False,795.4,2.31,69,UNDER 100,80.0
NORTHWEST PIPELINE GP GREEN RIVER C/S,FLIGHT,Natural Gas Processing,High,,486210,26998,False,4.9,1-10 MW,41.5249,-109.52111,WY,27.54,True,41.51365,-109.19071,Wyoming,primacy,150.8,4972,3051,Sedimentary,Sandstone,0.1858,Low,True,5.21,2.73,230,220-287,80.0
TERRA INTERNATIONAL (OKLAHOMA) LLC,FLIGHT,Ammonia/Fertilizer,High,,325311,1190500,False,214.5,>=100 MW,36.43722,-99.47108,OK,210.83,False,34.55721,-99.16901,Oklahoma,application,150.3,4990,995,Unconsolidated,Unconsolidated,0.4771,High,False,89.12,0.08,69,UNDER 100,80.0
INV Nylon Chemicals Americas Victoria Site,FLIGHT,Petrochemicals,Medium,,325199,1518293,False,273.6,>=100 MW,28.68874,-96.94199,TX,98.01,False,29.48089,-97.38433,Texas,primacy,169.4,4310,4657,,,0.1831,Low,False,34.15,0.58,138,100-161,79.9
KERN RIVER GAS TRANSMISSION COMPANY: MUDDY CREEK COMPRESSOR STATION,FLIGHT,Natural Gas Processing,High,,486210,215566,False,38.8,20-50 MW,42.02346,-110.56922,WY,35.49,True,42.2657,-110.28897,Wyoming,primacy,156.3,4786,4703,Unconsolidated,Unconsolidated,0.0939,Very low/none,False,43.17,10.8,345,345,79.9
NORTHWEST PIPELINE GP - SNOHOMISH C/S,FLIGHT,Natural Gas Processing,High,,486210,69638,False,12.5,10-20 MW,47.78943,-122.05728,WA,3.01,True,47.78071,-122.09535,Washington,federal,194.1,3712,149,Unconsolidated,Unconsolidated,0.1074,Low,False,1147.78,2.41,500,500,79.9
Patrick Draw Gas Plant,FLIGHT,Natural Gas Processing,High,,211130,,False,,,41.5786,-108.5201,WY,25.8,True,41.45098,-108.77886,Wyoming,primacy,154.6,4846,4390,,,0.1116,Low,True,1.25,4.18,230,220-287,79.9
UCC SEADRIFT OPERATIONS,FLIGHT,Petrochemicals,Medium,,325199,583731,False,105.2,>=100 MW,28.51064,-96.77153,TX,123.25,False,29.48089,-97.38433,Texas,primacy,169.4,4310,4657,,,0.1831,Low,False,34.94,0.09,138,100-161,79.9
"EOG Resources, Inc. Hays Compressor Station",FLIGHT,Natural Gas Processing,High,,211111,,False,,,32.4083,-97.55749,TX,16.3,True,32.55175,-97.52161,Texas,primacy,156.4,4735,3007,Unconsolidated,Unconsolidated,0.3644,Moderate,False,224.88,1.12,138,100-161,79.7
Gateway/Heim Gas Plant,FLIGHT,Natural Gas Processing,High,,211130,161066,False,29.0,20-50 MW,31.64486,-101.63231,TX,115.84,False,30.60896,-101.50283,Texas,primacy,151.5,4939,3464,,,0.2688,Moderate,True,18.04,3.78,69,UNDER 100,79.7
MESSER LLC CORTEZ PLANT,FLIGHT,Industrial Gas,High,,325120,828,False,0.1,<1 MW,37.34379,-108.7601,CO,10.83,True,37.44006,-108.77886,Colorado,application,153.1,4891,2717,Sedimentary,Sandstone,0.6764,High,True,7.2,7.59,115,100-161,79.7
Sonora Gas Plant,FLIGHT,Natural Gas Processing,High,,211130,17454,False,3.1,1-10 MW,30.29981,-100.64477,TX,17.47,True,30.17027,-100.54185,Texas,primacy,153.8,4843,2859,Sedimentary,Limestone,0.2322,Moderate,False,115.27,2.94,138,100-161,79.7
ArcelorMittal Texas HBI,FLIGHT,Iron & Steel,Medium,,331110,556933,False,100.3,>=100 MW,27.88861,-97.27778,TX,149.65,False,29.10487,-97.93346,Texas,primacy,167.4,4395,4240,Unconsolidated,Unconsolidated,0.3699,Moderate,False,119.73,1.99,138,100-161,79.6
Chevron Phillips Chemical Company LP Cedar Bayou Plant,FLIGHT,Petrochemicals,Medium,,325110,2103735,False,379.1,>=100 MW,29.826,-94.92192,TX,175.86,False,31.23567,-94.08952,Texas,primacy,167.3,4361,4815,,,0.2174,Moderate,False,35.49,0.34,138,100-161,79.6
FREWEN LAKE COMPRESSOR STATION,FLIGHT,Natural Gas Processing,High,,213112,,False,,,41.6709,-108.035,WY,18.38,True,41.63899,-107.81787,Wyoming,primacy,170.1,4381,4895,Sedimentary,Shale,0.1543,Low,False,42.55,4.47,34,UNDER 100,79.6
Gulf Coast Growth Ventures LLC,FLIGHT,Petrochemicals,Medium,,325199,1597730,False,287.9,>=100 MW,27.92502,-97.31639,TX,144.38,False,29.10487,-97.93346,Texas,primacy,167.4,4395,4240,Unconsolidated,Unconsolidated,0.3699,Moderate,False,118.5,4.47,138,100-161,79.6
JEB Gas Plant,FLIGHT,Natural Gas Processing,High,,211130,159283,False,28.7,20-50 MW,31.33556,-101.79722,TX,85.53,False,30.60896,-101.50283,Texas,primacy,151.5,4939,3464,,,0.2688,Moderate,True,26.48,14.15,69,UNDER 100,79.6
Marathon Petroleum Corporation,FLIGHT,Petrochemicals,Medium,,325199,67029,False,12.1,10-20 MW,47.08767,-102.9482,ND,4.92,True,47.09133,-103.01295,North Dakota,primacy,159.6,4471,4383,Sedimentary,Shale,0.2008,Moderate,False,41.53,14.33,-999999,UNDER 100,79.6
OCCIDENTAL CHEMICAL CORPORATION INGLESIDE PLANT,FLIGHT,Petrochemicals,Medium,,325199,1803754,False,325.0,>=100 MW,27.88748,-97.23293,TX,151.69,False,29.10487,-97.93346,Texas,primacy,167.4,4395,4240,Unconsolidated,Unconsolidated,0.3699,Moderate,False,117.5,1.97,69,UNDER 100,79.6
CHANNELVIEW COMPLEX,FLIGHT,Petrochemicals,Medium,,325110,1940433,False,349.6,>=100 MW,29.8308,-95.1164,TX,184.07,False,31.29834,-94.22681,Texas,primacy,166.4,4403,4923,Sedimentary,Shale,0.2172,Moderate,False,30.33,0.12,138,100-161,79.5
CMC Steel Arizona,FLIGHT,Iron & Steel,Medium,,331110,67984,False,12.2,10-20 MW,33.2853,-111.5863,AZ,8.57,True,33.24113,-111.66181,Arizona,primacy,183.0,3876,427,Unconsolidated,Unconsolidated,0.9496,Severe,False,475.96,4.04,69,UNDER 100,79.5
Gulf South Pipeline - Clarence Station,FLIGHT,Natural Gas Processing,High,,486210,49561,False,8.9,1-10 MW,32.02759,-92.9176,LA,22.93,True,31.92505,-93.12854,Louisiana,primacy,169.7,4239,4794,Unconsolidated,Unconsolidated,0.2531,Moderate,False,134.15,22.1,115,100-161,79.5
HONEYWELL INTERNATIONAL INC - GEISMAR COMPLEX,FLIGHT,Industrial Gas,High,,325120,153749,False,27.7,20-50 MW,30.2219,-91.0515,LA,244.18,False,32.36374,-91.61842,Louisiana,primacy,154.4,4827,4846,Unconsolidated,Unconsolidated,0.493,High,True,1.96,0.43,230,220-287,79.5
LYONDELL CHEMICAL CHANNELVIEW,FLIGHT,Petrochemicals,Medium,,325110,449254,False,80.9,50-100 MW,29.8308,-95.1164,TX,184.07,False,31.29834,-94.22681,Texas,primacy,166.4,4403,4923,Sedimentary,Shale,0.2172,Moderate,False,30.33,0.12,138,100-161,79.5
Linde Air Separation Facility,FLIGHT,Industrial Gas,High,,325120,73379,False,13.2,10-20 MW,32.6075,-95.19722,TX,24.39,True,32.42641,-95.05051,Texas,primacy,165.2,4437,4998,Sedimentary,Shale,0.2052,Moderate,False,302.59,0.38,138,100-161,79.5
Midway Compressor Station,FLIGHT,Natural Gas Processing,High,,211111,,False,,,37.09264,-107.5763,CO,4.79,True,37.12671,-107.5433,Colorado,application,178.4,4092,4279,Sedimentary,Sandstone,0.3481,Moderate,False,40.25,4.69,115,100-161,79.5
Trident Gas Plant,FLIGHT,Natural Gas Processing,High,,211130,158800,False,28.6,20-50 MW,31.88779,-101.70075,TX,143.44,False,30.60896,-101.50283,Texas,primacy,151.5,4939,3464,,,0.2688,Moderate,True,3.08,2.15,138,100-161,79.5
NORTHWEST PIPELINE GP - BURLEY C/S,FLIGHT,Natural Gas Processing,High,,486210,,False,,,42.48206,-114.04867,ID,5.37,True,42.45371,-113.99563,Idaho,federal,248.7,2907,1344,Igneous,Basalt,0.5975,High,False,333.63,4.66,69,UNDER 100,79.4
ROHM AND HAAS TEXAS DEER PARK PLANT,FLIGHT,Petrochemicals,Medium,,325199,332103,False,59.8,50-100 MW,29.73151,-95.10135,TX,193.32,False,31.29834,-94.22681,Texas,primacy,166.4,4403,4923,Sedimentary,Shale,0.2172,Moderate,True,20.17,0.39,69,UNDER 100,79.4
SIGNAL MOUNTAIN CEMENT CO,FLIGHT,Cement,Medium,,327310,814743,False,146.8,>=100 MW,35.1012,-85.34534,TN,12.64,True,35.18392,-85.44066,Tennessee,federal,150.2,4994,2648,Sedimentary,Sandstone,0.1672,Low,False,490.57,0.42,-999999,NOT AVAILABLE,79.4
CITGO CORPUS CHRISTI REFINERY EAST PLANT,FLIGHT,Petroleum Refining,Medium,,324110,1063388,False,191.6,>=100 MW,27.80962,-97.42587,TX,150.87,False,29.0422,-98.07074,Texas,primacy,165.2,4494,4043,Sedimentary,Shale,0.4222,High,False,135.2,0.53,138,100-161,79.3
Compressor Station 601,FLIGHT,Natural Gas Processing,High,,486210,9982,False,1.8,1-10 MW,40.99439,-102.85598,CO,2.59,True,41.01228,-102.87567,Nebraska,application,156.6,4741,2151,Sedimentary,Shale,0.6067,High,False,391.9,0.4,115,100-161,79.3
Dakota Central Processing Facility,FLIGHT,Natural Gas Processing,High,,211130,,False,,,31.16137,-103.87081,TX,17.28,True,31.11033,-103.69937,Texas,primacy,160.8,4644,4586,,,0.728,Severe,False,85.11,24.53,69,UNDER 100,79.3
FLINT HILLS RESOURCES CORPUS CHRISTI EAST PLANT,FLIGHT,Petroleum Refining,Medium,,324110,535019,False,96.4,50-100 MW,27.80178,-97.42397,TX,151.74,False,29.0422,-98.07074,Texas,primacy,165.2,4494,4043,Sedimentary,Shale,0.4222,High,False,135.8,1.01,138,100-161,79.3
Brookeland Gas Plant,FLIGHT,Natural Gas Processing,High,,486210,49170,False,8.9,1-10 MW,31.06255,-93.96112,TX,22.8,True,31.23567,-94.08952,Texas,primacy,167.3,4361,4815,,,0.2174,Moderate,False,99.9,0.16,138,100-161,79.2
Gas Transmission Northwest Pipeline Athol CS#5,FLIGHT,Natural Gas Processing,High,,486210,138500,False,25.0,20-50 MW,47.9186,-116.75583,ID,5.68,True,47.96872,-116.7413,Idaho,federal,166.1,4468,0,Unconsolidated,Unconsolidated,0.1352,Low,False,851.19,2.97,230,220-287,79.2
BASF FREEPORT SITE,FLIGHT,Petrochemicals,Medium,,325199,646435,False,116.5,>=100 MW,29.00208,-95.39978,TX,193.81,False,29.6689,-97.24704,Texas,primacy,164.0,4489,4312,Sedimentary,Shale,0.3138,Moderate,False,53.4,0.28,-999999,NOT AVAILABLE,79.1
DOW TEXAS OPERATIONS FREEPORT,FLIGHT,Petrochemicals,Medium,,325110,5215287,False,939.7,>=100 MW,28.98015,-95.34227,TX,199.91,False,29.6689,-97.24704,Texas,primacy,164.0,4489,4312,Sedimentary,Shale,0.3138,Moderate,False,53.92,0.88,138,100-161,79.1
"EPNG Station 6570 Roswell, NM",FLIGHT,Natural Gas Processing,High,,486210,25998,False,4.7,1-10 MW,33.71192,-104.54848,NM,4.13,True,33.74249,-104.52307,New Mexico,federal,156.0,4797,1404,Unknown,Sedimentary,0.2027,Moderate,True,19.63,22.35,230,220-287,79.1
EQUISTAR CORPUS CHRISTI PLANT,FLIGHT,Petrochemicals,Medium,,325110,1311004,False,236.2,>=100 MW,27.81,-97.59361,TX,143.26,False,28.97953,-98.20803,Texas,primacy,163.8,4506,4971,Sedimentary,Shale,0.8989,Severe,False,145.45,0.25,138,100-161,79.1
FLINT HILLS RESOURCES CORPUS CHRISTI WEST PLANT,FLIGHT,Petroleum Refining,Medium,,324110,2486742,False,448.1,>=100 MW,27.83201,-97.52558,TX,144.0,False,28.97953,-98.20803,Texas,primacy,163.8,4506,4971,Sedimentary,Shale,0.8989,Severe,False,139.25,0.71,69,UNDER 100,79.1
Gas Transmission Northwest Pipeline Sandpoint CS#4,FLIGHT,Natural Gas Processing,High,,486210,111439,False,20.1,20-50 MW,48.42928,-116.49068,ID,4.87,True,48.47009,-116.46673,Idaho,federal,176.0,4244,268,Unconsolidated,Unconsolidated,0.1154,Low,False,883.17,1.4,115,100-161,79.1
Grey Wolf Gas Plant,FLIGHT,Natural Gas Processing,High,,486210,138707,False,25.0,20-50 MW,31.7951,-103.2587,TX,86.86,False,31.11033,-103.69937,Texas,primacy,160.8,4644,4586,,,0.728,Severe,True,15.56,6.41,69,UNDER 100,79.1
NORTHWEST PIPELINE GP SUMNER C/S,FLIGHT,Natural Gas Processing,High,,486210,51136,False,9.2,1-10 MW,47.22899,-122.20955,WA,2.22,True,47.21667,-122.23264,Washington,federal,194.8,3687,172,Unconsolidated,Unconsolidated,0.1044,Low,False,1127.7,1.07,115,100-161,79.1
"Olin Blue Cube, Freeport, TX",FLIGHT,Petrochemicals,Medium,,325199,1404000,False,253.0,>=100 MW,28.96939,-95.37953,TX,197.06,False,29.6689,-97.24704,Texas,primacy,164.0,4489,4312,Sedimentary,Shale,0.3138,Moderate,False,56.21,0.37,138,100-161,79.1
TEAGUE GAS PLANT,FLIGHT,Natural Gas Processing,High,,211111,,False,,,31.59167,-96.22139,TX,17.28,True,31.73703,-96.28606,Texas,primacy,159.0,4625,3867,Unconsolidated,Unconsolidated,0.2461,Moderate,False,243.28,5.11,69,UNDER 100,79.1
VALERO CORPUS CHRISTI REFINERY,FLIGHT,Petroleum Refining,Medium,,324110,2752818,False,496.0,>=100 MW,27.81775,-97.48255,TX,147.39,False,28.97953,-98.20803,Texas,primacy,163.8,4506,4971,Sedimentary,Shale,0.8989,Severe,False,137.83,0.3,69,UNDER 100,79.1
VALERO CORPUS CHRISTI REFINERY EAST PLANT,FLIGHT,Petroleum Refining,Medium,,324110,1066776,False,192.2,>=100 MW,27.81077,-97.43666,TX,150.27,False,28.97953,-98.20803,Texas,primacy,163.8,4506,4971,Sedimentary,Shale,0.8989,Severe,False,135.72,0.6,138,100-161,79.1
BLOOMFIELD CMP STN,FLIGHT,Natural Gas Processing,High,,486210,22348,False,4.0,1-10 MW,36.43421,-107.56535,NM,6.91,True,36.37466,-107.5433,New Mexico,federal,176.0,4294,4034,Sedimentary,Shale,0.0961,Very low/none,True,15.43,39.08,115,100-161,79.0
CARRACAS COMPRESSOR STATION,FLIGHT,Natural Gas Processing,High,,211112,,False,,,36.95966,-107.26736,NM,4.64,True,37.00136,-107.26874,Colorado,application,174.1,4278,3492,,,0.1368,Low,False,53.12,29.68,115,100-161,79.0
Keota Gas Plant,FLIGHT,Natural Gas Processing,High,,486210,,False,,,40.7382,-104.2197,CO,3.56,True,40.7616,-104.2485,Colorado,application,167.1,4433,3143,Sedimentary,Sandstone,0.1936,Low,False,319.93,0.7,345,345,79.0
Green Plains Madison LLC,FLIGHT,Ethanol,High,,325193,146050,False,26.3,20-50 MW,38.67995,-90.17185,IL,5.72,True,38.69347,-90.1083,Illinois,federal,159.7,4678,1148,Sedimentary,Limestone,0.1341,Low,False,509.26,1.13,138,100-161,78.9
Mead Compressor Station,FLIGHT,Natural Gas Processing,High,,211111,,False,,,40.18097,-104.87189,CO,5.66,True,40.19757,-104.93492,Colorado,application,180.6,3928,3343,Sedimentary,Shale,0.3798,Moderate,False,272.68,0.82,69,UNDER 100,78.9
South Ignacio CDP,FLIGHT,Natural Gas Processing,High,,211130,,False,,,37.05412,-107.6257,CO,4.99,True,37.06404,-107.68059,Colorado,application,175.9,4223,4485,Sedimentary,Shale,0.2035,Moderate,False,34.15,2.35,115,100-161,78.9
Vollmar Compressor Station,FLIGHT,Natural Gas Processing,High,,211111,,False,,,40.14429,-104.85966,CO,5.37,True,40.1349,-104.79763,Colorado,application,178.4,3949,3423,Sedimentary,Sandstone,0.1653,Low,False,268.61,0.43,230,220-287,78.9
Bethel Compressor Station,FLIGHT,Natural Gas Processing,High,,486210,42288,False,7.6,1-10 MW,31.89389,-95.93778,TX,20.22,True,31.92505,-96.14878,Texas,primacy,151.2,4946,4425,Sedimentary,Shale,0.3537,Moderate,False,269.0,11.15,138,100-161,78.8
LSB Chemical L.L.C.,FLIGHT,Ammonia/Fertilizer,High,,325311,427703,False,77.1,50-100 MW,36.24125,-95.27835,OK,68.25,False,35.68528,-95.59964,Oklahoma,application,151.7,4940,1509,Sedimentary,Shale,0.2871,Moderate,False,88.78,0.26,-999999,100-161,78.8
St. Vrain Compressor Station,FLIGHT,Natural Gas Processing,High,,211111,,False,,,40.232,-104.88327,CO,5.82,True,40.19757,-104.93492,Colorado,application,180.6,3928,3343,Sedimentary,Shale,0.3798,Moderate,False,278.35,1.49,230,220-287,78.8
XTO - Kindon Station,FLIGHT,Natural Gas Processing,High,,211111,,False,,,31.5399,-96.225,TX,18.82,True,31.54902,-96.42334,Texas,primacy,167.3,4371,3740,Sedimentary,Shale,0.2629,Moderate,False,237.74,1.89,69,UNDER 100,78.8
Cleburne Compressor Station,FLIGHT,Natural Gas Processing,High,,211111,,False,,,32.41597,-97.43004,TX,17.22,True,32.42641,-97.24704,Texas,primacy,155.8,4754,3754,Sedimentary,Shale,0.195,Low,False,224.65,0.78,69,UNDER 100,78.7
Fort Lupton Gas Plant,FLIGHT,Natural Gas Processing,High,,211130,25833,False,4.7,1-10 MW,40.06307,-104.74424,CO,7.21,True,40.07222,-104.66035,Colorado,application,173.6,4162,3487,,,0.6938,High,False,259.88,0.96,115,100-161,78.7
Hiland Partners Norse Gas Plant,FLIGHT,Natural Gas Processing,High,,211130,28183,False,5.1,1-10 MW,48.68844,-102.92023,ND,28.9,True,48.59543,-103.28752,North Dakota,primacy,150.6,4969,4364,Sedimentary,Shale,0.2871,Moderate,True,1.26,0.62,115,100-161,78.7
Pump Canyon Compressor Station,FLIGHT,Natural Gas Processing,High,,211111,,False,,,36.79483,-107.73307,NM,5.11,True,36.81335,-107.68059,New Mexico,federal,175.7,4235,4241,Sedimentary,Sandstone,0.1564,Low,True,11.83,3.64,115,100-161,78.7
THOMPSON COMPRESSOR STATION,FLIGHT,Natural Gas Processing,High,,213112,,False,,,36.83409,-108.09709,NM,4.68,True,36.87602,-108.09244,New Mexico,federal,172.6,4299,4014,Sedimentary,Sandstone,0.486,High,True,12.53,4.14,115,100-161,78.7
FASHING GAS TREATING PLANT,FLIGHT,Natural Gas Processing,High,,211111,,False,,,28.81793,-98.1648,TX,18.45,True,28.97953,-98.20803,Texas,primacy,163.8,4506,4971,Sedimentary,Shale,0.8989,Severe,False,151.31,8.88,345,345,78.6
Southern California Gas Blythe Facility,FLIGHT,Natural Gas Processing,High,,486210,42712,False,7.7,1-10 MW,33.60344,-114.64339,CA,3.89,True,33.61715,-114.68205,California,federal,207.5,3347,118,Unconsolidated,Unconsolidated,1.0,Severe,False,638.51,1.53,161,100-161,78.6
"TGP Station 851 New Albany, MS",FLIGHT,Natural Gas Processing,High,,486210,,False,,,34.53877,-89.01408,MS,2.08,True,34.55721,-89.01004,Mississippi,application,154.4,4835,2739,Sedimentary,Limestone,0.2316,Moderate,False,239.0,2.43,-999999,NOT AVAILABLE,78.6
Farnham Dome,Natural Dome,Natural CO2 Dome,High,~95,,,False,,,39.55,-110.7,UT,2.32,True,39.57086,-110.70082,Utah,application,156.4,4790,2816,Sedimentary,Shale,0.1894,Low,False,150.38,4.38,169,NOT AVAILABLE,78.6
Hambert Compressor Station,FLIGHT,Natural Gas Processing,High,,211111,,False,,,40.2696,-104.7243,CO,6.31,True,40.26024,-104.79763,Colorado,application,181.9,3819,3336,Unconsolidated,Unconsolidated,0.2328,Moderate,False,282.9,4.59,69,UNDER 100,78.5
Jackson Lake Gas Plant,FLIGHT,Natural Gas Processing,High,,211130,37227,False,6.7,1-10 MW,40.45267,-103.95592,CO,6.65,True,40.51092,-103.97393,Colorado,application,162.1,4562,2936,Sedimentary,Sandstone,0.1017,Low,False,313.45,5.97,345,345,78.5
Advancion Corporation,FLIGHT,Petrochemicals,Medium,,325199,117619,False,21.2,20-50 MW,32.6907,-92.0826,LA,9.64,True,32.73976,-92.16756,Louisiana,primacy,152.9,4878,3716,Unconsolidated,Unconsolidated,0.2131,Moderate,False,52.78,0.26,115,100-161,78.4
EPNG Station 6526 Blanco,FLIGHT,Natural Gas Processing,High,,486210,13523,False,2.4,1-10 MW,36.34881,-107.95318,NM,4.1,True,36.31199,-107.95515,New Mexico,federal,158.6,4722,3370,Sedimentary,Sandstone,0.1118,Low,True,20.1,17.06,115,100-161,78.4
Eagle-1 Gas Plant,FLIGHT,Natural Gas Processing,High,,211130,116052,False,20.9,20-50 MW,29.1351,-96.6591,TX,80.15,False,29.48089,-97.38433,Texas,primacy,169.4,4310,4657,,,0.1831,Low,True,29.38,4.57,345,345,78.4
GODLEY COMPRESSOR STATION,FLIGHT,Natural Gas Processing,High,,486210,,False,,,32.39568,-97.49239,TX,17.57,True,32.55175,-97.52161,Texas,primacy,156.4,4735,3007,Unconsolidated,Unconsolidated,0.3644,Moderate,False,226.52,0.65,345,345,78.4
Godley Compressor Station,FLIGHT,Natural Gas Processing,High,,211111,,False,,,32.39568,-97.49239,TX,17.57,True,32.55175,-97.52161,Texas,primacy,156.4,4735,3007,Unconsolidated,Unconsolidated,0.3644,Moderate,False,226.52,0.65,345,345,78.4
Gulf South Pipeline - Harrisville Station,FLIGHT,Natural Gas Processing,High,,486210,148197,False,26.7,20-50 MW,32.04335,-90.13401,MS,133.67,False,32.42641,-91.48114,Louisiana,primacy,150.2,4991,4440,Unconsolidated,Unconsolidated,0.4954,High,True,3.41,5.55,115,100-161,78.4
MBI NGLP Mont Belvieu Plant,FLIGHT,Natural Gas Processing,High,,211130,231418,False,41.7,20-50 MW,29.8484,-94.89093,TX,172.29,False,31.23567,-94.08952,Texas,primacy,167.3,4361,4815,,,0.2174,Moderate,False,35.6,0.96,138,100-161,78.4
Sambrito Compressor Station,FLIGHT,Natural Gas Processing,High,,211130,,False,,,37.0445,-107.4935,CO,6.52,True,37.00136,-107.5433,Colorado,application,182.7,4044,4214,Sedimentary,Shale,0.5613,High,False,43.47,12.11,115,100-161,78.4
Angelina Gas Plant,FLIGHT,Natural Gas Processing,High,,211130,142319,False,25.6,20-50 MW,29.76056,-95.36424,TX,170.1,False,29.98226,-97.10976,Texas,primacy,153.2,4864,3824,,,0.4857,High,True,28.14,0.7,138,100-161,78.3
"EOG Resources, Inc- Milton Hub",FLIGHT,Natural Gas Processing,High,,211130,33822,False,6.1,1-10 MW,28.88193,-97.93749,TX,22.04,True,29.0422,-98.07074,Texas,primacy,165.2,4494,4043,Sedimentary,Shale,0.4222,High,False,129.48,1.57,345,345,78.3
HollyFrontier Cheyenne Refining LLC,FLIGHT,Petroleum Refining,Medium,,324110,,False,,,41.12989,-104.78922,WY,1.11,True,41.13763,-104.79763,Wyoming,primacy,166.0,4489,3553,,,0.1944,Low,False,255.59,0.23,34,UNDER 100,78.3
Agua Dulce Compressor Station,FLIGHT,Natural Gas Processing,High,,486210,141430,False,25.5,20-50 MW,29.76003,-95.36387,TX,170.15,False,29.98226,-97.10976,Texas,primacy,153.2,4864,3824,,,0.4857,High,True,28.07,0.77,138,100-161,78.2
Nucor Steel Longview,FLIGHT,Iron & Steel,Medium,,331110,59005,False,10.6,10-20 MW,32.38176,-94.70706,TX,6.73,True,32.36374,-94.63866,Texas,primacy,167.3,4306,4139,,,0.229,Moderate,False,261.54,3.01,69,UNDER 100,78.2
XTO - Bailey Station,FLIGHT,Natural Gas Processing,High,,211111,,False,,,31.45488,-96.21636,TX,19.94,True,31.42368,-96.42334,Texas,primacy,171.1,4216,3983,Unconsolidated,Unconsolidated,0.2683,Moderate,False,228.35,1.79,69,UNDER 100,78.2
Briscoe Catarina Ranch Mega Station,FLIGHT,Natural Gas Processing,High,,211111,,False,,,28.30126,-99.77357,TX,21.49,True,28.29015,-99.99271,Texas,primacy,180.4,4015,4768,Unconsolidated,Unconsolidated,0.271,Moderate,False,305.59,13.86,138,100-161,78.1
CHISHOLM PLANT,FLIGHT,Natural Gas Processing,High,,211130,44458,False,8.0,1-10 MW,30.00189,-96.88886,TX,21.39,True,29.98226,-97.10976,Texas,primacy,153.2,4864,3824,,,0.4857,High,False,120.96,1.95,138,100-161,78.1
"Scissortail Energy Blocker Station McAlester,OK",FLIGHT,Natural Gas Processing,High,,486210,,False,,,35.07215,-95.6139,OK,1.99,True,35.05858,-95.59964,Oklahoma,application,150.6,4978,4437,Sedimentary,Shale,0.1688,Low,False,185.75,10.7,138,100-161,78.1
Aera Energy MOCO,FLIGHT,Natural Gas Processing,High,,211120,92950,False,16.7,10-20 MW,35.09233,-119.40737,CA,6.15,True,35.12125,-119.34968,California,federal,188.6,3794,158,Unconsolidated,Unconsolidated,0.89,Severe,False,946.19,1.65,70,UNDER 100,78.0
Camp Creek Treater,FLIGHT,Natural Gas Processing,High,,486210,,False,,,31.04889,-96.26083,TX,20.73,True,31.173,-96.42334,Texas,primacy,174.9,4119,4976,Unconsolidated,Unconsolidated,0.6963,High,False,185.98,3.03,69,UNDER 100,78.0
Hudson Compressor Station,FLIGHT,Natural Gas Processing,High,,211111,,False,,,40.2235,-104.7196,CO,5.8,True,40.19757,-104.66035,Colorado,application,175.5,3985,3312,Unconsolidated,Unconsolidated,0.647,High,False,277.8,4.57,230,220-287,78.0
Outlaw Compressor Station,FLIGHT,Natural Gas Processing,High,,211111,,False,,,37.1745,-107.7786,CO,6.35,True,37.12671,-107.81787,Colorado,application,178.8,4125,3777,Sedimentary,Shale,0.2725,Moderate,False,33.55,1.24,115,100-161,78.0
Platteville Compressor Station,FLIGHT,Natural Gas Processing,High,,211111,,False,,,40.2235,-104.7196,CO,5.8,True,40.19757,-104.66035,Colorado,application,175.5,3985,3312,Unconsolidated,Unconsolidated,0.647,High,False,277.8,4.57,230,220-287,78.0
Buffalo Gas Plant,FLIGHT,Natural Gas Processing,High,,211130,140763,False,25.4,20-50 MW,32.13096,-101.80157,TX,171.6,False,30.60896,-101.50283,Texas,primacy,151.5,4939,3464,,,0.2688,Moderate,True,26.88,5.14,69,UNDER 100,77.9
Falcon Compressor Station,FLIGHT,Natural Gas Processing,High,,211111,,False,,,42.52456,-109.6731,WY,20.81,True,42.70439,-109.60256,Wyoming,primacy,174.6,4278,0,Sedimentary,Shale,0.1415,Low,False,77.62,21.81,69,UNDER 100,77.9
Matheson - Anacortes Hydrogen Plant,FLIGHT,Industrial Gas,High,,325120,53407,False,9.6,1-10 MW,48.46589,-122.5654,WA,4.32,True,48.47009,-122.5072,Unknown,unknown,199.6,3657,18,Other,Water,0.1203,Low,False,1219.1,0.51,69,UNDER 100,77.9
AIR PRODUCTS AND CHEMICALS INCORPORATED,FLIGHT,Industrial Gas,High,,325120,43250,False,7.8,1-10 MW,38.52972,-121.39889,CA,4.36,True,38.56813,-121.40894,California,federal,204.8,3419,2695,Unconsolidated,Unconsolidated,0.1966,Low,False,1030.46,0.03,60,UNDER 100,77.8
LINDE ONTARIO CA,FLIGHT,Industrial Gas,High,,325120,70757,False,12.7,10-20 MW,34.06354,-117.52929,CA,3.4,True,34.05585,-117.565,California,federal,182.5,3979,400,Unconsolidated,Unconsolidated,0.682,High,False,831.21,0.07,66,UNDER 100,77.8
DISCOVERY PRODUCER SERVICES LLC - DISCOVERY PARADIS FRACTIONATION PLANT,FLIGHT,Natural Gas Processing,High,,211130,133206,False,24.0,20-50 MW,29.86025,-90.45342,LA,299.65,False,32.36374,-91.61842,Louisiana,primacy,154.4,4827,4846,Unconsolidated,Unconsolidated,0.493,High,True,0.97,2.31,230,220-287,77.7
Helena Stabilizer,FLIGHT,Natural Gas Processing,High,,211112,,False,,,28.95334,-97.82372,TX,19.94,True,29.10487,-97.93346,Texas,primacy,167.4,4395,4240,Unconsolidated,Unconsolidated,0.3699,Moderate,False,119.33,2.88,138,100-161,77.7
NORTHWEST PIPELINE GP MT. VERNON,FLIGHT,Natural Gas Processing,High,,486210,74319,False,13.4,10-20 MW,48.41248,-122.20969,WA,6.63,True,48.47009,-122.23264,Washington,federal,201.2,3457,14,Unconsolidated,Unconsolidated,0.1138,Low,False,1193.78,0.59,230,220-287,77.7
Pump Mesa Central Delivery Point,FLIGHT,Natural Gas Processing,High,,213112,,False,,,36.8924,-107.6444,NM,6.07,True,36.93869,-107.68059,New Mexico,federal,174.9,4250,4365,Sedimentary,Shale,0.2058,Moderate,True,24.83,10.08,115,100-161,77.7
Rock Creek Gas Plant,FLIGHT,Natural Gas Processing,High,,211130,139443,False,25.1,20-50 MW,35.6739,-101.4105,TX,136.78,False,35.37193,-102.87567,Texas,primacy,150.9,4970,1678,Sedimentary,Shale,0.2814,Moderate,True,1.46,2.05,115,100-161,77.7
Wonsits Valley Compressor Station,FLIGHT,Natural Gas Processing,High,,211111,,False,,,40.14079,-109.49432,UT,13.51,True,40.26024,-109.46527,Utah,application,158.3,4724,3753,Sedimentary,Shale,0.1617,Low,True,29.18,1.31,69,UNDER 100,77.7
"YUMA ETHANOL, LLC",FLIGHT,Ethanol,High,,325193,54450,False,9.8,1-10 MW,40.12434,-102.6771,CO,7.79,True,40.07222,-102.73838,Colorado,application,153.8,4858,2044,Sedimentary,Sandstone,0.6239,High,False,326.12,0.31,115,100-161,77.7
Gordon Creek,Natural Dome,Natural CO2 Dome,High,~95,,,False,,,39.6,-110.85,UT,3.87,True,39.63353,-110.83811,Utah,application,160.4,4642,3936,Sedimentary,Shale,0.1885,Low,False,157.9,1.26,69,UNDER 100,77.7
Aera Energy Alberta Finley Shale,FLIGHT,Natural Gas Processing,High,,211120,77286,False,13.9,10-20 MW,35.22925,-119.58286,CA,4.22,True,35.24659,-119.62425,California,federal,182.3,3997,409,Sedimentary,Sandstone,0.379,Moderate,False,956.93,1.16,70,UNDER 100,77.6
Cornerstone Chemical Company,FLIGHT,Petrochemicals,Medium,,325199,332073,False,59.8,50-100 MW,29.95889,-90.27047,LA,296.57,False,32.36374,-91.61842,Louisiana,primacy,154.4,4827,4846,Unconsolidated,Unconsolidated,0.493,High,True,10.45,0.27,-999999,UNDER 100,77.6
Sun Dog Compressor Station,FLIGHT,Natural Gas Processing,High,,211111,,False,,,41.5249,-109.52111,WY,27.54,True,41.51365,-109.19071,Wyoming,primacy,150.8,4972,3051,Sedimentary,Sandstone,0.1858,Low,True,5.21,2.73,230,220-287,77.6
EL DORADO NITROGEN LLC,FLIGHT,Ammonia/Fertilizer,High,,325311,110698,False,19.9,10-20 MW,29.76278,-94.90972,TX,181.65,False,31.23567,-94.08952,Texas,primacy,167.3,4361,4815,,,0.2174,Moderate,True,29.24,0.5,138,100-161,77.5
Gas Transmission Northwest Pipeline Kent CS#10,FLIGHT,Natural Gas Processing,High,,486210,105946,False,19.1,10-20 MW,45.12835,-120.61418,OR,8.79,True,45.14854,-120.72252,Oregon,federal,195.1,3635,736,,,0.1091,Low,False,921.85,20.0,69,UNDER 100,77.5
WASSON CO2 REMOVAL PLANT,FLIGHT,Natural Gas Processing,High,,211120,137044,False,24.7,20-50 MW,32.99825,-102.81518,TX,162.69,False,34.43187,-102.46382,Texas,primacy,150.8,4973,2759,Unconsolidated,Unconsolidated,0.7215,Severe,True,0.8,0.22,115,100-161,77.5
"Aemetis Advanced Fuels Keyes, Inc.",FLIGHT,Ethanol,High,,325193,40569,False,7.3,1-10 MW,37.55301,-120.91648,CA,5.18,True,37.5654,-120.8598,California,federal,209.0,3502,2999,Unconsolidated,Unconsolidated,0.7468,Severe,False,1034.06,2.23,230,220-287,77.3
Cabin Creek Compressor Station,FLIGHT,Natural Gas Processing,High,,486210,28933,False,5.2,1-10 MW,46.31542,-104.29131,MT,5.43,True,46.27662,-104.2485,Montana,federal,150.7,4971,3153,Sedimentary,Shale,0.289,Moderate,True,7.25,6.19,69,UNDER 100,77.3
County Line Processing Plant,FLIGHT,Natural Gas Processing,High,,211130,118546,False,21.4,20-50 MW,31.87024,-103.86866,TX,86.01,False,31.11033,-103.69937,Texas,primacy,160.8,4644,4586,,,0.728,Severe,True,13.17,25.22,138,100-161,77.3
Itafos Conda LLC,FLIGHT,Ammonia/Fertilizer,High,,325312,138625,False,25.0,20-50 MW,42.73942,-111.54142,ID,14.66,True,42.64172,-111.66181,Idaho,federal,213.0,3321,2200,,,0.2122,Moderate,False,152.84,0.23,115,100-161,77.3
Norco Fractionation Plant,FLIGHT,Natural Gas Processing,High,,211130,129173,False,23.3,20-50 MW,30.01386,-90.41723,LA,285.18,False,32.36374,-91.61842,Louisiana,primacy,154.4,4827,4846,Unconsolidated,Unconsolidated,0.493,High,True,11.87,1.12,-999999,NOT AVAILABLE,77.3
OZONA COMPRESSOR STATION,FLIGHT,Natural Gas Processing,High,,211130,54507,False,9.8,1-10 MW,30.56913,-101.1757,TX,23.98,True,30.35828,-101.22826,Texas,primacy,159.2,4658,4291,Sedimentary,Limestone,0.2288,Moderate,False,67.48,10.01,138,100-161,77.3
VALERO REFINING CO -OKLAHOMA VALERO ARDMORE REFINERY,FLIGHT,Petroleum Refining,Medium,,324110,879101,False,158.4,>=100 MW,34.20569,-97.10417,OK,114.11,False,33.55448,-96.14878,Texas,primacy,152.3,4910,1175,Sedimentary,Limestone,0.3808,Moderate,False,53.65,1.16,138,100-161,77.3
XTO - Castle Valley,FLIGHT,Natural Gas Processing,High,,211130,,False,,,39.55168,-110.81584,UT,5.2,True,39.50819,-110.83811,Utah,application,166.5,4532,3655,Sedimentary,Shale,0.3334,Moderate,False,158.42,4.39,138,100-161,77.3
29-6 #2 Central Delivery Point,FLIGHT,Natural Gas Processing,High,,213112,,False,,,36.7452,-107.4455,NM,7.27,True,36.68801,-107.40602,New Mexico,federal,179.9,4124,4584,Sedimentary,Shale,0.1794,Low,True,27.38,16.39,115,100-161,77.2
BLANCO COMPRESSOR STATION C and D,FLIGHT,Natural Gas Processing,High,,211111,,False,,,36.34881,-107.95318,NM,4.1,True,36.31199,-107.95515,New Mexico,federal,158.6,4722,3370,Sedimentary,Sandstone,0.1118,Low,True,20.1,17.06,115,100-161,77.2
"EPNG Station 6552 Lincoln, NM",FLIGHT,Natural Gas Processing,High,,486210,34680,False,6.2,1-10 MW,34.11756,-105.66627,NM,4.14,True,34.11852,-105.62134,New Mexico,federal,204.7,3648,177,Sedimentary,Limestone,0.2462,Moderate,False,52.58,25.56,115,100-161,77.2
"Lone Star Industries, Inc. /dba/ BUZZI UNICEM USA",FLIGHT,Cement,Medium,,327310,632181,False,113.9,>=100 MW,32.25,-100.45833,TX,207.65,False,30.60896,-101.50283,Texas,primacy,151.5,4939,3464,,,0.2688,Moderate,False,58.42,0.61,69,UNDER 100,77.2
BLOCK 31 GAS PLANT,FLIGHT,Natural Gas Processing,High,,211120,116016,False,20.9,20-50 MW,31.6467,-102.52869,TX,126.13,False,31.11033,-103.69937,Texas,primacy,160.8,4644,4586,,,0.728,Severe,True,1.08,3.94,138,100-161,77.1
"Diamond Shamrock Refining Company, L.P.",FLIGHT,Petroleum Refining,Medium,,324110,1366131,False,246.1,>=100 MW,35.95194,-101.87389,TX,111.13,False,35.37193,-102.87567,Texas,primacy,150.9,4970,1678,Sedimentary,Shale,0.2814,Moderate,False,41.8,1.13,115,100-161,77.1
ENTERPRISE COMPRESSOR STATION,FLIGHT,Natural Gas Processing,High,,486210,,False,,,40.191,-104.4877,CO,6.92,True,40.1349,-104.52307,Colorado,application,177.0,4112,3299,Sedimentary,Sandstone,0.6994,High,False,276.0,2.06,115,100-161,77.1
Marathon Mandan Refinery,FLIGHT,Petroleum Refining,Medium,,324110,682316,False,122.9,>=100 MW,46.8441,-100.8855,ND,68.12,False,46.90332,-101.7774,North Dakota,primacy,150.7,4973,3520,Sedimentary,Shale,0.2269,Moderate,False,91.09,0.87,69,UNDER 100,77.1
Cane Hill Compressor Station,FLIGHT,Natural Gas Processing,High,,486210,88630,False,16.0,10-20 MW,32.20023,-92.11309,LA,26.33,True,32.42641,-92.03027,Louisiana,primacy,152.2,4914,4827,Unconsolidated,Unconsolidated,0.3223,Moderate,False,57.41,1.38,115,100-161,77.0
DOGIE CANYON COMPRESSOR STATION,FLIGHT,Natural Gas Processing,High,,213112,,False,,,36.434,-107.4807,NM,6.69,True,36.43733,-107.40602,New Mexico,federal,174.9,4297,4410,Sedimentary,Shale,0.1316,Low,True,22.79,41.91,115,100-161,77.0
XTO - Farrar Plant,FLIGHT,Natural Gas Processing,High,,211130,35371,False,6.4,1-10 MW,31.32027,-96.17391,TX,23.82,True,31.29834,-96.42334,Texas,primacy,167.2,4332,4414,Sedimentary,Shale,0.2546,Moderate,False,212.86,6.7,138,100-161,77.0
CITGO CORPUS CHRISTI REFINERY - WEST PLANT,FLIGHT,Petroleum Refining,Medium,,324110,420043,False,75.7,50-100 MW,27.8103,-97.49828,TX,147.39,False,28.97953,-98.20803,Texas,primacy,163.8,4506,4971,Sedimentary,Shale,0.8989,Severe,False,139.44,1.29,69,UNDER 100,76.9
Centennial Gas Plant,FLIGHT,Natural Gas Processing,High,,486210,41042,False,7.4,1-10 MW,40.71364,-104.15644,CO,9.41,True,40.7616,-104.2485,Colorado,application,167.1,4433,3143,Sedimentary,Sandstone,0.1936,Low,False,325.89,0.63,345,345,76.9
LA JARA COMPRESSOR STATION,FLIGHT,Natural Gas Processing,High,,213112,,False,,,36.8174,-107.4917,NM,7.64,True,36.81335,-107.40602,New Mexico,federal,180.1,4116,4402,Sedimentary,Shale,0.1558,Low,True,27.71,10.94,115,100-161,76.9
Area 71B CGP Facility,FLIGHT,Natural Gas Processing,High,,211120,51994,False,9.4,1-10 MW,28.9579,-97.6946,TX,25.32,True,29.16754,-97.79618,Texas,primacy,166.1,4452,4501,Sedimentary,Shale,0.3189,Moderate,False,107.0,8.57,69,UNDER 100,76.8
COLUMBIA GULF TRANSMISSION LLC - RAYNE COMPRESSOR STATION,FLIGHT,Natural Gas Processing,High,,486210,93440,False,16.8,10-20 MW,30.32083,-92.2656,LA,173.2,False,31.29834,-93.67767,Texas,primacy,172.7,4170,4532,,,0.244,Moderate,True,21.02,4.29,138,100-161,76.8
Callahan Compressor Station,FLIGHT,Natural Gas Processing,High,,213112,,False,,,39.46842,-108.08675,CO,9.53,True,39.38285,-108.09244,Colorado,application,192.4,3803,3596,Sedimentary,Shale,0.1241,Low,False,97.59,3.06,69,UNDER 100,76.8
LEHIGH CEMENT CO LLC / WACO PLANT,FLIGHT,Cement,Medium,,327310,80285,False,14.5,10-20 MW,31.48199,-97.24077,TX,7.48,True,31.54902,-97.24704,Texas,primacy,150.5,4979,505,Unconsolidated,Unconsolidated,0.3037,Moderate,False,270.87,0.4,69,UNDER 100,76.8
Trunk A Compressor Station,FLIGHT,Natural Gas Processing,High,,213112,,False,,,36.7466,-107.699,NM,6.72,True,36.68801,-107.68059,New Mexico,federal,173.2,4324,4242,Sedimentary,Shale,0.0866,Very low/none,True,8.75,2.52,115,100-161,76.8
Gas Transmission Northwest Pipeline (Eastport Compressor Station),FLIGHT,Natural Gas Processing,High,,486210,85670,False,15.4,10-20 MW,48.42928,-116.49068,ID,4.87,True,48.47009,-116.46673,Idaho,federal,176.0,4244,268,Unconsolidated,Unconsolidated,0.1154,Low,False,883.17,1.4,115,100-161,76.7
TICONA POLYMERS INCORPORATED,FLIGHT,Petrochemicals,Medium,,325199,404796,False,72.9,50-100 MW,27.5672,-97.8254,TX,156.93,False,28.85419,-98.48259,Texas,primacy,171.5,4283,4540,Sedimentary,Shale,0.9092,Severe,False,180.8,5.43,138,100-161,76.7
Black Hawk Northeast Central Delivery Point,FLIGHT,Natural Gas Processing,High,,211111,,False,,,29.2675,-97.39229,TX,20.93,True,29.41822,-97.52161,Texas,primacy,166.8,4411,4033,,,0.5448,High,False,92.45,1.48,69,UNDER 100,76.6
CENTRAL COMPRESSOR PLANT,FLIGHT,Natural Gas Processing,High,,211120,2918099,False,525.8,>=100 MW,70.32003,-148.50018,AK,2741.66,False,48.90878,-122.64449,Washington,federal,194.0,3771,33,Unconsolidated,Unconsolidated,0.0927,Very low/none,False,3276.43,591.52,138,100-161,76.6
CENTRAL GAS FACILITY,FLIGHT,Natural Gas Processing,High,,211120,2076855,False,374.2,>=100 MW,70.32063,-148.52129,AK,2742.25,False,48.90878,-122.64449,Washington,federal,194.0,3771,33,Unconsolidated,Unconsolidated,0.0927,Very low/none,False,3277.19,591.65,138,100-161,76.6
CENTRAL POWER STATION,FLIGHT,Natural Gas Processing,High,,211120,809717,False,145.9,>=100 MW,70.27583,-148.66493,AK,2742.35,False,48.90878,-122.64449,Washington,federal,194.0,3771,33,Unconsolidated,Unconsolidated,0.0927,Very low/none,False,3280.42,587.22,138,100-161,76.6
ConocoPhillips Alaska Inc - KRU CPF1,FLIGHT,Natural Gas Processing,High,,211120,492539,False,88.7,50-100 MW,70.3233,-149.605,AK,2770.76,False,48.90878,-122.64449,Washington,federal,194.0,3771,33,Unconsolidated,Unconsolidated,0.0927,Very low/none,False,3315.28,597.35,138,100-161,76.6
ENDICOTT PRODUCTION FACILITY,FLIGHT,Natural Gas Processing,High,,211130,613605,False,110.6,>=100 MW,70.35679,-147.95977,AK,2730.87,False,48.90878,-122.64449,Washington,federal,194.0,3771,33,Unconsolidated,Unconsolidated,0.0927,Very low/none,False,3259.14,594.23,138,100-161,76.6
LISBURNE PRODUCTION CENTER,FLIGHT,Natural Gas Processing,High,,211120,712809,False,128.4,>=100 MW,70.28633,-148.43397,AK,2737.23,False,48.90878,-122.64449,Washington,federal,194.0,3771,33,Unconsolidated,Unconsolidated,0.0927,Very low/none,False,3272.76,587.57,138,100-161,76.6
RATTLESNAKE COMPRESSOR STATION,FLIGHT,Natural Gas Processing,High,,211111,,False,,,36.86064,-107.73712,NM,7.28,True,36.81335,-107.68059,New Mexico,federal,175.7,4235,4241,Sedimentary,Sandstone,0.1564,Low,True,16.03,10.62,115,100-161,76.6
CCI Paradox Midstream LLC - Lisbon Valley Gas Plant,FLIGHT,Natural Gas Processing,High,,211130,,False,,,38.26384,-109.14044,UT,4.5,True,38.25478,-109.19071,Utah,application,156.8,4774,4739,Unconsolidated,Unconsolidated,0.4402,High,False,69.71,12.77,138,100-161,76.5
FORMOSA PLASTICS CORPORATION LOUISIANA,FLIGHT,Petrochemicals,Medium,,325211,320232,False,57.7,50-100 MW,30.50172,-91.18583,LA,211.08,False,32.36374,-91.61842,Louisiana,primacy,154.4,4827,4846,Unconsolidated,Unconsolidated,0.493,High,True,14.51,1.01,69,UNDER 100,76.5
"GCC Permian, LLC",FLIGHT,Cement,Medium,,327310,309171,False,55.7,50-100 MW,31.70369,-102.39221,TX,140.51,False,31.11033,-103.69937,Texas,primacy,160.8,4644,4586,,,0.728,Severe,True,6.2,2.95,69,UNDER 100,76.5
NORTHWEST PIPELINE GP - BUHL C/S,FLIGHT,Natural Gas Processing,High,,486210,,False,,,42.62337,-114.88499,ID,6.2,True,42.64172,-114.95661,Idaho,federal,234.4,2942,1149,,,0.6707,High,False,403.82,5.2,34,UNDER 100,76.5
NUCOR-YAMATO STEEL CO,FLIGHT,Iron & Steel,Medium,,331110,375417,False,67.6,50-100 MW,35.8925,-89.78417,AR,10.14,True,35.81062,-89.83374,Arkansas,federal,155.7,4794,4981,Unconsolidated,Unconsolidated,0.4007,High,False,359.32,0.78,161,100-161,76.5
Hayes Gulch Compressor Station,FLIGHT,Natural Gas Processing,High,,213112,,False,,,39.46673,-108.0514,CO,9.97,True,39.38285,-108.09244,Colorado,application,192.4,3803,3596,Sedimentary,Shale,0.1241,Low,False,99.85,0.63,230,220-287,76.4
SHOUP GAS PROCESSING AND FRACTIONATION PLANT,FLIGHT,Natural Gas Processing,High,,211130,214028,False,38.6,20-50 MW,27.79914,-97.57217,TX,145.25,False,28.97953,-98.20803,Texas,primacy,163.8,4506,4971,Sedimentary,Shale,0.8989,Severe,False,144.99,0.74,138,100-161,76.4
Harley Dome,Natural Dome,Natural CO2 Dome,High,~90,,,False,,,39.3,-109.1,UT,4.59,True,39.32018,-109.05342,Utah,application,156.3,4766,1349,,,0.1649,Low,False,90.74,24.78,69,UNDER 100,76.4
Caymus Plant,FLIGHT,Natural Gas Processing,High,,211130,105837,False,19.1,10-20 MW,31.3353,-103.0281,TX,68.56,False,31.11033,-103.69937,Texas,primacy,160.8,4644,4586,,,0.728,Severe,True,21.77,9.64,69,UNDER 100,76.2
High Plains/Hopson Gas Plant,FLIGHT,Natural Gas Processing,High,,211130,121381,False,21.9,20-50 MW,31.85362,-101.79061,TX,141.08,False,30.60896,-101.50283,Texas,primacy,151.5,4939,3464,,,0.2688,Moderate,True,7.67,0.11,69,UNDER 100,76.2
"CIG Station 5310 Kim, CO",FLIGHT,Natural Gas Processing,High,,486210,,False,,,37.29222,-103.45118,CO,5.04,True,37.25205,-103.4248,Colorado,application,157.9,4719,949,Sedimentary,Shale,0.2852,Moderate,False,69.7,65.7,115,100-161,76.1
Sinton Compressor Station,FLIGHT,Natural Gas Processing,High,,486210,208815,False,37.6,20-50 MW,28.0922,-97.4922,TX,119.79,False,29.0422,-98.07074,Texas,primacy,165.2,4494,4043,Sedimentary,Shale,0.4222,High,False,116.01,0.34,-999999,NOT AVAILABLE,76.1
WEST JOHNSON COUNTY PLANT,FLIGHT,Natural Gas Processing,High,,211112,,False,,,32.37355,-97.53799,TX,19.87,True,32.55175,-97.52161,Texas,primacy,156.4,4735,3007,Unconsolidated,Unconsolidated,0.3644,Moderate,False,228.8,0.69,345,345,76.1
Alliance Compressor Station,FLIGHT,Natural Gas Processing,High,,486210,,False,,,33.03514,-97.33283,TX,19.51,True,32.8651,-97.38433,Texas,primacy,153.4,4852,3330,Sedimentary,Limestone,0.2834,Moderate,False,157.38,7.1,138,100-161,76.0
East Rhome Compressor Station,FLIGHT,Natural Gas Processing,High,,486210,,False,,,33.04006,-97.40109,TX,19.52,True,32.8651,-97.38433,Texas,primacy,153.4,4852,3330,Sedimentary,Limestone,0.2834,Moderate,False,155.89,0.85,138,100-161,76.0
STATION #6 - LAGUNA CMP STN,FLIGHT,Natural Gas Processing,High,,486210,37979,False,6.8,1-10 MW,35.00596,-107.24127,NM,2.74,True,34.99591,-107.26874,New Mexico,federal,185.3,3956,1345,Sedimentary,Sandstone,0.2531,Moderate,False,68.67,35.44,115,100-161,76.0
Dakota Spirit Agenergy (Spiritwood),Ethanol(EIA),Ethanol,High,,325193,228800,True,41.2,20-50 MW,46.9258,-98.5004,North Dakota,248.86,False,47.02866,-101.7774,North Dakota,primacy,152.8,4882,3429,Sedimentary,Shale,0.2497,Moderate,False,255.83,0.09,115,100-161,76.0
MID AMERICA AGRI PRODUCTS WHEATLAND LLC,FLIGHT,Ethanol,High,,325193,48377,False,8.7,1-10 MW,40.85401,-101.54,NE,9.05,True,40.82427,-101.64011,Nebraska,application,154.3,4834,1564,Sedimentary,Shale,0.5626,High,False,421.62,2.8,-999999,100-161,75.9
Mosaic Riverview Facility,FLIGHT,Ammonia/Fertilizer,High,,325312,125396,False,22.6,20-50 MW,27.86358,-82.38489,FL,6.62,True,27.91413,-82.42043,Florida,federal,158.4,4684,3184,Other,Water,0.1554,Low,False,750.34,0.17,69,UNDER 100,75.9
Mosaic Uncle Sam Facility,FLIGHT,Ammonia/Fertilizer,High,,325312,113357,False,20.4,20-50 MW,30.02,-90.77,LA,272.82,False,32.36374,-91.61842,Louisiana,primacy,154.4,4827,4846,Unconsolidated,Unconsolidated,0.493,High,True,19.39,4.85,230,220-287,75.9
ANR Pipeline Eunice CS,FLIGHT,Natural Gas Processing,High,,486210,82073,False,14.8,10-20 MW,30.46603,-92.52014,LA,144.11,False,31.29834,-93.67767,Texas,primacy,172.7,4170,4532,,,0.244,Moderate,True,1.4,11.08,138,100-161,75.8
"Cos-Mar Company, Styrene Monomer Plant",FLIGHT,Petrochemicals,Medium,,325110,311663,False,56.2,50-100 MW,30.22508,-91.06942,LA,243.46,False,32.36374,-91.61842,Louisiana,primacy,154.4,4827,4846,Unconsolidated,Unconsolidated,0.493,High,True,0.31,0.31,138,100-161,75.8
NORTHWEST PIPELINE GP CHEHALIS C/S,FLIGHT,Natural Gas Processing,High,,486210,,False,,,46.53238,-122.86965,WA,3.82,True,46.5273,-122.91905,Washington,federal,214.1,3412,147,Unconsolidated,Unconsolidated,0.1334,Low,False,1140.77,1.63,115,100-161,75.8
ONEOK Bushton Plant,FLIGHT,Natural Gas Processing,High,,211130,397323,False,71.6,50-100 MW,38.52177,-98.35125,KS,302.36,False,41.13763,-97.38433,Nebraska,application,150.2,4994,856,Sedimentary,Shale,0.4155,High,False,242.6,4.35,-999999,NOT AVAILABLE,75.8
Pecos Bend Gas Processing Plant,FLIGHT,Natural Gas Processing,High,,211130,213265,False,38.4,20-50 MW,31.49826,-103.52665,TX,46.15,True,31.11033,-103.69937,Texas,primacy,160.8,4644,4586,,,0.728,Severe,False,52.24,4.4,69,UNDER 100,75.8
TRANSCO STATION 042,FLIGHT,Natural Gas Processing,High,,486210,95444,False,17.2,10-20 MW,30.3583,-93.6016,LA,99.66,False,31.23567,-93.81496,Texas,primacy,164.4,4463,4529,Sedimentary,Shale,0.2286,Moderate,True,16.12,8.7,500,500,75.8
Natural Buttes Compressor Station,FLIGHT,Natural Gas Processing,High,,211111,,False,,,40.43399,-109.50612,UT,15.16,True,40.44825,-109.32799,Utah,application,156.0,4797,2360,,,0.1459,Low,True,13.13,0.58,69,UNDER 100,75.7
EGAN,FLIGHT,Natural Gas Processing,High,,486210,79181,False,14.3,10-20 MW,30.25913,-92.56772,LA,156.83,False,31.29834,-93.67767,Texas,primacy,172.7,4170,4532,,,0.244,Moderate,True,24.14,2.53,138,100-161,75.6
Martin County Gas Plant,FLIGHT,Natural Gas Processing,High,,211130,115177,False,20.8,20-50 MW,32.15462,-101.93185,TX,176.63,False,30.60896,-101.50283,Texas,primacy,151.5,4939,3464,,,0.2688,Moderate,True,19.92,7.52,138,100-161,75.6
Aera Energy Calso,FLIGHT,Natural Gas Processing,High,,211120,45130,False,8.1,1-10 MW,35.29988,-119.7426,CA,2.01,True,35.30926,-119.76153,California,federal,172.9,4214,1178,Sedimentary,Sandstone,0.6933,High,False,968.62,3.17,500,500,75.5
NORTHWEST PIPELINE GP - POCATELLO C/S,FLIGHT,Natural Gas Processing,High,,486210,,False,,,42.81799,-112.70025,ID,6.45,True,42.82973,-112.62279,Idaho,federal,229.7,2925,1375,Unconsolidated,Unconsolidated,0.2483,Moderate,False,238.8,2.02,230,220-287,75.5
Ironhorse Complex Gas Plant,FLIGHT,Natural Gas Processing,High,,211130,160928,False,29.0,20-50 MW,40.03627,-109.45371,UT,20.88,True,40.19757,-109.32799,Utah,application,162.1,4604,3861,,,0.193,Low,False,35.19,2.9,138,100-161,75.4
Nixon Refinery,FLIGHT,Petroleum Refining,Medium,,324110,,False,,,29.2606,-97.78839,TX,3.67,True,29.29288,-97.79618,Texas,primacy,163.8,4508,3549,Sedimentary,Sandstone,0.2843,Moderate,False,125.67,1.59,345,345,75.4
Blacks Fork Gas Plant,FLIGHT,Natural Gas Processing,High,,211130,112471,False,20.3,20-50 MW,41.55468,-110.04887,WY,71.58,False,41.51365,-109.19071,Wyoming,primacy,150.8,4972,3051,Sedimentary,Sandstone,0.1858,Low,True,24.81,0.51,46,UNDER 100,75.3
Briscoe Friday CGF A & B,FLIGHT,Natural Gas Processing,High,,211111,,False,,,28.28976,-99.74528,TX,24.23,True,28.29015,-99.99271,Texas,primacy,180.4,4015,4768,Unconsolidated,Unconsolidated,0.271,Moderate,False,308.36,15.56,138,100-161,75.3
"TGP Station 823 Kinder, LA",FLIGHT,Natural Gas Processing,High,,486210,75911,False,13.7,10-20 MW,30.43742,-92.87515,LA,122.6,False,31.29834,-93.67767,Texas,primacy,172.7,4170,4532,,,0.244,Moderate,True,1.34,8.05,69,UNDER 100,75.3
Westlake Longview Corp.,FLIGHT,Petrochemicals,Medium,,325211,24271,False,4.4,1-10 MW,32.43928,-94.68844,TX,7.24,True,32.48908,-94.63866,Texas,primacy,172.3,4262,4253,Sedimentary,Shale,0.1375,Low,False,266.24,0.59,138,100-161,75.3
Gas Transmission Northwest Pipeline Ione CS#9,FLIGHT,Natural Gas Processing,High,,486210,41938,False,7.6,1-10 MW,45.48928,-119.84892,OR,5.52,True,45.52457,-119.89882,Oregon,federal,195.9,3679,355,Igneous,Basalt,0.3705,Moderate,False,880.75,10.76,230,220-287,75.2
Gwinville (SESH) Compressor Station,FLIGHT,Natural Gas Processing,High,,486210,112733,False,20.3,20-50 MW,31.731,-89.97869,MS,161.3,False,32.42641,-91.48114,Louisiana,primacy,150.2,4991,4440,Unconsolidated,Unconsolidated,0.4954,High,True,25.94,0.54,115,100-161,75.2
PHP 285 Compressor Station,FLIGHT,Natural Gas Processing,High,,486210,125914,False,22.7,20-50 MW,30.1959,-98.70287,TX,31.84,True,29.98226,-98.48259,Texas,primacy,154.6,4802,126,Sedimentary,Limestone,0.259,Moderate,False,255.55,12.04,138,100-161,75.2
Red Lake Gas Plant,FLIGHT,Natural Gas Processing,High,,211130,222204,False,40.0,20-50 MW,32.32956,-101.83148,TX,193.84,False,30.60896,-101.50283,Texas,primacy,151.5,4939,3464,,,0.2688,Moderate,False,36.27,20.07,138,100-161,75.2
Peregrine Gas Plant,FLIGHT,Natural Gas Processing,High,,211130,94101,False,17.0,10-20 MW,31.82524,-103.90894,TX,81.94,False,31.11033,-103.69937,Texas,primacy,160.8,4644,4586,,,0.728,Severe,True,13.94,27.63,138,100-161,75.1
San Ardo,FLIGHT,Natural Gas Processing,High,,211111,,False,,,35.95467,-120.86399,CA,2.11,True,35.93596,-120.8598,California,federal,197.8,3320,224,Unconsolidated,Unconsolidated,0.6042,High,False,1049.86,1.17,60,UNDER 100,75.1
Santa Ynez Unit (SYU),FLIGHT,Natural Gas Processing,High,,211120,,False,,,34.46462,-120.03883,CA,3.65,True,34.43187,-120.0361,Unknown,unknown,208.2,3494,32,Other,Water,0.5089,High,False,1023.68,0.51,66,UNDER 100,75.1
OXBOW CALCINING,FLIGHT,Petroleum Refining,Medium,,324199,282034,False,50.8,50-100 MW,29.83511,-93.96354,TX,156.2,False,31.23567,-94.08952,Texas,primacy,167.3,4361,4815,,,0.2174,Moderate,True,3.84,1.56,138,100-161,75.0
Red Bluff Processing Plant,FLIGHT,Natural Gas Processing,High,,211130,93317,False,16.8,10-20 MW,31.8775,-103.9376,TX,88.25,False,31.11033,-103.69937,Texas,primacy,160.8,4644,4586,,,0.728,Severe,True,7.82,23.63,345,345,75.0
"STERLING ETHANOL, LLC",FLIGHT,Ethanol,High,,325193,54556,False,9.8,1-10 MW,40.6375,-103.19056,CO,10.66,True,40.69893,-103.28752,Colorado,application,155.1,4809,2310,Sedimentary,Shale,0.4879,High,False,355.08,0.74,138,100-161,75.0
Jackrabbit Compressor Station,FLIGHT,Natural Gas Processing,High,,211111,,False,,,39.48563,-108.09543,CO,11.43,True,39.38285,-108.09244,Colorado,application,192.4,3803,3596,Sedimentary,Shale,0.1241,Low,False,95.7,4.85,69,UNDER 100,74.9
NORTHWEST PIPELINE GP WILLARD C/S,FLIGHT,Natural Gas Processing,High,,486210,9153,False,1.6,1-10 MW,45.7769,-121.626,WA,6.19,True,45.77525,-121.54622,Washington,federal,218.9,3405,470,Igneous,Basalt,0.1164,Low,False,1020.76,1.39,345,345,74.9
"Scissortail Energy Featherston Station Quinton, OK",FLIGHT,Natural Gas Processing,High,,486210,36654,False,6.6,1-10 MW,35.07282,-95.50799,OK,8.49,True,35.05858,-95.59964,Oklahoma,application,150.6,4978,4437,Sedimentary,Shale,0.1688,Low,False,195.26,18.23,138,100-161,74.9
NORTHWEST PIPELINE GP - LAVA HOT SPRINGS C/S,FLIGHT,Natural Gas Processing,High,,486210,,False,,,42.62976,-112.09093,ID,5.81,True,42.57905,-112.07366,Idaho,federal,220.8,3199,1821,Sedimentary,Dolostone,0.3743,Moderate,False,184.85,0.37,115,100-161,74.8
North Lost Hills,FLIGHT,Natural Gas Processing,High,,211111,,False,,,35.6355,-119.90466,CA,1.53,True,35.62261,-119.89882,California,federal,192.4,3761,224,Unconsolidated,Unconsolidated,0.9026,Severe,False,973.16,3.06,70,UNDER 100,74.8
East Calcasieu,FLIGHT,Natural Gas Processing,High,,486210,69218,False,12.5,10-20 MW,30.16412,-93.03012,LA,140.49,False,31.29834,-93.67767,Texas,primacy,172.7,4170,4532,,,0.244,Moderate,True,27.07,5.02,69,UNDER 100,74.7
El Dorado Compressor Station,FLIGHT,Natural Gas Processing,High,,486210,,False,,,28.59941,-99.3487,TX,23.28,True,28.79151,-99.44358,Texas,primacy,169.8,4274,4677,Sedimentary,Sandstone,0.7411,Severe,False,267.77,5.36,138,100-161,74.7
Georgia-Pacific Gypsum LLC - McQueeney,FLIGHT,Minerals,Medium,,327420,31662,False,5.7,1-10 MW,29.59321,-98.03169,TX,6.69,True,29.54356,-98.07074,Texas,primacy,160.0,4627,1487,Unconsolidated,Unconsolidated,0.154,Low,False,164.08,0.87,69,UNDER 100,74.7
Walker Ridge 718 (JSM),FLIGHT,Natural Gas Processing,High,,211120,194726,False,35.1,20-50 MW,26.14594,-91.154,LA,622.56,False,31.23567,-93.81496,Texas,primacy,164.4,4463,4529,Sedimentary,Shale,0.2286,Moderate,False,416.66,342.3,-999999,NOT AVAILABLE,74.7
Blue Flint Ethanol LLC (Underwood),Ethanol(EIA),Ethanol,High,,325193,217360,True,39.2,20-50 MW,47.3769,-101.1523,North Dakota,53.28,False,47.154,-101.7774,North Dakota,primacy,150.8,4964,3667,Sedimentary,Shale,0.2425,Moderate,False,50.57,0.39,230,220-287,74.7
Story Gulch Compressor Station,FLIGHT,Natural Gas Processing,High,,211111,,False,,,39.74369,-104.98777,CO,6.95,True,39.6962,-104.93492,Colorado,application,160.3,4580,3857,Unconsolidated,Unconsolidated,0.1322,Low,False,224.21,0.96,230,220-287,74.6
Armstrong Gas Plant,FLIGHT,Natural Gas Processing,High,,211130,183637,False,33.1,20-50 MW,29.13389,-97.03916,TX,51.08,False,29.48089,-97.38433,Texas,primacy,169.4,4310,4657,,,0.1831,Low,False,56.29,5.81,345,345,74.5
Jackson Prairie Natural Gas Storage,FLIGHT,Natural Gas Processing,High,,486210,14652,False,2.6,1-10 MW,46.53254,-122.83518,WA,6.44,True,46.5273,-122.91905,Washington,federal,214.1,3412,147,Unconsolidated,Unconsolidated,0.1334,Low,False,1138.34,2.81,115,100-161,74.5
PASADENA REFINING SYSTEM,FLIGHT,Petroleum Refining,Medium,,324110,299823,False,54.0,50-100 MW,29.72413,-95.20745,TX,185.69,False,29.98226,-97.10976,Texas,primacy,153.2,4864,3824,,,0.4857,High,True,18.01,0.44,69,UNDER 100,74.5
Ross Compressor Station,FLIGHT,Natural Gas Processing,High,,211112,,False,,,33.0526,-97.4114,TX,21.0,True,32.8651,-97.38433,Texas,primacy,153.4,4852,3330,Sedimentary,Limestone,0.2834,Moderate,False,154.39,1.83,138,100-161,74.5
Bravo Dome,Natural Dome,Natural CO2 Dome,High,~98-99,,,False,,,36.0,-103.5,NM,6.77,True,35.99864,-103.4248,New Mexico,federal,157.5,4741,747,Unconsolidated,Unconsolidated,0.3196,Moderate,True,12.33,11.46,115,100-161,74.4
Aera Energy Coalinga,FLIGHT,Natural Gas Processing,High,,211120,154737,False,27.9,20-50 MW,36.2459,-120.32813,CA,17.3,True,36.12398,-120.44795,California,federal,200.8,3719,662,Sedimentary,Sandstone,0.2517,Moderate,False,996.58,1.55,60,UNDER 100,74.3
RIFLE CMP STN,FLIGHT,Natural Gas Processing,High,,211111,,False,,,39.5316,-107.82937,CO,11.38,True,39.63353,-107.81787,Colorado,application,187.9,3882,4855,Sedimentary,Shale,0.1572,Low,False,109.79,0.34,69,UNDER 100,74.3
STATION #7 - MOUNTAINAIR CMP STN,FLIGHT,Natural Gas Processing,High,,486210,32861,False,5.9,1-10 MW,34.27833,-106.10417,NM,7.2,True,34.24386,-106.17047,New Mexico,federal,206.8,3420,830,Sedimentary,Limestone,0.2194,Moderate,False,65.75,28.69,115,100-161,74.3
30-5 Central Delivery Point Compressor Station,FLIGHT,Natural Gas Processing,High,,213112,,False,,,36.8118,-107.4036,NM,0.28,True,36.81335,-107.40602,New Mexico,federal,180.1,4116,4402,Sedimentary,Shale,0.1558,Low,False,34.03,18.72,115,100-161,74.2
ALTO COLUMBIA LLC,FLIGHT,Ethanol,High,,325193,38611,False,7.0,1-10 MW,45.85592,-119.65608,OR,5.54,True,45.90059,-119.62425,Washington,federal,191.8,3681,149,Unconsolidated,Unconsolidated,0.1376,Low,False,884.41,1.09,115,100-161,74.2
Eunice Gas Plant,FLIGHT,Natural Gas Processing,High,,211130,83749,False,15.1,10-20 MW,32.42615,-103.14856,NM,155.3,False,31.11033,-103.69937,Texas,primacy,160.8,4644,4586,,,0.728,Severe,True,5.75,1.06,115,100-161,74.2
MARKHAM GAS PROCESSING PLANT,FLIGHT,Natural Gas Processing,High,,211130,79633,False,14.3,10-20 MW,29.03666,-96.07851,TX,133.3,False,29.6689,-97.24704,Texas,primacy,164.0,4489,4312,Sedimentary,Shale,0.3138,Moderate,True,9.8,1.88,138,100-161,74.2
NORTHWEST PIPELINE GP ROOSEVELT C/S,FLIGHT,Natural Gas Processing,High,,486210,11255,False,2.0,1-10 MW,45.90345,-120.21393,WA,3.15,True,45.90059,-120.17338,Washington,federal,192.1,3748,473,Igneous,Basalt,0.0568,Very low/none,False,925.58,0.82,69,UNDER 100,74.2
"PETE LIEN & SONS, INC.",FLIGHT,Lime,Medium,,327410,278549,False,50.2,50-100 MW,44.11634,-103.28114,SD,3.73,True,44.08314,-103.28752,South Dakota,federal,155.8,4804,572,,,0.1596,Low,False,169.2,0.78,69,UNDER 100,74.2
Aera Energy Wier Gore Maxwell,FLIGHT,Natural Gas Processing,High,,211120,38839,False,7.0,1-10 MW,35.22925,-119.58286,CA,4.22,True,35.24659,-119.62425,California,federal,182.3,3997,409,Sedimentary,Sandstone,0.379,Moderate,False,956.93,1.16,70,UNDER 100,74.1
Bethel Compressor Station,FLIGHT,Natural Gas Processing,High,,486210,15766,False,2.8,1-10 MW,31.8911,-95.9144,TX,22.44,True,31.92505,-96.14878,Texas,primacy,151.2,4946,4425,Sedimentary,Shale,0.3537,Moderate,False,268.1,9.7,138,100-161,74.1
DENVER UNIT CO 2 RECOVERY PLANT,FLIGHT,Natural Gas Processing,High,,211120,99721,False,18.0,10-20 MW,32.98019,-102.8172,TX,164.7,False,34.43187,-102.46382,Texas,primacy,150.8,4973,2759,Unconsolidated,Unconsolidated,0.7215,Severe,True,1.34,0.86,115,100-161,74.1
Dollarhide Gas Plant,FLIGHT,Natural Gas Processing,High,,211130,82970,False,14.9,10-20 MW,32.14444,-103.054,TX,130.21,False,31.11033,-103.69937,Texas,primacy,160.8,4644,4586,,,0.728,Severe,True,0.88,1.13,138,100-161,74.1
Rabbit Brush Compressor Station,FLIGHT,Natural Gas Processing,High,,213112,,False,,,39.47852,-108.02166,CO,12.25,True,39.38285,-108.09244,Colorado,application,192.4,3803,3596,Sedimentary,Shale,0.1241,Low,False,100.77,1.22,230,220-287,74.1
ARKANSAS LIME COMPANY,FLIGHT,Lime,Medium,,327410,419338,False,75.6,50-100 MW,35.794,-91.736,AR,15.89,True,35.93596,-91.7557,Arkansas,federal,150.3,4990,1334,Sedimentary,Sandstone,0.2432,Moderate,False,365.44,6.16,161,100-161,74.0
Bird Canyon Compressor Station,FLIGHT,Natural Gas Processing,High,,211111,,False,,,42.2833,-110.0238,WY,21.91,True,42.2657,-110.28897,Wyoming,primacy,156.3,4786,4703,Unconsolidated,Unconsolidated,0.0939,Very low/none,False,43.76,12.92,69,UNDER 100,74.0
Central Treating Facility,FLIGHT,Natural Gas Processing,High,,211130,140773,False,25.4,20-50 MW,39.8338,-108.2957,CO,23.09,True,39.63353,-108.36701,Colorado,application,179.2,4084,4674,Sedimentary,Sandstone,0.2643,Moderate,False,57.98,8.43,230,220-287,74.0
EPNG Belen Compressor Station,FLIGHT,Natural Gas Processing,High,,486210,15794,False,2.8,1-10 MW,34.58284,-106.69525,NM,4.68,True,34.61988,-106.7196,New Mexico,federal,198.6,3510,4562,Sedimentary,Sandstone,0.2526,Moderate,False,72.9,8.38,115,100-161,74.0
Ingredion Incorporated,FLIGHT,Ethanol,High,,311221,,False,,,37.90971,-121.26342,CA,3.52,True,37.87875,-121.27165,California,federal,200.3,3708,4555,Unconsolidated,Unconsolidated,0.6775,High,False,1050.79,0.35,60,UNDER 100,74.0
Lone Star NGL Fracs 4 & 5,FLIGHT,Natural Gas Processing,High,,486210,182322,False,32.9,20-50 MW,29.84774,-94.9243,TX,173.81,False,31.23567,-94.08952,Texas,primacy,167.3,4361,4815,,,0.2174,Moderate,False,37.53,0.22,138,100-161,74.0
Sand Hills Gas Plant,FLIGHT,Natural Gas Processing,High,,211130,89298,False,16.1,10-20 MW,31.40931,-102.41513,TX,111.91,False,30.48362,-102.87567,Texas,primacy,156.4,4773,0,Unconsolidated,Unconsolidated,0.2318,Moderate,True,0.76,2.14,69,UNDER 100,74.0
TRUNKLINE GAS CO - LONGVILLE CMP STN #48,FLIGHT,Natural Gas Processing,High,,486210,62052,False,11.2,10-20 MW,30.5912,-93.23102,LA,89.43,False,31.29834,-93.67767,Texas,primacy,172.7,4170,4532,,,0.244,Moderate,True,23.84,0.51,69,UNDER 100,74.0
Gas Transmission Northwest - Madras,FLIGHT,Natural Gas Processing,High,,486210,41730,False,7.5,1-10 MW,44.4388,-121.0357,OR,8.15,True,44.45917,-121.13437,Oregon,federal,205.6,3581,1005,,,0.178,Low,False,931.89,2.73,500,500,73.9
"WIC Station 7939 Diamond Mountain, UT",FLIGHT,Natural Gas Processing,High,,486210,,False,,,40.45537,-109.52852,UT,16.99,True,40.44825,-109.32799,Utah,application,156.0,4797,2360,,,0.1459,Low,True,14.25,0.83,69,UNDER 100,73.9
Aera Energy 25 Hill,FLIGHT,Natural Gas Processing,High,,211120,46160,False,8.3,1-10 MW,35.09233,-119.40737,CA,6.15,True,35.12125,-119.34968,California,federal,188.6,3794,158,Unconsolidated,Unconsolidated,0.89,Severe,False,946.19,1.65,70,UNDER 100,73.8
Columbia Gulf Transmission LLC Alexandria CS,FLIGHT,Natural Gas Processing,High,,486210,175225,False,31.6,20-50 MW,31.42882,-92.23183,LA,101.22,False,31.92505,-93.12854,Louisiana,primacy,169.7,4239,4794,Unconsolidated,Unconsolidated,0.2531,Moderate,False,100.45,17.95,230,220-287,73.8
Mentone Gas Plant,FLIGHT,Natural Gas Processing,High,,211130,79278,False,14.3,10-20 MW,31.78611,-103.68055,TX,75.17,False,31.11033,-103.69937,Texas,primacy,160.8,4644,4586,,,0.728,Severe,True,28.39,5.74,138,100-161,73.8
AC 857 A,FLIGHT,Natural Gas Processing,High,,211120,180279,False,32.5,20-50 MW,26.29556,-94.89778,TX,428.17,False,29.16754,-97.79618,Texas,primacy,166.1,4452,4501,Sedimentary,Shale,0.3189,Moderate,False,324.99,227.39,138,100-161,73.7
James Lake Gas Plant,FLIGHT,Natural Gas Processing,High,,211130,78565,False,14.2,10-20 MW,31.9636,-102.6018,TX,140.79,False,31.11033,-103.69937,Texas,primacy,160.8,4644,4586,,,0.728,Severe,True,1.18,4.08,138,100-161,73.7
NORTHWEST PIPELINE GP SUMAS C/S,FLIGHT,Natural Gas Processing,High,,486210,105263,False,19.0,10-20 MW,49.001,-122.2214,WA,13.78,True,48.90878,-122.09535,Washington,federal,203.0,3314,302,Other,Water,0.1054,Low,False,1231.22,3.98,115,100-161,73.7
CalNRG  Santa Clara Valley Gas Plant,FLIGHT,Natural Gas Processing,High,,211130,5948,False,1.1,1-10 MW,34.38834,-118.79696,CA,2.15,True,34.3692,-118.80055,California,federal,184.7,3814,643,Sedimentary,Sandstone,0.4077,High,False,921.15,0.08,66,UNDER 100,73.6
Conn Creek Compressor Station,FLIGHT,Natural Gas Processing,High,,211111,,False,,,39.4819,-108.2479,CO,10.63,True,39.50819,-108.36701,Colorado,application,177.6,4084,4034,Sedimentary,Shale,0.3071,Moderate,False,87.38,16.49,345,345,73.5
Sale Ranch Gas Plant,FLIGHT,Natural Gas Processing,High,,211130,91873,False,16.6,10-20 MW,32.22259,-101.90338,TX,183.41,False,30.60896,-101.50283,Texas,primacy,151.5,4939,3464,,,0.2688,Moderate,True,24.44,13.22,138,100-161,73.5
BLACK DIAMOND GAS PLANT,FLIGHT,Natural Gas Processing,High,,211130,,False,,,32.47777,-97.89761,TX,21.84,True,32.30107,-97.79618,Texas,primacy,151.5,4935,2639,Sedimentary,Limestone,0.8631,Severe,False,211.89,3.78,345,345,73.4
Midline Compressor Station,FLIGHT,Natural Gas Processing,High,,211130,65744,False,11.8,10-20 MW,31.58798,-93.00473,LA,29.75,True,31.73703,-93.26582,Louisiana,primacy,164.7,4481,4760,Unconsolidated,Unconsolidated,0.2898,Moderate,False,126.34,15.68,115,100-161,73.4
Rain CII CARBON LLC - LAKE CHARLES CALCINING PLANT,FLIGHT,Petroleum Refining,Medium,,324199,267286,False,48.2,20-50 MW,30.14769,-93.33527,LA,129.38,False,31.23567,-93.81496,Texas,primacy,164.4,4463,4529,Sedimentary,Shale,0.2286,Moderate,True,16.79,0.08,69,UNDER 100,73.3
STATION #5 - THOREAU CMP STN,FLIGHT,Natural Gas Processing,High,,486210,46150,False,8.3,1-10 MW,35.42349,-108.23739,NM,1.42,True,35.4346,-108.22972,New Mexico,federal,154.1,4853,369,Sedimentary,Sandstone,0.2082,Moderate,False,88.61,3.43,115,100-161,73.3
"Scissortail Energy Cable Compressor Station McAlester, OK",FLIGHT,Natural Gas Processing,High,,211130,52684,False,9.5,1-10 MW,35.07399,-95.47441,OK,11.53,True,35.05858,-95.59964,Oklahoma,application,150.6,4978,4437,Sedimentary,Shale,0.1688,Low,False,198.3,17.95,69,UNDER 100,73.3
GC 65 A-Bullwinkle (Complex ID # 23552),FLIGHT,Natural Gas Processing,High,,211120,163825,False,29.5,20-50 MW,27.8831,-90.90152,LA,465.0,False,31.29834,-93.67767,Texas,primacy,172.7,4170,4532,,,0.244,Moderate,False,222.09,152.45,-999999,NOT AVAILABLE,73.2
OZONA GAS PLANT,FLIGHT,Natural Gas Processing,High,,211130,70709,False,12.7,10-20 MW,30.6817,-101.2173,TX,28.49,True,30.60896,-101.50283,Texas,primacy,151.5,4939,3464,,,0.2688,Moderate,False,68.94,1.77,138,100-161,73.1
SUWANNEE AMERICAN CEMENT,FLIGHT,Cement,Medium,,327310,361182,False,65.1,50-100 MW,29.9616,-82.8497,FL,11.76,True,29.85691,-82.83228,Florida,federal,151.9,4926,938,Unconsolidated,Unconsolidated,0.2204,Moderate,False,597.43,1.37,-999999,NOT AVAILABLE,73.1
"Wild Goose Storage, LLC",FLIGHT,Natural Gas Processing,High,,486210,43463,False,7.8,1-10 MW,39.34764,-121.81628,CA,3.93,True,39.38285,-121.82079,California,federal,170.8,4260,2140,Unconsolidated,Unconsolidated,0.6132,High,False,1029.38,11.39,60,UNDER 100,73.1
Wildcat Gas Plant,FLIGHT,Natural Gas Processing,High,,211130,71442,False,12.9,10-20 MW,31.80474,-103.23907,TX,88.7,False,31.11033,-103.69937,Texas,primacy,160.8,4644,4586,,,0.728,Severe,True,14.23,6.79,69,UNDER 100,73.1
Air Liquide North Las Vegas Liquid Hydrogen Plant,FLIGHT,Industrial Gas,High,,325120,87383,False,15.7,10-20 MW,36.31623,-114.98616,NV,7.02,True,36.37466,-114.95661,Nevada,federal,164.2,4507,738,Unconsolidated,Unconsolidated,0.9924,Severe,False,525.12,0.68,230,220-287,73.0
NORTHWEST PIPELINE GP GOLDENDALE C/S,FLIGHT,Natural Gas Processing,High,,486210,20982,False,3.8,1-10 MW,45.77122,-120.79927,WA,5.97,True,45.77525,-120.72252,Washington,federal,197.1,3735,640,Igneous,Basalt,0.4707,High,False,961.02,0.73,230,220-287,73.0
AIR LIQUIDE - FREEPORT HYCO PLANT,FLIGHT,Industrial Gas,High,,325120,175600,False,31.6,20-50 MW,28.98037,-95.38396,TX,196.17,False,29.6689,-97.24704,Texas,primacy,164.0,4489,4312,Sedimentary,Shale,0.3138,Moderate,False,55.2,0.36,345,345,72.9
San Bois Treating Facility,FLIGHT,Natural Gas Processing,High,,211111,,False,,,34.99385,-95.05102,OK,7.2,True,35.05858,-95.05051,Oklahoma,application,150.7,4974,4938,Sedimentary,Shale,0.1614,Low,False,228.22,4.19,69,UNDER 100,72.9
Chico Gas Plant,FLIGHT,Natural Gas Processing,High,,211130,193264,False,34.8,20-50 MW,33.30546,-97.88352,TX,56.52,False,32.80243,-97.79618,Texas,primacy,152.7,4881,2667,Sedimentary,Sandstone,0.2995,Moderate,False,127.36,4.08,138,100-161,72.8
Dark Horse Treating Plant,FLIGHT,Natural Gas Processing,High,,211130,69069,False,12.4,10-20 MW,32.13715,-103.28747,NM,120.65,False,31.11033,-103.69937,Texas,primacy,160.8,4644,4586,,,0.728,Severe,True,7.24,5.25,115,100-161,72.8
"Mosaic Fertilizer, LLC",FLIGHT,Ammonia/Fertilizer,High,,325312,42186,False,7.6,1-10 MW,27.85118,-82.2599,FL,2.29,True,27.85146,-82.28314,Florida,federal,158.8,4690,3074,,,0.2407,Moderate,False,761.05,0.94,-999999,NOT AVAILABLE,72.8
Oxbow Calcining LLC,FLIGHT,Petroleum Refining,Medium,,324199,278841,False,50.2,50-100 MW,30.58348,-91.24054,LA,201.17,False,32.36374,-91.61842,Louisiana,primacy,154.4,4827,4846,Unconsolidated,Unconsolidated,0.493,High,True,13.73,2.35,69,UNDER 100,72.8
ADVANSIX INCORPORATED - HOPEWELL,FLIGHT,Petrochemicals,Medium,,325199,1227774,False,221.2,>=100 MW,37.1815,-77.1621,VA,21.76,True,37.00136,-77.06637,Virginia,federal,166.7,4449,241,Unconsolidated,Unconsolidated,0.1611,Low,False,1222.48,7.41,230,220-287,72.7
AIR PRODUCTS BAYTOWN PLANT,FLIGHT,Industrial Gas,High,,325120,56939,False,10.3,10-20 MW,29.75778,-95.02306,TX,187.1,False,31.23567,-94.08952,Texas,primacy,167.3,4361,4815,,,0.2174,Moderate,True,26.42,0.56,138,100-161,72.7
Port Allen Complex,FLIGHT,Natural Gas Processing,High,,211130,77628,False,14.0,10-20 MW,30.52522,-91.38355,LA,205.64,False,32.36374,-91.61842,Louisiana,primacy,154.4,4827,4846,Unconsolidated,Unconsolidated,0.493,High,True,0.59,1.59,138,100-161,72.7
Poet Biorefinning-Arthur LLC (Arthur),Ethanol(EIA),Ethanol,High,,325193,377520,True,68.0,50-100 MW,42.3134,-95.2486,Iowa,31.39,True,42.20303,-95.59964,Iowa,federal,150.8,4972,687,Sedimentary,Sandstone,0.231,Moderate,False,586.72,1.09,69,UNDER 100,72.7
Holbrook Compressor Station,FLIGHT,Natural Gas Processing,High,,486210,60006,False,10.8,10-20 MW,30.35129,-93.30326,LA,109.81,False,31.23567,-93.81496,Texas,primacy,164.4,4463,4529,Sedimentary,Shale,0.2286,Moderate,True,0.42,3.08,230,220-287,72.6
KERN RIVER GAS TRANSMISSION COMPANY: DRY LAKE COMPRESSOR STATION,FLIGHT,Natural Gas Processing,High,,486210,61291,False,11.0,10-20 MW,36.29904,-115.28818,NV,7.34,True,36.31199,-115.36846,Nevada,federal,179.8,4009,1046,Unconsolidated,Unconsolidated,0.6473,High,False,551.91,3.93,230,220-287,72.6
MIDSTREAM ENERGY PARTNERS NORTH COLES LEVEE GAS PLANT,FLIGHT,Natural Gas Processing,High,,211130,29576,False,5.3,1-10 MW,35.28055,-119.31194,CA,5.1,True,35.24659,-119.34968,California,federal,183.8,3923,238,Sedimentary,Sandstone,0.5845,High,False,931.72,3.86,500,500,72.6
FLORIDA GAS TRANSMISSION COMPANY - PORT BARRE,FLIGHT,Natural Gas Processing,High,,486210,54027,False,9.7,1-10 MW,30.54037,-91.86962,LA,184.18,False,31.54902,-93.40311,Louisiana,primacy,167.6,4386,4782,Unconsolidated,Unconsolidated,0.1738,Low,True,0.8,0.97,138,100-161,72.5
"GCX Rankin Compressor Station, TX",FLIGHT,Natural Gas Processing,High,,486210,191711,False,34.5,20-50 MW,31.16689,-101.78311,TX,67.56,False,30.60896,-101.50283,Texas,primacy,151.5,4939,3464,,,0.2688,Moderate,False,30.41,2.59,69,UNDER 100,72.5
Midway Sunset Production Facility,FLIGHT,Natural Gas Processing,High,,211111,,False,,,35.22576,-119.62617,CA,2.32,True,35.24659,-119.62425,California,federal,182.3,3997,409,Sedimentary,Sandstone,0.379,Moderate,False,960.81,0.33,-999999,NOT AVAILABLE,72.5
Mivida Treater Plant,FLIGHT,Natural Gas Processing,High,,211130,175887,False,31.7,20-50 MW,31.5225,-103.46528,TX,50.94,False,31.11033,-103.69937,Texas,primacy,160.8,4644,4586,,,0.728,Severe,False,46.33,1.57,69,UNDER 100,72.5
NGPL Station 348 - Sabine Booster,FLIGHT,Natural Gas Processing,High,,486210,58627,False,10.6,10-20 MW,29.76134,-93.88178,LA,164.06,False,31.23567,-93.81496,Texas,primacy,164.4,4463,4529,Sedimentary,Shale,0.2286,Moderate,True,15.19,4.62,138,100-161,72.5
"Reynolds Metals Company, LLC",FLIGHT,Petroleum Refining,Medium,,324199,258636,False,46.6,20-50 MW,30.11837,-93.29295,LA,133.89,False,31.23567,-93.81496,Texas,primacy,164.4,4463,4529,Sedimentary,Shale,0.2286,Moderate,True,21.91,4.06,138,100-161,72.5
Trident,FLIGHT,Cement,Medium,,327310,250489,False,45.1,20-50 MW,45.94942,-111.47501,MT,4.13,True,45.96326,-111.52453,Montana,federal,163.7,4482,1501,,,0.131,Low,False,426.35,0.76,115,100-161,72.5
Chisholm Plant,FLIGHT,Natural Gas Processing,High,,211130,247295,False,44.6,20-50 MW,35.7749,-97.7412,OK,180.87,False,35.74795,-95.73693,Oklahoma,application,150.8,4970,1341,Sedimentary,Sandstone,0.1588,Low,True,4.37,2.7,69,UNDER 100,72.4
Cottonwood Point Compressor Station,FLIGHT,Natural Gas Processing,High,,213112,,False,,,39.48187,-107.99195,CO,13.99,True,39.38285,-108.09244,Colorado,application,192.4,3803,3596,Sedimentary,Shale,0.1241,Low,False,102.38,1.1,69,UNDER 100,72.4
Midway Gas Plant,FLIGHT,Natural Gas Processing,High,,211130,64429,False,11.6,10-20 MW,31.49986,-102.64128,TX,109.46,False,31.11033,-103.69937,Texas,primacy,160.8,4644,4586,,,0.728,Severe,True,13.14,9.44,69,UNDER 100,72.4
SPINDLETOP COMPRESSOR STATION,FLIGHT,Natural Gas Processing,High,,486210,53453,False,9.6,1-10 MW,30.02525,-94.07883,TX,134.6,False,31.23567,-94.08952,Texas,primacy,167.3,4361,4815,,,0.2174,Moderate,True,2.14,0.54,138,100-161,72.4
SPRINGTOWN GAS PROCESSING PLANT,FLIGHT,Natural Gas Processing,High,,211130,,False,,,32.98662,-97.68368,TX,23.02,True,32.80243,-97.79618,Texas,primacy,152.7,4881,2667,Sedimentary,Sandstone,0.2995,Moderate,False,160.6,2.73,138,100-161,72.4
Hiland Partners Bakken Gathering Plant,FLIGHT,Natural Gas Processing,High,,211130,26275,False,4.7,1-10 MW,47.79085,-104.26471,MT,1.66,True,47.78071,-104.2485,Montana,federal,160.6,4521,4198,,,0.4003,High,False,103.01,5.29,69,UNDER 100,72.3
"Mosaic Fertilizer LLC, Plant City Facility",FLIGHT,Ammonia/Fertilizer,High,,325312,28878,False,5.2,1-10 MW,28.16708,-82.15504,FL,0.93,True,28.16481,-82.14586,Florida,federal,154.0,4850,2562,Sedimentary,Limestone,0.1251,Low,False,749.44,5.53,69,UNDER 100,72.3
TRANSCO STATION 54,FLIGHT,Natural Gas Processing,High,,486210,52063,False,9.4,1-10 MW,30.6717,-92.12538,LA,155.93,False,31.54902,-93.40311,Louisiana,primacy,167.6,4386,4782,Unconsolidated,Unconsolidated,0.1738,Low,True,18.97,2.96,138,100-161,72.3
Air Products La Porte Facility,FLIGHT,Industrial Gas,High,,325120,51221,False,9.2,1-10 MW,29.702,-95.071,TX,194.76,False,31.23567,-94.08952,Texas,primacy,167.3,4361,4815,,,0.2174,Moderate,True,18.68,0.17,138,100-161,72.2
BLACK HAWK SOUTHWEST GAS TREATING FACILITY,FLIGHT,Natural Gas Processing,High,,211111,,False,,,28.98869,-97.63591,TX,25.26,True,29.16754,-97.79618,Texas,primacy,166.1,4452,4501,Sedimentary,Shale,0.3189,Moderate,False,102.04,7.97,138,100-161,72.2
Cymric Production Facility,FLIGHT,Natural Gas Processing,High,,211111,,False,,,35.34805,-119.64839,CA,3.44,True,35.37193,-119.62425,California,federal,187.8,3769,264,Unconsolidated,Unconsolidated,0.6978,High,False,958.93,1.6,500,500,72.2
Halley Plant / Compressor Station,FLIGHT,Natural Gas Processing,High,,211130,61689,False,11.1,10-20 MW,31.7474,-102.85148,TX,107.19,False,31.11033,-103.69937,Texas,primacy,160.8,4644,4586,,,0.728,Severe,True,20.26,9.32,138,100-161,72.2
INEOS NOVA LLC BAYPORT SITE,FLIGHT,Petrochemicals,Medium,,325211,251493,False,45.3,20-50 MW,29.60407,-95.01689,TX,202.04,False,31.23567,-94.08952,Texas,primacy,167.3,4361,4815,,,0.2174,Moderate,True,13.78,1.45,345,345,72.2
KERN RIVER GAS TRANSMISSION COMPANY: GOODSPRINGS COMPRESSOR STATION,FLIGHT,Natural Gas Processing,High,,486210,91760,False,16.5,10-20 MW,35.8398,-115.61547,NV,10.57,True,35.87329,-115.50575,Nevada,federal,180.4,3964,1623,Sedimentary,Limestone,0.1507,Low,False,593.68,18.84,138,100-161,72.2
"Coffeyville Resources Refining & Marketing, LLC",FLIGHT,Petroleum Refining,Medium,,324110,1000741,False,180.3,>=100 MW,37.04756,-95.60611,KS,144.98,False,35.74795,-95.73693,Oklahoma,application,150.8,4970,1341,Sedimentary,Sandstone,0.1588,Low,True,1.4,0.5,69,UNDER 100,72.1
FLORIDA GAS TRANSMISSION COMPANY - TRENTON,FLIGHT,Natural Gas Processing,High,,486210,89745,False,16.2,10-20 MW,29.66389,-82.84657,FL,6.56,True,29.60623,-82.83228,Florida,federal,153.7,4860,1195,Sedimentary,Limestone,0.6676,High,False,610.21,5.01,69,UNDER 100,72.1
"NGPL Station 305, Texarkana, AR",FLIGHT,Natural Gas Processing,High,,486210,52286,False,9.4,1-10 MW,33.47021,-93.94458,AR,4.62,True,33.42914,-93.95224,Arkansas,federal,163.4,4509,2484,Unconsolidated,Unconsolidated,0.1859,Low,False,246.69,0.58,138,100-161,72.1
Rawhide Gas Plant,FLIGHT,Natural Gas Processing,High,,211130,76825,False,13.8,10-20 MW,32.0139,-101.2789,TX,157.66,False,30.60896,-101.50283,Texas,primacy,151.5,4939,3464,,,0.2688,Moderate,True,18.86,1.25,138,100-161,72.1
Shilling Gas Plant,FLIGHT,Natural Gas Processing,High,,211130,154317,False,27.8,20-50 MW,27.94268,-98.87094,TX,98.79,False,28.79151,-99.16901,Texas,primacy,170.7,4293,4692,Unconsolidated,Unconsolidated,0.3747,Moderate,False,240.33,27.17,69,UNDER 100,72.0
"EPNG Station 6348 Plains, TX",FLIGHT,Natural Gas Processing,High,,486210,75727,False,13.6,10-20 MW,32.9861,-102.75013,TX,162.93,False,34.43187,-102.46382,Texas,primacy,150.8,4973,2759,Unconsolidated,Unconsolidated,0.7215,Severe,True,2.81,0.62,230,220-287,71.9
Signal Hill Petroleum West Unit,FLIGHT,Natural Gas Processing,High,,211120,,False,,,33.80984,-118.17617,CA,5.76,True,33.80516,-118.11413,California,federal,201.2,3492,16,Unconsolidated,Unconsolidated,0.7992,Severe,False,897.16,0.17,66,UNDER 100,71.9
"Bridge Energy, LLC - Brea Stearns Facility",FLIGHT,Natural Gas Processing,High,,211120,,False,,,33.93819,-117.87653,CA,3.52,True,33.9305,-117.83957,California,federal,185.4,3861,111,,,0.5368,High,False,866.03,1.25,66,UNDER 100,71.8
Clinton,FLIGHT,Natural Gas Processing,High,,486210,75506,False,13.6,10-20 MW,32.40947,-90.25645,MS,114.97,False,32.42641,-91.48114,Louisiana,primacy,150.2,4991,4440,Unconsolidated,Unconsolidated,0.4954,High,True,22.56,3.47,500,500,71.8
Tres Palacios Gas Storage Facility,FLIGHT,Natural Gas Processing,High,,486210,51996,False,9.4,1-10 MW,29.00247,-96.14024,TX,130.39,False,29.6689,-97.24704,Texas,primacy,164.0,4489,4312,Sedimentary,Shale,0.3138,Moderate,True,8.25,0.17,69,UNDER 100,71.8
31-6 Central Delivery Point,FLIGHT,Natural Gas Processing,High,,213112,,False,,,36.8363,-107.4199,NM,2.83,True,36.81335,-107.40602,New Mexico,federal,180.1,4116,4402,Sedimentary,Shale,0.1558,Low,False,34.24,17.59,115,100-161,71.7
Jal #3 Gas Plant,FLIGHT,Natural Gas Processing,High,,211130,55870,False,10.1,10-20 MW,32.17428,-103.17413,NM,128.33,False,31.11033,-103.69937,Texas,primacy,160.8,4644,4586,,,0.728,Severe,True,9.22,0.27,115,100-161,71.7
KDB Central Treating Facility Plant,FLIGHT,Natural Gas Processing,High,,211130,117447,False,21.2,20-50 MW,28.81703,-97.75186,TX,36.56,True,29.10487,-97.93346,Texas,primacy,167.4,4395,4240,Unconsolidated,Unconsolidated,0.3699,Moderate,False,111.08,1.11,138,100-161,71.7
Aera Energy Metson,FLIGHT,Natural Gas Processing,High,,211120,21525,False,3.9,1-10 MW,35.09233,-119.40737,CA,6.15,True,35.12125,-119.34968,California,federal,188.6,3794,158,Unconsolidated,Unconsolidated,0.89,Severe,False,946.19,1.65,70,UNDER 100,71.6
CCI Paradox Upstream - Hamilton Creek Compressor Station,FLIGHT,Natural Gas Processing,High,,211111,,False,,,38.1113,-108.4695,CO,9.19,True,38.12944,-108.36701,Colorado,application,155.1,4823,3728,,,0.1587,Low,False,52.15,4.74,115,100-161,71.6
Air Products LLC - Corpus Christi,FLIGHT,Industrial Gas,High,,325120,160648,False,28.9,20-50 MW,27.81032,-97.45805,TX,149.28,False,28.97953,-98.20803,Texas,primacy,163.8,4506,4971,Sedimentary,Shale,0.8989,Severe,False,137.02,1.35,138,100-161,71.5
Bobcat,FLIGHT,Natural Gas Processing,High,,486210,42501,False,7.7,1-10 MW,30.54161,-91.91573,LA,180.63,False,31.54902,-93.40311,Louisiana,primacy,167.6,4386,4782,Unconsolidated,Unconsolidated,0.1738,Low,True,0.96,0.19,138,100-161,71.5
Clough Compressor Station,FLIGHT,Natural Gas Processing,High,,213112,,False,,,39.51861,-107.88991,CO,14.19,True,39.63353,-107.81787,Colorado,application,187.9,3882,4855,Sedimentary,Shale,0.1572,Low,False,106.47,1.16,69,UNDER 100,71.5
DEBEQUE GAS PROCESSING FACILITY,FLIGHT,Natural Gas Processing,High,,211130,8270,False,1.5,1-10 MW,39.3269,-108.2431,CO,12.34,True,39.38285,-108.36701,Colorado,application,170.8,4341,3308,Sedimentary,Shale,0.1775,Low,False,101.72,2.94,69,UNDER 100,71.5
Pacific Coast Energy Company LP,FLIGHT,Natural Gas Processing,High,,211120,,False,,,34.83659,-120.38923,CA,6.56,True,34.87056,-120.44795,California,federal,203.7,3290,253,Unconsolidated,Unconsolidated,0.7572,Severe,False,1040.07,5.48,60,UNDER 100,71.5
ADM CORN PROCESSING,FLIGHT,Ethanol,High,,311221,1945777,False,350.6,>=100 MW,41.8196,-90.2122,IA,333.79,False,38.81881,-90.1083,Illinois,federal,159.6,4678,984,,,0.2823,Moderate,False,703.58,0.29,69,UNDER 100,71.4
CROSSTEX PROCESSING SERVICES LLC - RIVERSIDE FRACTIONATION,FLIGHT,Natural Gas Processing,High,,211130,64027,False,11.5,10-20 MW,30.21412,-91.03511,LA,245.37,False,32.36374,-91.61842,Louisiana,primacy,154.4,4827,4846,Unconsolidated,Unconsolidated,0.493,High,True,3.74,1.48,230,220-287,71.4
Marquis Energy - Illinois LLC,FLIGHT,Ethanol,High,,325193,505124,False,91.0,50-100 MW,41.27622,-89.31781,IL,281.41,False,38.81881,-90.1083,Illinois,federal,159.6,4678,984,,,0.2823,Moderate,False,716.63,1.2,138,100-161,71.4
AIR PRODUCTS TEXAS CITY FACILITY,FLIGHT,Ammonia/Fertilizer,High,,325311,41289,False,7.4,1-10 MW,29.38111,-94.89967,TX,220.39,False,31.23567,-94.08952,Texas,primacy,167.3,4361,4815,,,0.2174,Moderate,True,10.61,0.19,138,100-161,71.3
Kutz Canyon Gas Plant,FLIGHT,Natural Gas Processing,High,,211130,,False,,,36.6672,-107.9611,NM,11.64,True,36.56267,-107.95515,New Mexico,federal,169.7,4419,3808,Sedimentary,Sandstone,0.5944,High,True,11.06,6.1,69,UNDER 100,71.3
TRANSCO STATION 60,FLIGHT,Natural Gas Processing,High,,486210,62174,False,11.2,10-20 MW,30.74736,-91.27786,LA,182.61,False,32.36374,-91.61842,Louisiana,primacy,154.4,4827,4846,Unconsolidated,Unconsolidated,0.493,High,True,26.06,4.15,138,100-161,71.3
Cardinal Delaware Basin - Pecos Gas Plant,FLIGHT,Natural Gas Processing,High,,211130,50947,False,9.2,1-10 MW,31.82524,-103.90894,TX,81.94,False,31.11033,-103.69937,Texas,primacy,160.8,4644,4586,,,0.728,Severe,True,13.94,27.63,138,100-161,71.2
GRAYMONT WESTERN U.S. INC. INDIAN CREEK,FLIGHT,Lime,Medium,,327410,276271,False,49.8,20-50 MW,46.32639,-111.61667,MT,6.53,True,46.27662,-111.66181,Montana,federal,155.4,4797,0,Igneous,Andesite,0.0818,Very low/none,False,463.35,0.34,69,UNDER 100,71.2
Southern California Gas Company - Honor Rancho,FLIGHT,Natural Gas Processing,High,,486210,26838,False,4.8,1-10 MW,34.43993,-118.57646,CA,7.63,True,34.49454,-118.52598,California,federal,193.1,3725,468,Sedimentary,Sandstone,0.4131,High,False,900.29,0.48,230,220-287,71.2
WESTLAKE VINYLS CO LP,FLIGHT,Petrochemicals,Medium,,325199,261435,False,47.1,20-50 MW,30.2086,-91.01113,LA,246.49,False,32.36374,-91.61842,Louisiana,primacy,154.4,4827,4846,Unconsolidated,Unconsolidated,0.493,High,True,6.11,0.14,-999999,NOT AVAILABLE,71.2
Archer Daniels Midland Co.,FLIGHT,Ethanol,High,,311221,3819217,False,688.1,>=100 MW,39.8675,-88.885,IL,154.92,False,38.75614,-89.97102,Illinois,federal,157.5,4753,1518,Sedimentary,Shale,0.2006,Moderate,False,662.76,0.48,138,100-161,71.1
"CIG Station 5610 Greasewood, CO",FLIGHT,Natural Gas Processing,High,,486210,,False,,,39.85465,-108.10543,CO,13.35,True,39.82154,-107.95515,Colorado,application,179.8,4062,4150,,,0.2352,Moderate,False,71.49,3.38,230,220-287,71.1
Matheson - LEMONT PLANT,FLIGHT,Industrial Gas,High,,325120,440482,False,79.4,50-100 MW,41.63948,-88.10298,IL,356.84,False,38.81881,-90.1083,Illinois,federal,159.6,4678,984,,,0.2823,Moderate,False,821.55,0.69,345,345,71.1
Opelousas,FLIGHT,Natural Gas Processing,High,,486210,38116,False,6.9,1-10 MW,30.57233,-92.12485,LA,163.15,False,31.54902,-93.40311,Louisiana,primacy,167.6,4386,4782,Unconsolidated,Unconsolidated,0.1738,Low,True,8.28,0.3,138,100-161,71.1
Gulf South Pipeline - Arnaudville Station,FLIGHT,Natural Gas Processing,High,,486210,37446,False,6.7,1-10 MW,30.41766,-91.89776,LA,190.83,False,31.54902,-93.40311,Louisiana,primacy,167.6,4386,4782,Unconsolidated,Unconsolidated,0.1738,Low,True,12.96,3.82,500,500,71.0
MCALISTER COMPRESSOR STATION,FLIGHT,Natural Gas Processing,High,,486210,,False,,,33.0691,-97.4828,TX,24.47,True,32.8651,-97.38433,Texas,primacy,153.4,4852,3330,Sedimentary,Limestone,0.2834,Moderate,False,151.87,1.15,138,100-161,71.0
Texas Gas Transmission - Eunice Station,FLIGHT,Natural Gas Processing,High,,486210,28732,False,5.2,1-10 MW,30.45538,-92.53363,LA,143.9,False,31.29834,-93.67767,Texas,primacy,172.7,4170,4532,,,0.244,Moderate,True,2.63,11.94,138,100-161,71.0
ZIA II GAS PLANT,FLIGHT,Natural Gas Processing,High,,211130,339817,False,61.2,50-100 MW,32.64302,-103.80887,NM,106.25,False,33.11579,-104.79763,New Mexico,federal,152.5,4913,1351,Sedimentary,Limestone,0.277,Moderate,True,18.15,1.51,115,100-161,71.0
Alamo Gas Plant,FLIGHT,Natural Gas Processing,High,,486210,147844,False,26.6,20-50 MW,31.29948,-95.51805,TX,86.01,False,31.29834,-96.42334,Texas,primacy,167.2,4332,4414,Sedimentary,Shale,0.2546,Moderate,False,195.68,6.89,138,100-161,70.9
COBB STORAGE FIELD STATION 017,FLIGHT,Natural Gas Processing,High,,486210,,False,,,46.01366,-112.53434,MT,4.01,True,46.02593,-112.48551,Montana,federal,182.5,4045,0,Igneous,Intrusive,0.1314,Low,False,486.05,1.11,69,UNDER 100,70.9
"EEC Station 5401 Rincon, GA",FLIGHT,Natural Gas Processing,High,,486210,45579,False,8.2,1-10 MW,32.2958,-81.28228,GA,3.79,True,32.30107,-81.32216,Georgia,federal,154.0,4848,1232,Unconsolidated,Unconsolidated,0.2699,Moderate,False,707.6,1.86,230,220-287,70.9
MAIN LINE #1,FLIGHT,Natural Gas Processing,High,,486210,,False,,,46.01366,-112.53434,MT,4.01,True,46.02593,-112.48551,Montana,federal,182.5,4045,0,Igneous,Intrusive,0.1314,Low,False,486.05,1.11,69,UNDER 100,70.9
NWE/Omimex NGL Plant (Cut Bank),FLIGHT,Natural Gas Processing,High,,211112,,False,,,46.01366,-112.53434,MT,4.01,True,46.02593,-112.48551,Montana,federal,182.5,4045,0,Igneous,Intrusive,0.1314,Low,False,486.05,1.11,69,UNDER 100,70.9
PEGASUS GAS PLANT,FLIGHT,Natural Gas Processing,High,,211130,62454,False,11.3,10-20 MW,31.6615,-102.1383,TX,131.74,False,30.60896,-101.50283,Texas,primacy,151.5,4939,3464,,,0.2688,Moderate,True,21.54,13.79,69,UNDER 100,70.9
SALT CREEK FIELD GAS PLANT,FLIGHT,Natural Gas Processing,High,,211120,64353,False,11.6,10-20 MW,33.23254,-100.86761,TX,198.8,False,34.43187,-102.46382,Texas,primacy,150.8,4973,2759,Unconsolidated,Unconsolidated,0.7215,Severe,True,0.86,0.27,138,100-161,70.9
Bargath LLC - Crawford Trail CS,FLIGHT,Natural Gas Processing,High,,213112,,False,,,39.50346,-108.18421,CO,15.56,True,39.38285,-108.09244,Colorado,application,192.4,3803,3596,Sedimentary,Shale,0.1241,Low,False,89.05,12.28,69,UNDER 100,70.8
"EPNG Station 6339 Keystone, TX",FLIGHT,Natural Gas Processing,High,,486210,46086,False,8.3,1-10 MW,31.9499,-103.1085,TX,108.86,False,31.11033,-103.69937,Texas,primacy,160.8,4644,4586,,,0.728,Severe,True,9.26,5.86,69,UNDER 100,70.8
"East Dubuque Nitrogen Fertilizers, LLC",FLIGHT,Ammonia/Fertilizer,High,,325311,807616,False,145.5,>=100 MW,42.44311,-90.55686,IL,306.28,False,44.96053,-89.01004,Wisconsin,federal,155.1,4827,29,Igneous,Granite,0.0741,Very low/none,False,738.44,0.16,69,UNDER 100,70.8
Ingredion Incorporated Argo Plant,FLIGHT,Ethanol,High,,311221,536533,False,96.7,50-100 MW,41.7775,-87.8233,IL,366.69,False,44.96053,-89.01004,Wisconsin,federal,155.1,4827,29,Igneous,Granite,0.0741,Very low/none,False,849.36,0.86,138,100-161,70.8
MACPHERSON OIL COMPANY,FLIGHT,Natural Gas Processing,High,,211120,,False,,,35.5512,-118.93057,CA,1.17,True,35.55994,-118.93783,California,federal,162.8,4567,930,,,0.4958,High,False,890.24,1.42,230,220-287,70.8
MIDDLE MESA CENTRAL DELIVERY POINT,FLIGHT,Natural Gas Processing,High,,213112,,False,,,36.9075,-107.5616,NM,3.86,True,36.87602,-107.5433,New Mexico,federal,181.4,4096,4459,Sedimentary,Shale,0.1567,Low,False,30.42,12.29,115,100-161,70.8
Ship Shoal 332B,FLIGHT,Natural Gas Processing,High,,211130,59507,False,10.7,10-20 MW,29.75826,-95.36643,LA,169.93,False,29.98226,-97.10976,Texas,primacy,153.2,4864,3824,,,0.4857,High,True,28.08,0.77,138,100-161,70.8
AIR PRODUCTS & CHEMICALS INC - Geismar SMR,FLIGHT,Industrial Gas,High,,325120,55611,False,10.0,10-20 MW,30.18379,-90.98836,LA,249.68,False,32.36374,-91.61842,Louisiana,primacy,154.4,4827,4846,Unconsolidated,Unconsolidated,0.493,High,True,8.96,0.43,230,220-287,70.7
Arrowhead Gas Plant,FLIGHT,Natural Gas Processing,High,,211130,156316,False,28.2,20-50 MW,31.2403,-103.06533,TX,62.03,False,31.11033,-103.69937,Texas,primacy,160.8,4644,4586,,,0.728,Severe,False,32.87,5.55,138,100-161,70.7
"MEP Station 4 Vicksburg, MS",FLIGHT,Natural Gas Processing,High,,486210,62463,False,11.3,10-20 MW,32.27796,-90.66724,MS,78.22,False,32.42641,-91.48114,Louisiana,primacy,150.2,4991,4440,Unconsolidated,Unconsolidated,0.4954,High,True,27.36,6.2,115,100-161,70.7
REFINERY KAPOLEI,FLIGHT,Petroleum Refining,Medium,,324110,620476,False,111.8,>=100 MW,21.30429,-158.0913,HI,3814.23,False,38.81881,-123.60547,Unknown,unknown,274.5,2333,144,,,0.1474,Low,False,4999.59,0.64,138,100-161,70.7
"Ruby Station 6630 Wieland Flat, NV",FLIGHT,Natural Gas Processing,High,,486210,,False,,,41.18528,-115.75752,NV,5.63,True,41.13763,-115.78031,Nevada,federal,192.0,3798,1788,Unknown,Sedimentary,0.334,Moderate,False,479.1,15.96,120,100-161,70.7
AGRIUM US INC - KFO,FLIGHT,Ammonia/Fertilizer,High,,325311,13400,False,2.4,1-10 MW,46.16596,-119.01722,WA,4.75,True,46.15127,-119.07512,Washington,federal,177.4,4075,118,Unconsolidated,Unconsolidated,0.1331,Low,False,857.45,0.44,115,100-161,70.6
"CIG Station 5560 Kit Carson, CO",FLIGHT,Natural Gas Processing,High,,486210,13285,False,2.4,1-10 MW,38.41334,-102.75948,CO,10.78,True,38.38012,-102.87567,Colorado,application,151.2,4957,1801,Sedimentary,Shale,0.2943,Moderate,False,181.89,16.34,230,220-287,70.6
Garden City Compressor Station,FLIGHT,Natural Gas Processing,High,,486210,59239,False,10.7,10-20 MW,32.25312,-101.47636,TX,182.84,False,30.60896,-101.50283,Texas,primacy,151.5,4939,3464,,,0.2688,Moderate,True,11.26,1.45,138,100-161,70.6
"LINDE - WHITING, IN 5&6",FLIGHT,Industrial Gas,High,,325120,1624864,False,292.8,>=100 MW,41.66863,-87.47283,IN,375.22,False,44.89786,-86.12708,Unknown,unknown,154.3,4844,175,Other,Water,,,False,866.36,0.56,138,100-161,70.6
MidMar East Gas Plant,FLIGHT,Natural Gas Processing,High,,211130,43949,False,7.9,1-10 MW,32.1792,-102.19338,TX,185.6,False,31.11033,-103.69937,Texas,primacy,160.8,4644,4586,,,0.728,Severe,True,0.96,0.76,69,UNDER 100,70.6
NUCOR STEEL-TEXAS,FLIGHT,Iron & Steel,Medium,,331110,181048,False,32.6,20-50 MW,31.3548,-96.1652,TX,25.31,True,31.29834,-96.42334,Texas,primacy,167.2,4332,4414,Sedimentary,Shale,0.2546,Moderate,False,216.42,3.36,138,100-161,70.6
"SNG Station 5211 Gwinville, MS",FLIGHT,Natural Gas Processing,High,,486210,61719,False,11.1,10-20 MW,31.73094,-90.04666,MS,155.71,False,32.42641,-91.48114,Louisiana,primacy,150.2,4991,4440,Unconsolidated,Unconsolidated,0.4954,High,True,20.3,6.96,115,100-161,70.6
SOUTH CHESTER CO2 REMOVAL FACILITY,FLIGHT,Natural Gas Processing,High,,486210,551608,False,99.4,50-100 MW,44.9159,-84.5411,MI,124.92,False,44.89786,-86.12708,Unknown,unknown,154.3,4844,175,Other,Water,,,False,1273.25,2.06,-999999,100-161,70.6
WE HEREFORD LLC,FLIGHT,Ethanol,High,,325193,105275,False,19.0,10-20 MW,34.82983,-102.36383,TX,34.28,True,34.80789,-102.73838,Texas,primacy,152.8,4909,2853,Unconsolidated,Unconsolidated,0.6198,High,False,64.81,1.03,115,100-161,70.6
Bear Gas Plant,FLIGHT,Natural Gas Processing,High,,486210,43435,False,7.8,1-10 MW,31.7746,-103.9021,TX,76.33,False,31.11033,-103.69937,Texas,primacy,160.8,4644,4586,,,0.728,Severe,True,18.83,26.72,138,100-161,70.5
Northern Border Pipeline Culbertson CS#3,FLIGHT,Natural Gas Processing,High,,486210,,False,,,48.21561,-104.39662,MT,0.91,True,48.2194,-104.38578,Montana,federal,159.7,4564,4118,Sedimentary,Sandstone,0.3299,Moderate,False,111.82,0.7,115,100-161,70.5
SLAUGHTER GASOLINE PLANT,FLIGHT,Natural Gas Processing,High,,211130,59547,False,10.7,10-20 MW,33.46778,-102.55889,TX,107.56,False,34.43187,-102.46382,Texas,primacy,150.8,4973,2759,Unconsolidated,Unconsolidated,0.7215,Severe,True,0.38,0.83,69,UNDER 100,70.5
Union Church Station,FLIGHT,Natural Gas Processing,High,,486210,61274,False,11.0,10-20 MW,31.63015,-90.75397,MS,111.97,False,32.42641,-91.48114,Louisiana,primacy,150.2,4991,4440,Unconsolidated,Unconsolidated,0.4954,High,True,5.64,9.72,115,100-161,70.5
GRAIN PROCESSING CORP,FLIGHT,Ethanol,High,,311221,464185,False,83.6,50-100 MW,41.3981,-91.0611,IA,292.54,False,38.81881,-90.38287,Missouri,federal,152.8,4900,985,Unconsolidated,Unconsolidated,0.2824,Moderate,False,621.69,0.77,69,UNDER 100,70.4
Iowa Fertilizer Company,FLIGHT,Ammonia/Fertilizer,High,,325311,1350065,False,243.3,>=100 MW,40.69,-91.23,IA,220.31,False,38.81881,-90.38287,Missouri,federal,152.8,4900,985,Unconsolidated,Unconsolidated,0.2824,Moderate,False,553.9,0.82,161,100-161,70.4
Mallet CO2 Recovery Plant,FLIGHT,Natural Gas Processing,High,,211120,58173,False,10.5,10-20 MW,33.46028,-102.56333,TX,108.43,False,34.43187,-102.46382,Texas,primacy,150.8,4973,2759,Unconsolidated,Unconsolidated,0.7215,Severe,True,0.86,0.44,138,100-161,70.4
NORTHERN NATURAL GAS - BROWNFIELD,FLIGHT,Natural Gas Processing,High,,486210,58797,False,10.6,10-20 MW,33.3255,-102.2965,TX,123.99,False,34.43187,-102.46382,Texas,primacy,150.8,4973,2759,Unconsolidated,Unconsolidated,0.7215,Severe,True,17.64,0.73,115,100-161,70.4
Redwood Central Processing Facility,FLIGHT,Natural Gas Processing,High,,211130,,False,,,31.25176,-103.91959,TX,26.2,True,31.11033,-103.69937,Texas,primacy,160.8,4644,4586,,,0.728,Severe,False,74.53,32.15,69,UNDER 100,70.4
Battle Horse Plant,FLIGHT,Natural Gas Processing,High,,211130,155102,False,27.9,20-50 MW,30.1619,-96.56315,TX,48.73,True,30.42095,-96.97248,Texas,primacy,159.1,4655,4861,Sedimentary,Sandstone,0.2871,Moderate,False,116.36,1.92,69,UNDER 100,70.3
"CF Industries Nitrogen, LLC-Port Neal Nitrogen Complex",FLIGHT,Ammonia/Fertilizer,High,,325311,3191237,False,575.0,>=100 MW,42.33611,-96.37778,IA,58.11,False,41.88967,-96.01149,Iowa,federal,151.8,4938,622,Sedimentary,Shale,0.3542,Moderate,False,592.34,0.68,161,100-161,70.3
CHACO COMPRESSOR STATION,FLIGHT,Natural Gas Processing,High,,213112,,False,,,36.6907,-107.9784,NM,12.16,True,36.75068,-108.09244,New Mexico,federal,166.6,4471,3903,Sedimentary,Sandstone,0.1637,Low,True,10.99,3.28,69,UNDER 100,70.3
LINDE INC,FLIGHT,Industrial Gas,High,,325120,593125,False,106.9,>=100 MW,41.63658,-83.49517,OH,157.05,False,41.13763,-81.73401,Ohio,federal,152.1,4930,2024,Sedimentary,Shale,0.1617,Low,False,1157.39,1.65,-999999,NOT AVAILABLE,70.3
MEXICHEM FLUOR INC.,FLIGHT,Industrial Gas,High,,325120,51198,False,9.2,1-10 MW,30.23617,-91.10396,LA,241.57,False,32.36374,-91.61842,Louisiana,primacy,154.4,4827,4846,Unconsolidated,Unconsolidated,0.493,High,True,3.33,0.75,138,100-161,70.3
Pecos Gas Processing Plant,FLIGHT,Natural Gas Processing,High,,211130,118481,False,21.3,20-50 MW,31.39066,-103.48953,TX,37.01,True,31.11033,-103.69937,Texas,primacy,160.8,4644,4586,,,0.728,Severe,False,50.93,1.05,46,UNDER 100,70.3
South Midway Sunset,FLIGHT,Natural Gas Processing,High,,211111,,False,,,35.03802,-119.37007,CA,5.04,True,34.99591,-119.34968,California,federal,185.8,3817,304,Sedimentary,Sandstone,0.2095,Moderate,False,944.82,7.76,70,UNDER 100,70.3
"TGP Station 32 Jasper, TX",FLIGHT,Natural Gas Processing,High,,486210,10598,False,1.9,1-10 MW,30.98503,-94.13751,TX,28.24,True,31.23567,-94.08952,Texas,primacy,167.3,4361,4815,,,0.2174,Moderate,False,99.35,0.1,138,100-161,70.3
Texas Gas Transmission - Columbia Station,FLIGHT,Natural Gas Processing,High,,486210,63802,False,11.5,10-20 MW,32.15447,-92.09127,LA,30.78,True,32.42641,-92.03027,Louisiana,primacy,152.2,4914,4827,Unconsolidated,Unconsolidated,0.3223,Moderate,False,58.51,0.15,115,100-161,70.3
Parallel Products (Rancho Cucamonga),Ethanol(EIA),Ethanol,High,,325193,8580,True,1.5,1-10 MW,34.0984,-117.5374,California,5.37,True,34.05585,-117.565,California,federal,182.5,3979,400,Unconsolidated,Unconsolidated,0.682,High,False,830.08,1.21,230,220-287,70.3
CHEMOURS LOUISVILLE WORKS,FLIGHT,Industrial Gas,High,,325120,486171,False,87.6,50-100 MW,38.21717,-85.84198,KY,281.76,False,35.68528,-85.71523,Tennessee,federal,151.5,4948,2070,Sedimentary,Limestone,0.2031,Moderate,False,736.31,0.47,138,100-161,70.2
CHEROKEE NITROGEN,FLIGHT,Ammonia/Fertilizer,High,,325311,485513,False,87.5,50-100 MW,34.80302,-87.93974,AL,41.06,True,34.99591,-88.32362,Tennessee,federal,151.0,4961,1963,Unconsolidated,Unconsolidated,0.1377,Low,False,318.01,0.16,161,100-161,70.2
Crimson Resource Management Corp.,FLIGHT,Natural Gas Processing,High,,211120,,False,,,35.36334,-119.05781,CA,1.84,True,35.37193,-119.07512,California,federal,163.6,4393,2832,Unconsolidated,Unconsolidated,0.1932,Low,False,907.0,0.93,115,100-161,70.2
Midway Sunset,FLIGHT,Natural Gas Processing,High,,211111,,False,,,35.19453,-119.54296,CA,5.22,True,35.18392,-119.48697,California,federal,185.8,3858,345,Unconsolidated,Unconsolidated,0.3309,Moderate,False,954.57,2.55,-999999,NOT AVAILABLE,70.2
"PCS Nitrogen Ohio, L.P.",FLIGHT,Ammonia/Fertilizer,High,,325311,1370575,False,247.0,>=100 MW,40.71126,-84.13816,OH,204.92,False,41.01228,-81.73401,Ohio,federal,151.0,4966,2053,Sedimentary,Shale,0.1819,Low,False,1048.23,0.91,138,100-161,70.2
Pine Prairie Energy Center,FLIGHT,Natural Gas Processing,High,,486210,28653,False,5.2,1-10 MW,30.73695,-92.34189,LA,135.48,False,31.54902,-93.40311,Louisiana,primacy,167.6,4386,4782,Unconsolidated,Unconsolidated,0.1738,Low,True,25.83,5.65,138,100-161,70.2
STATION #8 - CORONA CMP STN,FLIGHT,Natural Gas Processing,High,,486210,28330,False,5.1,1-10 MW,33.00929,-105.47594,NM,4.93,True,33.05312,-105.48405,New Mexico,federal,167.1,4436,1210,Sedimentary,Limestone,0.3571,Moderate,False,134.68,36.43,115,100-161,70.2
Vidor (ETC) Compressor Station,FLIGHT,Natural Gas Processing,High,,486210,33886,False,6.1,1-10 MW,30.0701,-93.95206,TX,130.27,False,31.23567,-93.81496,Texas,primacy,164.4,4463,4529,Sedimentary,Shale,0.2286,Moderate,True,0.28,0.89,138,100-161,70.2
ADM CORN PROCESSING,FLIGHT,Ethanol,High,,311221,2746519,False,494.9,>=100 MW,41.9192,-91.6862,IA,324.58,False,42.20303,-95.59964,Iowa,federal,150.8,4972,687,Sedimentary,Sandstone,0.231,Moderate,False,637.2,0.31,69,UNDER 100,70.1
Aera Energy Lockwood,FLIGHT,Natural Gas Processing,High,,211120,5157,False,0.9,<1 MW,35.09233,-119.40737,CA,6.15,True,35.12125,-119.34968,California,federal,188.6,3794,158,Unconsolidated,Unconsolidated,0.89,Severe,False,946.19,1.65,70,UNDER 100,70.1
DISCOVERY PRODUCER SERVICES LLC - LAROSE GAS PROCESSING PLANT,FLIGHT,Natural Gas Processing,High,,211130,160416,False,28.9,20-50 MW,29.5454,-90.39736,LA,334.31,False,32.36374,-91.61842,Louisiana,primacy,154.4,4827,4846,Unconsolidated,Unconsolidated,0.493,High,False,33.62,4.49,-999999,NOT AVAILABLE,70.1
DYNO NOBEL INCORPORATED NITROGEN DIVISION,FLIGHT,Ammonia/Fertilizer,High,,325311,860677,False,155.1,>=100 MW,39.43042,-91.02256,MO,86.61,False,38.75614,-90.52015,Missouri,federal,150.9,4968,1102,Sedimentary,Limestone,0.2825,Moderate,False,479.13,1.84,69,UNDER 100,70.1
"Koch Fertilizer Ft. Dodge, LLC",FLIGHT,Ammonia/Fertilizer,High,,325311,1025233,False,184.7,>=100 MW,42.49941,-94.01718,IA,134.15,False,42.20303,-95.59964,Iowa,federal,150.8,4972,687,Sedimentary,Sandstone,0.231,Moderate,False,621.37,6.48,345,345,70.1
North Midway Sunset,FLIGHT,Natural Gas Processing,High,,211111,,False,,,35.22899,-119.57704,CA,4.71,True,35.24659,-119.62425,California,federal,182.3,3997,409,Sedimentary,Sandstone,0.379,Moderate,False,956.43,0.74,70,UNDER 100,70.1
"SLNG Elba Island Terminal Savannah, GA",FLIGHT,Natural Gas Processing,High,,486210,63515,False,11.4,10-20 MW,31.98741,-81.04973,GA,6.94,True,31.92505,-81.04759,Georgia,federal,158.6,4693,1215,,,0.1932,Low,False,728.51,5.18,115,100-161,70.1
CEMEX SOUTHEAST LLC,FLIGHT,Cement,Medium,,327310,359397,False,64.8,50-100 MW,32.4152,-83.6333,GA,15.07,True,32.42641,-83.79326,Georgia,federal,154.4,4843,431,Unconsolidated,Unconsolidated,0.448,High,False,488.87,2.97,115,100-161,70.0
NUCOR STEEL - ARKANSAS,FLIGHT,Iron & Steel,Medium,,331110,372389,False,67.1,50-100 MW,35.94439,-89.72364,AR,16.34,True,36.06131,-89.83374,Missouri,federal,155.4,4804,1603,Unconsolidated,Unconsolidated,0.452,High,False,365.91,0.34,-999999,100-161,70.0
OWT CS Ector County Compressor Station,FLIGHT,Natural Gas Processing,High,,486210,37633,False,6.8,1-10 MW,31.84756,-102.44574,TX,144.4,False,31.11033,-103.69937,Texas,primacy,160.8,4644,4586,,,0.728,Severe,True,10.65,1.23,138,100-161,70.0
WILCOX GAS PLANT,FLIGHT,Natural Gas Processing,High,,211130,142962,False,25.8,20-50 MW,29.33639,-96.67988,TX,66.18,False,29.6689,-97.24704,Texas,primacy,164.0,4489,4312,Sedimentary,Shale,0.3138,Moderate,False,47.17,14.61,69,UNDER 100,70.0
Homeland Energy Solutions LLC (Lawler),Ethanol(EIA),Ethanol,High,,325193,560560,True,101.0,>=100 MW,43.0729,-92.2056,Iowa,251.83,False,45.33656,-92.30484,Wisconsin,federal,150.3,4990,54,Sedimentary,Sandstone,0.1185,Low,False,729.57,3.2,345,345,70.0
CARRACAS Central Delivery Point,FLIGHT,Natural Gas Processing,High,,213112,,False,,,36.9388,-107.3542,NM,4.61,True,36.93869,-107.40602,New Mexico,federal,180.2,4105,4013,Sedimentary,Shale,0.1419,Low,False,45.57,27.45,115,100-161,69.9
Gillis Gas Plant,FLIGHT,Natural Gas Processing,High,,211130,30706,False,5.5,1-10 MW,30.27333,-93.15694,LA,124.11,False,31.23567,-93.81496,Texas,primacy,164.4,4463,4529,Sedimentary,Shale,0.2286,Moderate,True,12.05,0.22,69,UNDER 100,69.9
Goliad Gas Plant,FLIGHT,Natural Gas Processing,High,,211130,136023,False,24.5,20-50 MW,28.6181,-97.6381,TX,61.29,False,29.10487,-97.93346,Texas,primacy,167.4,4395,4240,Unconsolidated,Unconsolidated,0.3699,Moderate,False,101.91,14.85,138,100-161,69.9
Reunion,FLIGHT,Natural Gas Processing,High,,486210,50615,False,9.1,1-10 MW,28.25999,-81.5569,FL,5.14,True,28.29015,-81.59673,Florida,federal,153.2,4876,2022,Unconsolidated,Unconsolidated,0.1855,Low,False,793.54,0.89,230,220-287,69.9
SNYDER GAS PLANT,FLIGHT,Natural Gas Processing,High,,211120,53302,False,9.6,1-10 MW,32.7477,-100.92344,TX,235.42,False,34.43187,-102.46382,Texas,primacy,150.8,4973,2759,Unconsolidated,Unconsolidated,0.7215,Severe,True,1.62,2.18,69,UNDER 100,69.9
Aera Energy Buena Fe,FLIGHT,Natural Gas Processing,High,,211120,2015,False,0.4,<1 MW,35.09233,-119.40737,CA,6.15,True,35.12125,-119.34968,California,federal,188.6,3794,158,Unconsolidated,Unconsolidated,0.89,Severe,False,946.19,1.65,70,UNDER 100,69.8
"Columbia Gulf Transmission - Chicot CS (St. Landry, LA)",FLIGHT,Natural Gas Processing,High,,486210,134589,False,24.3,20-50 MW,30.8614,-92.2468,LA,133.94,False,31.54902,-93.40311,Louisiana,primacy,167.6,4386,4782,Unconsolidated,Unconsolidated,0.1738,Low,False,38.31,0.36,138,100-161,69.8
Bakersfield Compressor Station,FLIGHT,Natural Gas Processing,High,,486210,46783,False,8.4,1-10 MW,30.845,-102.1956,TX,55.55,False,30.35828,-102.32653,Texas,primacy,153.5,4875,179,Sedimentary,Limestone,0.1699,Low,True,17.37,7.46,138,100-161,69.7
EPOLP Houston Ship Channel Marine Loading Facility (EHT),FLIGHT,Natural Gas Processing,High,,211130,24747,False,4.5,1-10 MW,29.74422,-95.1225,TX,192.93,False,31.29834,-94.22681,Texas,primacy,166.4,4403,4923,Sedimentary,Shale,0.2172,Moderate,True,20.84,0.81,138,100-161,69.7
FLORIDA GAS TRANSMISSION COMPANY - ZACHARY,FLIGHT,Natural Gas Processing,High,,486210,44697,False,8.1,1-10 MW,30.6327,-91.1171,LA,198.26,False,32.36374,-91.61842,Louisiana,primacy,154.4,4827,4846,Unconsolidated,Unconsolidated,0.493,High,True,26.74,1.1,230,220-287,69.7
GEISMAR FRACTIONATION PLANT,FLIGHT,Natural Gas Processing,High,,211130,44921,False,8.1,1-10 MW,30.21892,-91.03775,LA,244.79,False,32.36374,-91.61842,Louisiana,primacy,154.4,4827,4846,Unconsolidated,Unconsolidated,0.493,High,True,3.32,1.8,230,220-287,69.7
Moss Bluff,FLIGHT,Natural Gas Processing,High,,486210,23129,False,4.2,1-10 MW,29.90705,-94.70338,TX,159.0,False,31.23567,-94.08952,Texas,primacy,167.3,4361,4815,,,0.2174,Moderate,True,29.54,0.57,46,UNDER 100,69.7
Rankin Compressor Station,FLIGHT,Natural Gas Processing,High,,211130,160964,False,29.0,20-50 MW,31.16311,-101.78286,TX,67.16,False,30.60896,-101.50283,Texas,primacy,151.5,4939,3464,,,0.2688,Moderate,False,30.11,2.97,69,UNDER 100,69.7
17Z Gas Plant - Chevron USA Inc.,FLIGHT,Natural Gas Processing,High,,211130,,False,,,35.31819,-119.63388,CA,6.04,True,35.37193,-119.62425,California,federal,187.8,3769,264,Unconsolidated,Unconsolidated,0.6978,High,False,958.58,2.11,500,500,69.6
Silver Eagle Refining-Woods Cross,FLIGHT,Petroleum Refining,Medium,,324110,44644,False,8.0,1-10 MW,40.86639,-111.91139,UT,3.1,True,40.88694,-111.93638,Utah,application,194.6,3753,1316,Unconsolidated,Unconsolidated,0.2817,Moderate,False,190.78,0.44,230,220-287,69.6
Antelope Refining,FLIGHT,Petroleum Refining,Medium,,324110,,False,,,43.01866,-105.26143,WY,8.06,True,43.08041,-105.20949,Wyoming,primacy,153.6,4871,4939,Sedimentary,Shale,0.2233,Moderate,False,95.64,26.68,138,100-161,69.5
Berry Petroleum - Placerita,FLIGHT,Natural Gas Processing,High,,211111,,False,,,34.3885,-118.48955,CA,3.97,True,34.3692,-118.52598,California,federal,172.9,4275,396,Sedimentary,Sandstone,0.569,High,False,895.23,0.47,230,220-287,69.5
Heath Compressor Station,FLIGHT,Natural Gas Processing,High,,213112,,False,,,39.49764,-107.88474,CO,16.16,True,39.63353,-107.81787,Colorado,application,187.9,3882,4855,Sedimentary,Shale,0.1572,Low,False,108.26,0.91,230,220-287,69.5
"KMTP Station 581 Markham, TX",FLIGHT,Natural Gas Processing,High,,486210,26653,False,4.8,1-10 MW,28.99565,-96.15619,TX,129.56,False,29.6689,-97.24704,Texas,primacy,164.0,4489,4312,Sedimentary,Shale,0.3138,Moderate,True,7.7,0.6,-999999,NOT AVAILABLE,69.5
LONE STAR GAS LIQUIDS,FLIGHT,Natural Gas Processing,High,,211130,1,False,0.0,<1 MW,35.44778,-119.26,CA,4.55,True,35.4346,-119.2124,California,federal,177.2,4078,4065,Unconsolidated,Unconsolidated,0.9718,Severe,False,922.04,0.65,115,100-161,69.5
Lake Charles Fractionator,FLIGHT,Natural Gas Processing,High,,211130,25846,False,4.7,1-10 MW,30.15861,-93.34778,LA,127.82,False,31.23567,-93.81496,Texas,primacy,164.4,4463,4529,Sedimentary,Shale,0.2286,Moderate,True,15.09,0.17,-999999,UNDER 100,69.5
Pioneer Cryogenic Plant,FLIGHT,Natural Gas Processing,High,,211130,40218,False,7.2,1-10 MW,41.78194,-110.33278,WY,53.91,False,42.2657,-110.28897,Wyoming,primacy,156.3,4786,4703,Unconsolidated,Unconsolidated,0.0939,Very low/none,True,24.39,1.36,230,220-287,69.5
Loving Gas Plant,FLIGHT,Natural Gas Processing,High,,211130,30464,False,5.5,1-10 MW,31.81881,-103.65943,TX,78.87,False,31.11033,-103.69937,Texas,primacy,160.8,4644,4586,,,0.728,Severe,True,24.25,5.06,138,100-161,69.4
MITCHELL PLANT,FLIGHT,Natural Gas Processing,High,,211111,,False,,,30.67056,-102.49333,TX,36.35,True,30.42095,-102.73838,Texas,primacy,154.9,4820,190,Unconsolidated,Unconsolidated,0.219,Moderate,True,0.29,9.72,138,100-161,69.4
Stanley Worthey CGF & OHF,FLIGHT,Natural Gas Processing,High,,211111,,False,,,28.15418,-99.68422,TX,30.27,True,28.16481,-99.99271,Texas,primacy,181.3,4019,4927,Sedimentary,Shale,0.2894,Moderate,False,308.53,31.7,138,100-161,69.4
TRANSCO STATION 70,FLIGHT,Natural Gas Processing,High,,486210,48783,False,8.8,1-10 MW,31.24644,-90.19989,MS,178.5,False,32.42641,-91.48114,Louisiana,primacy,150.2,4991,4440,Unconsolidated,Unconsolidated,0.4954,High,True,23.58,5.5,115,100-161,69.4
"EPNG Station 6399 Black River, TX",FLIGHT,Natural Gas Processing,High,,486210,39631,False,7.1,1-10 MW,30.74445,-102.49128,TX,43.05,True,30.42095,-102.73838,Texas,primacy,154.9,4820,190,Unconsolidated,Unconsolidated,0.219,Moderate,True,0.53,2.45,138,100-161,69.3
GREEN LAKE PLANT,FLIGHT,Petrochemicals,Medium,,325199,325990,False,58.7,50-100 MW,28.42807,-96.499,TX,145.34,False,29.48089,-97.38433,Texas,primacy,169.4,4310,4657,,,0.1831,Low,False,41.95,0.67,69,UNDER 100,69.3
HOLMES MESA CMP STN,FLIGHT,Natural Gas Processing,High,,211111,,False,,,39.46798,-107.92687,CO,17.08,True,39.38285,-108.09244,Colorado,application,192.4,3803,3596,Sedimentary,Shale,0.1241,Low,False,107.58,2.12,230,220-287,69.3
"SNG Station 5010 White Castle, LA",FLIGHT,Natural Gas Processing,High,,486210,40290,False,7.3,1-10 MW,30.19714,-91.10277,LA,245.85,False,32.36374,-91.61842,Louisiana,primacy,154.4,4827,4846,Unconsolidated,Unconsolidated,0.493,High,True,2.08,4.49,138,100-161,69.3
Eastside Compressor Station,FLIGHT,Natural Gas Processing,High,,486210,23423,False,4.2,1-10 MW,32.41001,-92.97501,LA,29.78,True,32.17573,-93.12854,Louisiana,primacy,162.4,4552,4836,Unconsolidated,Unconsolidated,0.2756,Moderate,False,130.33,13.4,-999999,NOT AVAILABLE,69.2
MULLINS PRAIRIE CMP STN,FLIGHT,Natural Gas Processing,High,,486210,27478,False,5.0,1-10 MW,29.86153,-96.84603,TX,28.74,True,29.98226,-97.10976,Texas,primacy,153.2,4864,3824,,,0.4857,High,False,105.11,2.88,345,345,69.2
Hopedale Fractionation Facility,FLIGHT,Natural Gas Processing,High,,211130,433454,False,78.1,50-100 MW,40.33237,-80.93648,OH,83.1,False,41.07495,-81.04759,Ohio,federal,150.1,4998,2692,Sedimentary,Shale,0.1369,Low,False,1186.02,0.38,-999999,NOT AVAILABLE,69.1
Roberts Ranch Gas Plant,FLIGHT,Natural Gas Processing,High,,211130,43430,False,7.8,1-10 MW,31.7822,-102.2472,TX,148.43,False,30.60896,-101.50283,Texas,primacy,151.5,4939,3464,,,0.2688,Moderate,True,13.34,4.66,69,UNDER 100,69.1
Spearman Gas Processing Plant,FLIGHT,Natural Gas Processing,High,,211130,43949,False,7.9,1-10 MW,36.0842,-101.0478,TX,183.02,False,35.37193,-102.87567,Texas,primacy,150.9,4970,1678,Sedimentary,Shale,0.2814,Moderate,True,16.27,12.26,69,UNDER 100,69.1
"TGP Station 11A Edna, TX",FLIGHT,Natural Gas Processing,High,,486210,12616,False,2.3,1-10 MW,28.9804,-96.66603,TX,89.19,False,29.48089,-97.38433,Texas,primacy,169.4,4310,4657,,,0.1831,Low,True,17.7,3.28,138,100-161,69.1
Bayou Long Mobile Production Facility,FLIGHT,Natural Gas Processing,High,,211130,15540,False,2.8,1-10 MW,29.9534,-91.3219,LA,266.51,False,31.54902,-93.40311,Louisiana,primacy,167.6,4386,4782,Unconsolidated,Unconsolidated,0.1738,Low,True,25.59,22.9,-999999,100-161,69.0
EOG Resources Greenwood Compressor Station,FLIGHT,Natural Gas Processing,High,,211111,,False,,,33.24569,-97.25251,TX,27.1,True,33.17846,-96.97248,Texas,primacy,157.1,4715,529,Sedimentary,Shale,0.2655,Moderate,False,136.03,3.01,138,100-161,69.0
"GCX Waha Compressor Station, TX",FLIGHT,Natural Gas Processing,High,,486210,26733,False,4.8,1-10 MW,31.2686,-103.06529,TX,62.83,False,31.11033,-103.69937,Texas,primacy,160.8,4644,4586,,,0.728,Severe,True,29.84,4.01,138,100-161,69.0
Vernon Compressor Station,FLIGHT,Natural Gas Processing,High,,486210,121745,False,21.9,20-50 MW,32.29058,-92.62622,LA,39.94,True,32.61442,-92.44212,Louisiana,primacy,170.2,4213,4646,Unconsolidated,Unconsolidated,0.2068,Moderate,False,99.41,0.9,115,100-161,69.0
Mainline Compressor Station,FLIGHT,Natural Gas Processing,High,,486210,17840,False,3.2,1-10 MW,32.41032,-92.9815,LA,29.52,True,32.17573,-93.12854,Louisiana,primacy,162.4,4552,4836,Unconsolidated,Unconsolidated,0.2756,Moderate,False,130.93,12.79,-999999,NOT AVAILABLE,68.9
PLAQUEMINE GAS PLANT,FLIGHT,Natural Gas Processing,High,,211130,35375,False,6.4,1-10 MW,30.2355,-91.23838,LA,239.39,False,32.36374,-91.61842,Louisiana,primacy,154.4,4827,4846,Unconsolidated,Unconsolidated,0.493,High,True,2.81,0.45,230,220-287,68.9
Primary Products Ingredients Americas LLC - Decatur,FLIGHT,Ethanol,High,,311221,419702,False,75.6,50-100 MW,39.8466,-88.9261,IL,150.95,False,38.75614,-89.97102,Illinois,federal,157.5,4753,1518,Sedimentary,Shale,0.2006,Moderate,False,658.59,0.18,-999999,NOT AVAILABLE,68.9
ANR Pipeline Cottage Grove CS,FLIGHT,Natural Gas Processing,High,,486210,44560,False,8.0,1-10 MW,36.39038,-88.48132,TN,5.53,True,36.43733,-88.4609,Tennessee,federal,152.3,4920,3409,Unconsolidated,Unconsolidated,0.1965,Low,False,446.01,4.2,161,100-161,68.8
Deadwood Cryo Plant,FLIGHT,Natural Gas Processing,High,,211130,39317,False,7.1,1-10 MW,31.80809,-101.55907,TX,133.44,False,30.60896,-101.50283,Texas,primacy,151.5,4939,3464,,,0.2688,Moderate,True,13.08,3.15,138,100-161,68.8
Dos Hermanos Compressor Station,FLIGHT,Natural Gas Processing,High,,211111,,False,,,28.2824,-99.67869,TX,30.76,True,28.29015,-99.99271,Texas,primacy,180.4,4015,4768,Unconsolidated,Unconsolidated,0.271,Moderate,False,304.86,18.92,138,100-161,68.8
"EPNG Station 6503 Afton, NM",FLIGHT,Natural Gas Processing,High,,486210,41795,False,7.5,1-10 MW,32.1137,-106.853,NM,13.3,True,32.11306,-106.99417,New Mexico,federal,205.9,3338,3732,Sedimentary,Sandstone,1.0,Severe,False,267.15,0.45,345,345,68.8
Granger Gas Plant,FLIGHT,Natural Gas Processing,High,,211130,41101,False,7.4,1-10 MW,41.5394,-109.9557,WY,63.75,False,41.51365,-109.19071,Wyoming,primacy,150.8,4972,3051,Sedimentary,Sandstone,0.1858,Low,True,17.83,3.62,138,100-161,68.8
Kern Energy,FLIGHT,Petroleum Refining,Medium,,324110,174035,False,31.4,20-50 MW,35.29528,-118.92111,CA,2.17,True,35.30926,-118.93783,California,federal,171.6,4219,4347,Unconsolidated,Unconsolidated,0.9146,Severe,False,897.29,1.17,115,100-161,68.8
"NGPL Station 301 Wharton, TX",FLIGHT,Natural Gas Processing,High,,486210,18099,False,3.3,1-10 MW,29.3997,-96.12813,TX,112.31,False,29.6689,-97.24704,Texas,primacy,164.0,4489,4312,Sedimentary,Shale,0.3138,Moderate,True,27.04,2.94,138,100-161,68.8
BETA OCS PARCELS,FLIGHT,Natural Gas Processing,High,,211120,35125,False,6.3,1-10 MW,33.576,-118.1232,CA,11.58,True,33.67982,-118.11413,Unknown,unknown,197.8,3563,7,Other,Water,0.4491,High,False,905.33,15.32,66,UNDER 100,68.7
BTT EPIC Frac,FLIGHT,Natural Gas Processing,High,,211130,128580,False,23.2,20-50 MW,27.82347,-97.60789,TX,141.32,False,28.97953,-98.20803,Texas,primacy,163.8,4506,4971,Sedimentary,Shale,0.8989,Severe,False,145.26,0.83,138,100-161,68.7
California Resources Production Corporation  Kern Front,FLIGHT,Natural Gas Processing,High,,211111,,False,,,35.49813,-119.03886,CA,3.28,True,35.49727,-119.07512,California,federal,162.9,4566,2410,Sedimentary,Sandstone,0.9472,Severe,False,901.25,0.91,115,100-161,68.7
Cana Gas Plant,FLIGHT,Natural Gas Processing,High,,211130,207285,False,37.3,20-50 MW,35.535,-98.099,OK,145.98,False,34.55721,-99.16901,Oklahoma,application,150.3,4990,995,Unconsolidated,Unconsolidated,0.4771,High,True,27.59,0.52,69,UNDER 100,68.7
"EPNG Station 6527 Bluewater, NM",FLIGHT,Natural Gas Processing,High,,486210,29822,False,5.4,1-10 MW,35.39305,-108.22625,NM,4.63,True,35.4346,-108.22972,New Mexico,federal,154.1,4853,369,Sedimentary,Sandstone,0.2082,Moderate,False,90.47,0.84,115,100-161,68.7
US OIL & REFINING TACOMA,FLIGHT,Petroleum Refining,Medium,,324110,148012,False,26.7,20-50 MW,47.25769,-122.39526,WA,3.07,True,47.27935,-122.36992,Washington,federal,192.9,3762,60,Unconsolidated,Unconsolidated,0.1349,Low,False,1141.63,0.56,115,100-161,68.7
WTX - CS Red River CS No. 2 (Lamesa),FLIGHT,Natural Gas Processing,High,,486210,39519,False,7.1,1-10 MW,32.70472,-102.18056,TX,193.83,False,34.43187,-102.46382,Texas,primacy,150.8,4973,2759,Unconsolidated,Unconsolidated,0.7215,Severe,True,19.37,19.01,69,UNDER 100,68.7
CEMEX Construction Materials Pacific LLC,FLIGHT,Cement,Medium,,327310,1816908,False,327.4,>=100 MW,34.39654,-117.15,CA,25.67,True,34.3692,-117.42771,California,federal,165.1,4442,1172,Unconsolidated,Unconsolidated,0.7397,Severe,False,783.34,1.97,500,500,68.6
Sterling Gas Plant,FLIGHT,Natural Gas Processing,High,,211130,36912,False,6.7,1-10 MW,31.97028,-101.23611,TX,153.48,False,30.60896,-101.50283,Texas,primacy,151.5,4939,3464,,,0.2688,Moderate,True,25.08,1.68,138,100-161,68.6
Vidor,FLIGHT,Natural Gas Processing,High,,486210,11167,False,2.0,1-10 MW,30.06772,-93.9789,TX,130.3,False,31.23567,-94.08952,Texas,primacy,167.3,4361,4815,,,0.2174,Moderate,True,0.88,0.87,138,100-161,68.6
B4LTW CDP Compressor Station,FLIGHT,Natural Gas Processing,High,,213112,,False,,,28.02303,-99.94129,TX,5.37,True,28.03947,-99.99271,Unknown,unknown,175.7,4134,4497,Sedimentary,Shale,0.2971,Moderate,False,320.06,47.38,138,100-161,68.5
Gillis,FLIGHT,Natural Gas Processing,High,,486210,1345,False,0.2,<1 MW,30.46231,-93.14798,LA,105.82,False,31.29834,-93.67767,Texas,primacy,172.7,4170,4532,,,0.244,Moderate,True,7.91,10.42,69,UNDER 100,68.5
HONEYWELL INTERNATIONAL INC - BATON ROUGE PLANT,FLIGHT,Industrial Gas,High,,325120,31350,False,5.6,1-10 MW,30.47444,-91.18306,LA,214.1,False,32.36374,-91.61842,Louisiana,primacy,154.4,4827,4846,Unconsolidated,Unconsolidated,0.493,High,True,13.51,0.99,230,220-287,68.5
NORTH CROSS COMP STATION 4,FLIGHT,Natural Gas Processing,High,,211120,33560,False,6.0,1-10 MW,31.10944,-102.29806,TX,83.57,False,30.35828,-102.32653,Texas,primacy,153.5,4875,179,Sedimentary,Limestone,0.1699,Low,True,1.36,1.09,138,100-161,68.5
WAHA CMP STN,FLIGHT,Natural Gas Processing,High,,486210,20778,False,3.7,1-10 MW,31.27306,-103.07222,TX,62.34,False,31.11033,-103.69937,Texas,primacy,160.8,4644,4586,,,0.728,Severe,True,29.56,3.28,138,100-161,68.5
32-7 Central Delivery Point,FLIGHT,Natural Gas Processing,High,,213112,,False,,,36.9313,-107.5604,NM,6.33,True,36.87602,-107.5433,New Mexico,federal,181.4,4096,4459,Sedimentary,Shale,0.1567,Low,False,32.71,14.81,115,100-161,68.4
GREEN PLAINS OBION LLC,FLIGHT,Ethanol,High,,325193,152667,False,27.5,20-50 MW,36.28305,-89.14761,TN,16.34,True,36.18665,-89.01004,Tennessee,federal,156.7,4767,2618,Unconsolidated,Unconsolidated,0.235,Moderate,False,414.39,2.65,69,UNDER 100,68.4
"Pelican Renewables, LLC",FLIGHT,Ethanol,High,,325193,,False,,,37.9413,-121.3385,CA,9.1,True,37.87875,-121.27165,California,federal,200.3,3708,4555,Unconsolidated,Unconsolidated,0.6775,High,False,1054.93,0.11,60,UNDER 100,68.4
South Belridge Production Facility,FLIGHT,Natural Gas Processing,High,,211111,,False,,,35.41838,-119.7016,CA,5.72,True,35.4346,-119.76153,California,federal,177.2,3961,294,Unconsolidated,Unconsolidated,0.3785,Moderate,False,961.47,0.82,115,100-161,68.4
Targa Midstream Services LLC - Acadia Gas Plant,FLIGHT,Natural Gas Processing,High,,211112,,False,,,30.21821,-92.50929,LA,163.98,False,31.29834,-93.67767,Texas,primacy,172.7,4170,4532,,,0.244,Moderate,True,28.95,1.94,69,UNDER 100,68.4
GOLDEN GATE SET PETROLEUM PARTNERS OF NEVADA,FLIGHT,Natural Gas Processing,High,,211130,,False,,,39.23369,-108.64357,CO,12.43,True,39.19484,-108.77886,Colorado,application,155.2,4792,438,Sedimentary,Shale,0.5924,High,False,98.31,3.75,69,UNDER 100,68.3
Gulf South Pipeline - McComb Station,FLIGHT,Natural Gas Processing,High,,486210,36432,False,6.6,1-10 MW,31.335,-90.22029,MS,170.0,False,32.42641,-91.48114,Louisiana,primacy,150.2,4991,4440,Unconsolidated,Unconsolidated,0.4954,High,True,19.72,12.58,115,100-161,68.3
Maverick Mainline CDP & OHF,FLIGHT,Natural Gas Processing,High,,211111,,False,,,28.35373,-99.66547,TX,32.74,True,28.41549,-99.99271,Texas,primacy,190.6,3731,4249,Sedimentary,Sandstone,0.2755,Moderate,False,302.11,13.06,138,100-161,68.3
Bakersfield Compressor Station,FLIGHT,Natural Gas Processing,High,,486210,25183,False,4.5,1-10 MW,30.89563,-102.88862,TX,45.83,True,30.48362,-102.87567,Texas,primacy,156.4,4773,0,Unconsolidated,Unconsolidated,0.2318,Moderate,True,29.43,0.81,138,100-161,68.2
"Columbia Gulf Transmission - Red Mountain CS (Enterprise, LA)",FLIGHT,Natural Gas Processing,High,,486210,138884,False,25.0,20-50 MW,31.8773,-91.9221,LA,61.18,False,32.36374,-91.61842,Louisiana,primacy,154.4,4827,4846,Unconsolidated,Unconsolidated,0.493,High,False,72.43,19.66,-999999,NOT AVAILABLE,68.2
Southern California Gas Co Wheeler Ridge station,FLIGHT,Natural Gas Processing,High,,486210,23341,False,4.2,1-10 MW,35.05925,-119.02406,CA,7.85,True,35.05858,-118.93783,California,federal,176.5,4080,171,Unconsolidated,Unconsolidated,0.9215,Severe,False,914.17,2.07,500,500,68.2
TRANSCO STATION 30,FLIGHT,Natural Gas Processing,High,,486210,12868,False,2.3,1-10 MW,29.27916,-96.28888,TX,102.38,False,29.6689,-97.24704,Texas,primacy,164.0,4489,4312,Sedimentary,Shale,0.3138,Moderate,True,23.73,3.19,138,100-161,68.2
Catarina Compressor Station,FLIGHT,Natural Gas Processing,High,,211111,,False,,,28.35597,-99.66272,TX,32.95,True,28.41549,-99.99271,Texas,primacy,190.6,3731,4249,Sedimentary,Sandstone,0.2755,Moderate,False,301.8,12.98,138,100-161,68.1
"EEC Station 5406 Jefferson County, GA",FLIGHT,Natural Gas Processing,High,,486210,30239,False,5.4,1-10 MW,33.15989,-82.2737,GA,4.98,True,33.11579,-82.28314,Georgia,federal,152.4,4910,140,,,0.2143,Moderate,False,628.83,2.23,-999999,NOT AVAILABLE,68.1
GRAPELAND PLANT,FLIGHT,Natural Gas Processing,High,,486210,143090,False,25.8,20-50 MW,31.51213,-95.52634,TX,74.66,False,31.92505,-96.14878,Texas,primacy,151.2,4946,4425,Sedimentary,Shale,0.3537,Moderate,False,217.33,2.17,69,UNDER 100,68.1
J R SIMPLOT COMPANY,FLIGHT,Ammonia/Fertilizer,High,,325311,20479,False,3.7,1-10 MW,36.55116,-120.11372,CA,7.05,True,36.56267,-120.0361,California,federal,171.9,4231,3265,Unconsolidated,Unconsolidated,0.8375,Severe,False,972.38,0.28,60,UNDER 100,68.1
LAGUNA SECA/A-59 COMPRESSOR STATION,FLIGHT,Natural Gas Processing,High,,213112,,False,,,36.8807,-107.4027,NM,6.46,True,36.93869,-107.40602,New Mexico,federal,180.2,4105,4013,Sedimentary,Shale,0.1419,Low,False,38.22,20.57,115,100-161,68.1
TARGA EAST ROCKPILE GAS PROCESSING PLANT,FLIGHT,Natural Gas Processing,High,,211112,,False,,,34.97834,-95.68789,OK,12.01,True,35.05858,-95.59964,Oklahoma,application,150.6,4978,4437,Sedimentary,Shale,0.1688,Low,False,177.56,0.78,138,100-161,68.1
Delaware Basin Gas Processing Plant,FLIGHT,Natural Gas Processing,High,,211130,14737,False,2.7,1-10 MW,31.82451,-103.91051,TX,81.9,False,31.11033,-103.69937,Texas,primacy,160.8,4644,4586,,,0.728,Severe,True,13.91,27.76,138,100-161,68.0
Kern River,FLIGHT,Natural Gas Processing,High,,211111,,False,,,35.42686,-118.99222,CA,5.0,True,35.4346,-118.93783,California,federal,169.8,4359,1439,Unconsolidated,Unconsolidated,0.1854,Low,False,899.33,1.34,115,100-161,68.0
Sneed Booster Station,FLIGHT,Natural Gas Processing,High,,211130,31990,False,5.8,1-10 MW,35.8117,-101.6294,TX,122.84,False,35.37193,-102.87567,Texas,primacy,150.9,4970,1678,Sedimentary,Shale,0.2814,Moderate,True,19.49,2.73,115,100-161,68.0
Stumberg Mega Station,FLIGHT,Natural Gas Processing,High,,211111,,False,,,28.34708,-99.6769,TX,31.56,True,28.29015,-99.99271,Texas,primacy,180.4,4015,4768,Unconsolidated,Unconsolidated,0.271,Moderate,False,303.34,13.09,138,100-161,68.0
Cymric,FLIGHT,Natural Gas Processing,High,,211111,,False,,,35.3087,-119.63235,CA,6.95,True,35.24659,-119.62425,California,federal,182.3,3997,409,Sedimentary,Sandstone,0.379,Moderate,False,958.74,1.99,115,100-161,67.9
FLORIDA GAS TRANSMISSION COMPANY - PERRY STATION,FLIGHT,Natural Gas Processing,High,,486210,67769,False,12.2,10-20 MW,30.16472,-83.60487,FL,8.31,True,30.17027,-83.5187,Florida,federal,150.9,4966,1392,Unconsolidated,Unconsolidated,0.2345,Moderate,False,521.47,0.37,230,220-287,67.9
OZONA CMP STN,FLIGHT,Natural Gas Processing,High,,486210,56001,False,10.1,10-20 MW,30.6327,-101.07121,TX,32.53,True,30.35828,-100.9537,Texas,primacy,152.4,4900,3634,Unconsolidated,Unconsolidated,0.2674,Moderate,False,79.28,6.36,69,UNDER 100,67.9
POINT COMFORT GAS PLANT,FLIGHT,Natural Gas Processing,High,,486210,,False,,,28.66566,-96.56766,TX,120.48,False,29.48089,-97.38433,Texas,primacy,169.4,4310,4657,,,0.1831,Low,True,14.71,0.6,138,100-161,67.9
Tippett Gas Plant,FLIGHT,Natural Gas Processing,High,,211130,26355,False,4.7,1-10 MW,31.03761,-102.2223,TX,76.19,False,30.35828,-102.32653,Texas,primacy,153.5,4875,179,Sedimentary,Limestone,0.1699,Low,True,2.06,6.14,138,100-161,67.9
AIR LIQUIDE - PORT NECHES ASU COGENERATION PLANT,FLIGHT,Industrial Gas,High,,325120,2423,False,0.4,<1 MW,29.98112,-93.95239,TX,140.12,False,31.23567,-94.08952,Texas,primacy,167.3,4361,4815,,,0.2174,Moderate,True,9.06,0.94,69,UNDER 100,67.8
Gaines County Crossover Compressor Station,FLIGHT,Natural Gas Processing,High,,486210,29806,False,5.4,1-10 MW,32.75497,-102.52418,TX,186.55,False,34.43187,-102.46382,Texas,primacy,150.8,4973,2759,Unconsolidated,Unconsolidated,0.7215,Severe,True,8.14,5.25,69,UNDER 100,67.8
Linn Energy - Homebase,FLIGHT,Natural Gas Processing,High,,211111,,False,,,35.09983,-119.44445,CA,6.0,True,35.05858,-119.48697,California,federal,175.6,4146,586,Sedimentary,Sandstone,0.2234,Moderate,False,949.15,0.73,70,UNDER 100,67.8
TRUNK L COMPRESSOR STATION,FLIGHT,Natural Gas Processing,High,,213112,,False,,,36.6432,-107.3553,NM,6.73,True,36.68801,-107.40602,New Mexico,federal,179.9,4124,4584,Sedimentary,Shale,0.1794,Low,False,33.49,29.23,115,100-161,67.8
Aera Energy Ventura,FLIGHT,Natural Gas Processing,High,,211111,,False,,,34.31056,-119.29278,CA,7.4,True,34.30653,-119.2124,California,federal,183.9,3819,256,Sedimentary,Sandstone,0.5476,High,False,966.45,4.96,66,UNDER 100,67.7
Comfort Compressor Station,FLIGHT,Natural Gas Processing,High,,486210,57550,False,10.4,10-20 MW,29.99685,-98.82663,TX,33.17,True,29.98226,-98.48259,Texas,primacy,154.6,4802,126,Sedimentary,Limestone,0.259,Moderate,False,252.92,1.72,138,100-161,67.7
Green Canyon 641,FLIGHT,Natural Gas Processing,High,,211120,102434,False,18.5,10-20 MW,27.32591,-90.71415,LA,526.88,False,31.29834,-93.67767,Texas,primacy,172.7,4170,4532,,,0.244,Moderate,False,280.95,204.22,-999999,NOT AVAILABLE,67.7
Gulf South Pipeline - Rodrigue Station,FLIGHT,Natural Gas Processing,High,,486210,21955,False,4.0,1-10 MW,30.05827,-91.11853,LA,260.73,False,32.36374,-91.61842,Louisiana,primacy,154.4,4827,4846,Unconsolidated,Unconsolidated,0.493,High,True,4.41,4.08,-999999,NOT AVAILABLE,67.7
Arroyo Grande Production Facility,FLIGHT,Natural Gas Processing,High,,211120,,False,,,35.1814,-120.61965,CA,11.5,True,35.12125,-120.72252,Unknown,unknown,210.9,2949,13,Other,Water,0.3269,Moderate,False,1048.81,0.48,230,220-287,67.6
FLORIDA GAS TRANSMISSION COMPANY - MUNSON,FLIGHT,Natural Gas Processing,High,,486210,246816,False,44.5,20-50 MW,30.91146,-86.88728,FL,34.81,True,31.173,-87.08807,Alabama,application,150.8,4970,4816,Unconsolidated,Unconsolidated,0.1369,Low,False,199.87,5.38,115,100-161,67.6
FLORIDA GAS TRANSMISSION COMPANY - VIDOR,FLIGHT,Natural Gas Processing,High,,486210,,False,,,30.07013,-93.95483,TX,130.24,False,31.23567,-94.08952,Texas,primacy,167.3,4361,4815,,,0.2174,Moderate,True,0.3,1.15,138,100-161,67.6
"LYONDELLBASELL ACETYLS LLC, LA PORTE SYNGAS PLANT",FLIGHT,Industrial Gas,High,,325120,,False,,,29.70629,-95.05702,TX,193.69,False,31.23567,-94.08952,Texas,primacy,167.3,4361,4815,,,0.2174,Moderate,True,19.86,1.52,138,100-161,67.6
PORT ARTHUR GAS PLANT,FLIGHT,Natural Gas Processing,High,,211130,,False,,,29.93069,-94.00888,TX,145.31,False,31.23567,-94.08952,Texas,primacy,167.3,4361,4815,,,0.2174,Moderate,True,1.99,2.59,138,100-161,67.6
Riley Ridge Gas Plant,FLIGHT,Natural Gas Processing,High,,211111,,False,,,42.5011,-110.4228,WY,28.39,True,42.2657,-110.28897,Wyoming,primacy,156.3,4786,4703,Unconsolidated,Unconsolidated,0.0939,Very low/none,False,73.46,24.75,120,100-161,67.6
WEST BEAUMONT GAS PLANT,FLIGHT,Natural Gas Processing,High,,211130,,False,,,30.01225,-94.11816,TX,136.07,False,31.23567,-94.08952,Texas,primacy,167.3,4361,4815,,,0.2174,Moderate,True,3.78,3.11,138,100-161,67.6
"EPNG Station 6398, Wink, TX",FLIGHT,Natural Gas Processing,High,,486210,9176,False,1.7,1-10 MW,31.74884,-103.1625,TX,87.38,False,31.11033,-103.69937,Texas,primacy,160.8,4644,4586,,,0.728,Severe,True,21.25,1.59,69,UNDER 100,67.5
"McWane Ductile - Utah, A Division of McWane Inc.",FLIGHT,Iron & Steel,Medium,,331511,72223,False,13.0,10-20 MW,40.19975,-111.63175,UT,7.19,True,40.26024,-111.66181,Utah,application,191.4,3726,1441,Unconsolidated,Unconsolidated,0.1754,Low,False,194.78,0.24,69,UNDER 100,67.5
PHP Big Lake Compressor Station,FLIGHT,Natural Gas Processing,High,,486210,136720,False,24.6,20-50 MW,31.11053,-101.56909,TX,56.13,False,30.60896,-101.50283,Texas,primacy,151.5,4939,3464,,,0.2688,Moderate,False,41.95,0.86,69,UNDER 100,67.5
Red Bluff Express Compressor Station,FLIGHT,Natural Gas Processing,High,,486210,120816,False,21.8,20-50 MW,31.72688,-103.78266,TX,69.01,False,31.11033,-103.69937,Texas,primacy,160.8,4644,4586,,,0.728,Severe,False,30.05,16.83,138,100-161,67.5
TRANSCO STATION 45,FLIGHT,Natural Gas Processing,High,,486210,3587,False,0.6,<1 MW,30.43265,-93.23259,LA,105.19,False,31.23567,-93.81496,Texas,primacy,164.4,4463,4529,Sedimentary,Shale,0.2286,Moderate,True,7.0,9.93,69,UNDER 100,67.5
LATERAL C COMPRESSOR STATION,FLIGHT,Natural Gas Processing,High,,486210,,False,,,33.05038,-97.58974,TX,28.14,True,32.8651,-97.38433,Texas,primacy,153.4,4852,3330,Sedimentary,Limestone,0.2834,Moderate,False,153.43,2.35,345,345,67.4
"NGPL Station 342 Johnson's Bayou, LA",FLIGHT,Natural Gas Processing,High,,486210,2296,False,0.4,<1 MW,29.80359,-93.75375,LA,159.35,False,31.23567,-93.81496,Texas,primacy,164.4,4463,4529,Sedimentary,Shale,0.2286,Moderate,True,23.4,12.95,69,UNDER 100,67.4
"Scissortail Energy Hoss Station McAlester, OK",FLIGHT,Natural Gas Processing,High,,486210,,False,,,34.98543,-95.70586,OK,12.64,True,35.05858,-95.59964,Oklahoma,application,150.6,4978,4437,Sedimentary,Shale,0.1688,Low,False,176.03,1.18,138,100-161,67.4
WILLARD CO2 SEPARATION PLANT,FLIGHT,Natural Gas Processing,High,,211120,24989,False,4.5,1-10 MW,33.02778,-102.81972,TX,159.56,False,34.43187,-102.46382,Texas,primacy,150.8,4973,2759,Unconsolidated,Unconsolidated,0.7215,Severe,True,1.21,0.85,115,100-161,67.4
FLORIDA GAS TRANSMISSION COMPANY - BROOKER,FLIGHT,Natural Gas Processing,High,,486210,62949,False,11.3,10-20 MW,29.92334,-82.32796,FL,8.92,True,29.91959,-82.42043,Florida,federal,153.6,4869,917,Unconsolidated,Unconsolidated,0.1685,Low,False,646.06,2.72,115,100-161,67.3
Lone Star NGL Frac VII,FLIGHT,Natural Gas Processing,High,,486210,108021,False,19.5,10-20 MW,29.84774,-94.9243,TX,173.81,False,31.23567,-94.08952,Texas,primacy,167.3,4361,4815,,,0.2174,Moderate,False,37.53,0.22,138,100-161,67.3
"NGPL Station 308, Biggers, AR",FLIGHT,Natural Gas Processing,High,,486210,37721,False,6.8,1-10 MW,36.29856,-90.83898,AR,6.76,True,36.24932,-90.79472,Arkansas,federal,154.2,4849,1047,Unconsolidated,Unconsolidated,0.2305,Moderate,False,402.16,5.28,161,100-161,67.3
Brownsville,FLIGHT,Natural Gas Processing,High,,486210,99177,False,17.9,10-20 MW,25.94611,-97.42356,TX,339.84,False,28.85419,-98.48259,Texas,primacy,171.5,4283,4540,Sedimentary,Shale,0.9092,Severe,False,326.43,0.76,138,100-161,67.2
Golden Pass LNG Terminal LLC,FLIGHT,Natural Gas Processing,High,,486210,,False,,,29.90842,-93.91986,TX,147.92,False,31.23567,-93.81496,Texas,primacy,164.4,4463,4529,Sedimentary,Shale,0.2286,Moderate,True,8.12,0.54,230,220-287,67.2
Greenwood Gas Plant,FLIGHT,Natural Gas Processing,High,,211130,21550,False,3.9,1-10 MW,31.9708,-101.8914,TX,155.87,False,30.60896,-101.50283,Texas,primacy,151.5,4939,3464,,,0.2688,Moderate,True,22.97,2.03,138,100-161,67.2
HENRY HUB AREA FACILITIES,FLIGHT,Natural Gas Processing,High,,486210,97782,False,17.6,10-20 MW,29.89736,-92.06675,LA,219.18,False,31.29834,-93.67767,Texas,primacy,172.7,4170,4532,,,0.244,Moderate,False,66.07,3.65,69,UNDER 100,67.2
Light Compressor Station,FLIGHT,Natural Gas Processing,High,,211111,,False,,,28.47048,-99.49725,TX,30.64,True,28.66617,-99.71815,Texas,primacy,168.7,4349,4919,Sedimentary,Shale,0.4016,High,False,283.83,10.92,138,100-161,67.2
TRUNKLINE LNG CO LLC - LAKE CHARLES LNG RECEIVING TERMINAL,FLIGHT,Natural Gas Processing,High,,486210,,False,,,30.11023,-93.28268,LA,135.1,False,31.23567,-93.81496,Texas,primacy,164.4,4463,4529,Sedimentary,Shale,0.2286,Moderate,True,23.23,4.81,138,100-161,67.2
Targa Midstream Services LLC - Big Lake Gas Plant,FLIGHT,Natural Gas Processing,High,,211112,,False,,,30.1152,-93.2827,LA,134.59,False,31.23567,-93.81496,Texas,primacy,164.4,4463,4529,Sedimentary,Shale,0.2286,Moderate,True,22.8,4.25,138,100-161,67.2
Old Ocean Gas Plant,FLIGHT,Natural Gas Processing,High,,211130,,False,,,29.04718,-95.74768,TX,160.91,False,29.6689,-97.24704,Texas,primacy,164.0,4489,4312,Sedimentary,Shale,0.3138,Moderate,True,26.68,2.3,138,100-161,67.1
"TGP Station 071 Middleton, TN",FLIGHT,Natural Gas Processing,High,,486210,16052,False,2.9,1-10 MW,35.03293,-88.8946,TN,4.57,True,34.99591,-88.87275,Tennessee,federal,151.8,4932,2340,,,0.1557,Low,False,292.81,0.86,161,100-161,67.1
Wilson Storage Facility,FLIGHT,Natural Gas Processing,High,,486210,,False,,,29.29567,-95.93744,TX,133.38,False,29.6689,-97.24704,Texas,primacy,164.0,4489,4312,Sedimentary,Shale,0.3138,Moderate,True,5.62,5.04,138,100-161,67.1
ConocoPhillips Alaska Inc - KRU CPF3,FLIGHT,Natural Gas Processing,High,,211120,337421,False,60.8,50-100 MW,70.3981,-149.8158,AK,2782.21,False,48.90878,-122.64449,Washington,federal,194.0,3771,33,Unconsolidated,Unconsolidated,0.0927,Very low/none,False,3325.52,606.96,138,100-161,67.0
Silver Oak Gas Plant,FLIGHT,Natural Gas Processing,High,,211130,107672,False,19.4,10-20 MW,28.55555,-97.85639,TX,58.0,False,29.0422,-98.07074,Texas,primacy,165.2,4494,4043,Sedimentary,Shale,0.4222,High,False,124.2,7.58,138,100-161,67.0
TRUNKLINE GAS CO - JOPPA,FLIGHT,Natural Gas Processing,High,,486210,,False,,,37.22407,-88.86437,IL,3.2,True,37.25205,-88.87275,Illinois,federal,151.3,4955,4221,Sedimentary,Sandstone,0.3496,Moderate,False,521.91,0.54,69,UNDER 100,67.0
Tuco Gas Plant,FLIGHT,Natural Gas Processing,High,,211130,17422,False,3.1,1-10 MW,29.76061,-95.36415,TX,170.11,False,29.98226,-97.10976,Texas,primacy,153.2,4864,3824,,,0.4857,High,True,28.14,0.7,138,100-161,67.0
EnerVest Operating L.L.C. - INTERPLANETARY COMPRESSOR STATION,FLIGHT,Natural Gas Processing,High,,211111,,False,,,39.77053,-110.30005,UT,15.26,True,39.63353,-110.28897,Utah,application,164.2,4564,4859,Unknown,Sedimentary,0.2693,Moderate,False,108.27,26.11,138,100-161,66.9
FLORIDA GAS TRANSMISSION COMPANY - CARRYVILLE,FLIGHT,Natural Gas Processing,High,,486210,46769,False,8.4,1-10 MW,30.67724,-85.84268,FL,7.65,True,30.60896,-85.85252,Florida,federal,152.2,4918,3746,Unconsolidated,Unconsolidated,0.1596,Low,False,301.16,6.91,115,100-161,66.9
Northern Natural Gas Company - Seminole,FLIGHT,Natural Gas Processing,High,,486210,19411,False,3.5,1-10 MW,32.97966,-102.81971,TX,164.8,False,34.43187,-102.46382,Texas,primacy,150.8,4973,2759,Unconsolidated,Unconsolidated,0.7215,Severe,True,1.56,0.91,115,100-161,66.9
Wadsworth,FLIGHT,Natural Gas Processing,High,,486210,58850,False,10.6,10-20 MW,41.03357,-81.83242,OH,8.59,True,41.01228,-81.73401,Ohio,federal,151.0,4966,2053,Sedimentary,Shale,0.1819,Low,False,1193.22,10.25,-999999,NOT AVAILABLE,66.9
"Grade 6 Oil, LLC",FLIGHT,Natural Gas Processing,High,,211120,,False,,,35.52174,-118.90628,CA,5.12,True,35.55994,-118.93783,California,federal,162.8,4567,930,,,0.4958,High,False,888.98,1.44,230,220-287,66.8
Texas Gas Transmission - Kenton Station,FLIGHT,Natural Gas Processing,High,,486210,19869,False,3.6,1-10 MW,36.23826,-89.02944,TN,6.0,True,36.18665,-89.01004,Tennessee,federal,156.7,4767,2618,Unconsolidated,Unconsolidated,0.235,Moderate,False,412.76,1.63,69,UNDER 100,66.8
Brazos Midstream - Comanche Plant,FLIGHT,Natural Gas Processing,High,,211130,112170,False,20.2,20-50 MW,31.32423,-103.22318,TX,51.15,False,31.11033,-103.69937,Texas,primacy,160.8,4644,4586,,,0.728,Severe,False,32.42,7.59,69,UNDER 100,66.7
Kermit Compressor Station,FLIGHT,Natural Gas Processing,High,,486210,1080,False,0.2,<1 MW,31.81077,-103.07361,TX,97.92,False,31.11033,-103.69937,Texas,primacy,160.8,4644,4586,,,0.728,Severe,True,19.73,4.25,69,UNDER 100,66.7
ANDECTOR BOOSTER STATION,FLIGHT,Natural Gas Processing,High,,211111,,False,,,32.0414,-102.6808,TX,141.52,False,31.11033,-103.69937,Texas,primacy,160.8,4644,4586,,,0.728,Severe,True,4.44,7.29,138,100-161,66.6
ANTELOPE RIDGE GAS PLANT,FLIGHT,Natural Gas Processing,High,,211112,,False,,,32.2995,-103.4539,NM,134.25,False,31.11033,-103.69937,Texas,primacy,160.8,4644,4586,,,0.728,Severe,True,28.9,15.8,115,100-161,66.6
Avalon CGF 1,FLIGHT,Natural Gas Processing,High,,211111,,False,,,31.87186,-103.70185,TX,84.68,False,31.11033,-103.69937,Texas,primacy,160.8,4644,4586,,,0.728,Severe,True,22.55,12.11,138,100-161,66.6
Avalon CGF 2,FLIGHT,Natural Gas Processing,High,,211111,,False,,,31.92159,-103.76169,TX,90.4,False,31.11033,-103.69937,Texas,primacy,160.8,4644,4586,,,0.728,Severe,True,21.13,19.99,138,100-161,66.6
Avalon CGF 3,FLIGHT,Natural Gas Processing,High,,211111,,False,,,31.93325,-103.70842,TX,91.51,False,31.11033,-103.69937,Texas,primacy,160.8,4644,4586,,,0.728,Severe,True,19.54,18.18,138,100-161,66.6
Avalon CGF 4,FLIGHT,Natural Gas Processing,High,,211111,,False,,,31.89174,-103.67283,TX,86.93,False,31.11033,-103.69937,Texas,primacy,160.8,4644,4586,,,0.728,Severe,True,19.03,12.56,138,100-161,66.6
FULLERTON GAS PLANT,FLIGHT,Natural Gas Processing,High,,211130,,False,,,32.38167,-102.78806,TX,165.56,False,31.11033,-103.69937,Texas,primacy,160.8,4644,4586,,,0.728,Severe,True,5.45,13.56,230,220-287,66.6
Headlee Plant,FLIGHT,Natural Gas Processing,High,,211112,,False,,,31.96263,-102.38076,TX,156.84,False,31.11033,-103.69937,Texas,primacy,160.8,4644,4586,,,0.728,Severe,True,9.26,3.8,138,100-161,66.6
MidMar West Gas Plant,FLIGHT,Natural Gas Processing,High,,211130,,False,,,32.28389,-102.85148,TX,153.18,False,31.11033,-103.69937,Texas,primacy,160.8,4644,4586,,,0.728,Severe,True,10.24,1.99,230,220-287,66.6
RKI Stateline Compressor Station,FLIGHT,Natural Gas Processing,High,,486210,,False,,,31.98438,-103.86878,TX,98.51,False,31.11033,-103.69937,Texas,primacy,160.8,4644,4586,,,0.728,Severe,True,11.2,15.17,345,345,66.6
Sierra Grande Gas Processing Plant,FLIGHT,Natural Gas Processing,High,,211130,,False,,,31.79126,-104.10877,TX,85.09,False,31.11033,-103.69937,Texas,primacy,160.8,4644,4586,,,0.728,Severe,True,16.54,18.86,138,100-161,66.6
Stateline Compressor Station,FLIGHT,Natural Gas Processing,High,,211111,,False,,,31.99974,-103.98482,TX,102.53,False,31.11033,-103.69937,Texas,primacy,160.8,4644,4586,,,0.728,Severe,True,0.37,9.6,345,345,66.6
Targa Midstream Services LLC - L&H Compressor Station,FLIGHT,Natural Gas Processing,High,,211111,,False,,,31.51073,-102.65126,TX,109.07,False,31.11033,-103.69937,Texas,primacy,160.8,4644,4586,,,0.728,Severe,True,11.67,10.34,69,UNDER 100,66.6
Targa Midstream Services LLC - North Eunice Compressor Station,FLIGHT,Natural Gas Processing,High,,211112,,False,,,32.45067,-103.19204,NM,156.56,False,31.11033,-103.69937,Texas,primacy,160.8,4644,4586,,,0.728,Severe,True,9.64,0.87,115,100-161,66.6
Targa Midstream Services LLC - Ponderosa Compressor Station,FLIGHT,Natural Gas Processing,High,,211112,,False,,,31.50074,-102.59645,TX,113.42,False,31.11033,-103.69937,Texas,primacy,160.8,4644,4586,,,0.728,Severe,True,9.5,10.48,69,UNDER 100,66.6
Targa Midstream Services LLC - Waddell Compressor Station,FLIGHT,Natural Gas Processing,High,,211111,,False,,,31.51514,-102.5387,TX,119.09,False,31.11033,-103.69937,Texas,primacy,160.8,4644,4586,,,0.728,Severe,True,3.85,13.34,69,UNDER 100,66.6
"Versum Materials US, LLC",FLIGHT,Industrial Gas,High,,325120,403544,False,72.7,50-100 MW,40.83639,-76.03083,PA,144.58,False,40.32291,-74.45799,New Jersey,federal,151.4,4949,136,Unconsolidated,Unconsolidated,0.1264,Low,False,1522.3,5.15,69,UNDER 100,66.6
WEST WADDELL BOOSTER,FLIGHT,Natural Gas Processing,High,,211111,,False,,,31.509,-102.6464,TX,109.42,False,31.11033,-103.69937,Texas,primacy,160.8,4644,4586,,,0.728,Severe,True,12.02,10.26,69,UNDER 100,66.6
WESTERN PYOTE CMP STN,FLIGHT,Natural Gas Processing,High,,486210,,False,,,31.50471,-103.13944,TX,68.94,False,31.11033,-103.69937,Texas,primacy,160.8,4644,4586,,,0.728,Severe,True,15.62,7.18,69,UNDER 100,66.6
"Lucius Spar, Keathley Canyon 875 Platform",FLIGHT,Natural Gas Processing,High,,211120,103888,False,18.7,10-20 MW,26.1322,-92.04034,LA,593.27,False,31.23567,-93.81496,Texas,primacy,164.4,4463,4529,Sedimentary,Shale,0.2286,Moderate,False,440.77,377.3,-999999,NOT AVAILABLE,66.5
"NGPL Station 309, Marble Hill, MO",FLIGHT,Natural Gas Processing,High,,486210,32544,False,5.9,1-10 MW,37.31858,-89.94401,MO,6.96,True,37.37739,-89.97102,Missouri,federal,153.7,4875,681,Sedimentary,Dolostone,0.2223,Moderate,False,501.16,0.7,69,UNDER 100,66.5
PHP Junction Compressor Station,FLIGHT,Natural Gas Processing,High,,486210,127570,False,23.0,20-50 MW,30.71327,-100.10822,TX,67.38,False,30.1076,-100.13,Texas,primacy,150.2,4994,1497,Sedimentary,Limestone,0.1239,Low,False,170.31,6.43,345,345,66.5
WR-551A,FLIGHT,Natural Gas Processing,High,,211120,87833,False,15.8,10-20 MW,26.4273,-90.8127,LA,609.19,False,31.29834,-93.67767,Texas,primacy,172.7,4170,4532,,,0.244,Moderate,False,381.34,303.83,-999999,NOT AVAILABLE,66.3
FLORIDA GAS TRANSMISSION COMPANY - THONOTOSASSA,FLIGHT,Natural Gas Processing,High,,486210,21968,False,4.0,1-10 MW,28.04467,-82.30167,FL,6.64,True,28.10214,-82.28314,Florida,federal,155.7,4787,2921,Sedimentary,Limestone,0.1678,Low,False,745.21,2.08,69,UNDER 100,66.2
Justin Compressor Station,FLIGHT,Natural Gas Processing,High,,486210,,False,,,33.1257,-97.3391,TX,29.28,True,32.8651,-97.38433,Texas,primacy,153.4,4852,3330,Sedimentary,Limestone,0.2834,Moderate,False,147.36,9.89,138,100-161,66.2
Southern California Gas Company - Aliso Canyon,FLIGHT,Natural Gas Processing,High,,486210,,False,,,34.30757,-118.55124,CA,7.23,True,34.3692,-118.52598,California,federal,172.9,4275,396,Sedimentary,Sandstone,0.569,High,False,904.04,0.75,66,UNDER 100,66.2
TRANSCO STATION 180,FLIGHT,Natural Gas Processing,High,,486210,103186,False,18.6,10-20 MW,38.30195,-77.9624,VA,13.47,True,38.19211,-78.02736,Virginia,federal,152.5,4916,0,Sedimentary,Sandstone,0.2414,Moderate,False,1223.45,3.47,115,100-161,66.2
Bearkat Cryogenic Plant,FLIGHT,Natural Gas Processing,High,,211130,9494,False,1.7,1-10 MW,31.9607,-101.4902,TX,150.31,False,30.60896,-101.50283,Texas,primacy,151.5,4939,3464,,,0.2688,Moderate,True,7.95,3.13,138,100-161,66.1
CARGILL INC - EDDYVILLE,FLIGHT,Ethanol,High,,311221,399264,False,71.9,50-100 MW,41.16226,-92.6361,IA,271.94,False,42.20303,-95.59964,Iowa,federal,150.8,4972,687,Sedimentary,Sandstone,0.231,Moderate,False,524.1,0.89,161,100-161,66.1
"Steel Dynamics Southwest, LLC",FLIGHT,Iron & Steel,Medium,,331110,297362,False,53.6,50-100 MW,28.05707,-97.46497,TX,124.5,False,29.0422,-98.07074,Texas,primacy,165.2,4494,4043,Sedimentary,Shale,0.4222,High,False,116.76,3.62,345,345,66.1
Bridger Compressor Station,FLIGHT,Natural Gas Processing,High,,211111,,False,,,42.4181,-109.7042,WY,31.13,True,42.45371,-109.32799,Wyoming,primacy,164.0,4568,0,Sedimentary,Shale,0.0896,Very low/none,False,65.66,25.56,69,UNDER 100,66.0
Diamond Y Compressor Station,FLIGHT,Natural Gas Processing,High,,211111,,False,,,30.85684,-102.75948,TX,42.96,True,30.48362,-102.87567,Texas,primacy,156.4,4773,0,Unconsolidated,Unconsolidated,0.2318,Moderate,True,28.81,7.7,230,220-287,66.0
Stanley Booster Station,FLIGHT,Natural Gas Processing,High,,486210,48602,False,8.8,1-10 MW,48.32713,-102.42881,ND,33.43,True,48.28208,-102.87567,North Dakota,primacy,150.4,4978,4531,Sedimentary,Shale,0.2164,Moderate,False,33.72,1.8,115,100-161,66.0
Moxa North Compressor Station,FLIGHT,Natural Gas Processing,High,,213112,,False,,,41.7689,-110.1393,WY,56.61,False,42.2657,-110.28897,Wyoming,primacy,156.3,4786,4703,Unconsolidated,Unconsolidated,0.0939,Very low/none,True,14.58,1.6,230,220-287,65.9
Pinnacle Dos Picos Gas Plant,FLIGHT,Natural Gas Processing,High,,211130,7154,False,1.3,1-10 MW,31.88345,-101.87142,TX,145.98,False,30.60896,-101.50283,Texas,primacy,151.5,4939,3464,,,0.2688,Moderate,True,15.8,2.2,69,UNDER 100,65.9
Anton CO2 Re-Injection Facility,FLIGHT,Natural Gas Processing,High,,211120,7102,False,1.3,1-10 MW,33.83856,-102.04997,TX,76.18,False,34.43187,-102.46382,Texas,primacy,150.8,4973,2759,Unconsolidated,Unconsolidated,0.7215,Severe,True,0.24,4.11,69,UNDER 100,65.8
Chemours - Corpus Christi Plant,FLIGHT,Industrial Gas,High,,325120,91071,False,16.4,10-20 MW,27.91929,-97.28451,TX,146.29,False,29.10487,-97.93346,Texas,primacy,167.4,4395,4240,Unconsolidated,Unconsolidated,0.3699,Moderate,False,117.24,3.62,69,UNDER 100,65.8
Jameson Gas Plant,FLIGHT,Natural Gas Processing,High,,211130,117776,False,21.2,20-50 MW,32.0488,-100.6821,TX,178.07,False,30.60896,-101.50283,Texas,primacy,151.5,4939,3464,,,0.2688,Moderate,False,65.22,0.31,69,UNDER 100,65.8
AIR PRODUCTS & CHEMICALS INC - CONVENT SMR,FLIGHT,Industrial Gas,High,,325120,,False,,,30.10817,-90.88404,LA,260.34,False,32.36374,-91.61842,Louisiana,primacy,154.4,4827,4846,Unconsolidated,Unconsolidated,0.493,High,True,9.6,1.59,230,220-287,65.7
ASH GROVE CEMENT - INKOM,FLIGHT,Cement,Medium,,327310,,False,,,42.79098,-112.25082,ID,4.2,True,42.76706,-112.21094,Idaho,federal,269.3,3209,1493,Unconsolidated,Unconsolidated,0.36,Moderate,False,204.65,0.23,115,100-161,65.7
Gulf South Pipeline - Montpelier Station,FLIGHT,Natural Gas Processing,High,,486210,,False,,,30.66117,-90.65106,LA,210.35,False,32.36374,-91.61842,Louisiana,primacy,154.4,4827,4846,Unconsolidated,Unconsolidated,0.493,High,True,14.34,5.17,-999999,UNDER 100,65.7
Hoover Diana Platform (AC25-HA),FLIGHT,Natural Gas Processing,High,,211130,86192,False,15.5,10-20 MW,26.9389,-94.6887,TX,386.83,False,29.48089,-97.38433,Texas,primacy,169.4,4310,4657,,,0.1831,Low,False,277.05,231.78,69,UNDER 100,65.7
Ponderosa Compressor Station,FLIGHT,Natural Gas Processing,High,,211111,,False,,,40.08796,-109.45227,UT,16.13,True,40.19757,-109.32799,Utah,application,162.1,4604,3861,,,0.193,Low,False,30.9,6.11,138,100-161,65.7
TRANSCO STATION 65,FLIGHT,Natural Gas Processing,High,,486210,,False,,,30.99226,-90.6992,LA,175.56,False,32.36374,-91.61842,Louisiana,primacy,154.4,4827,4846,Unconsolidated,Unconsolidated,0.493,High,True,1.1,3.19,115,100-161,65.7
Tebone Fractionator,FLIGHT,Natural Gas Processing,High,,211130,,False,,,30.21232,-91.03843,LA,245.49,False,32.36374,-91.61842,Louisiana,primacy,154.4,4827,4846,Unconsolidated,Unconsolidated,0.493,High,True,3.55,1.8,230,220-287,65.7
Tilden Gas Plant,FLIGHT,Natural Gas Processing,High,,211130,83499,False,15.0,10-20 MW,28.40999,-98.53014,TX,49.61,True,28.85419,-98.48259,Texas,primacy,171.5,4283,4540,Sedimentary,Shale,0.9092,Severe,False,192.0,5.59,69,UNDER 100,65.7
Carolina Gas Transmission - Southern Station,FLIGHT,Natural Gas Processing,High,,486210,30339,False,5.5,1-10 MW,33.55471,-81.77972,SC,8.18,True,33.49181,-81.73401,South Carolina,federal,156.6,4764,149,Unconsolidated,Unconsolidated,0.204,Moderate,False,684.03,0.32,115,100-161,65.6
AGRIFOS FERTILIZER PASADENA,FLIGHT,Ammonia/Fertilizer,High,,325311,,False,,,29.74031,-95.19844,TX,186.26,False,29.98226,-97.10976,Texas,primacy,153.2,4864,3824,,,0.4857,High,True,19.69,1.2,69,UNDER 100,65.5
EAST VEALMOOR GAS PLANT,FLIGHT,Natural Gas Processing,High,,211130,2597,False,0.5,<1 MW,32.49444,-101.35222,TX,210.14,False,30.60896,-101.50283,Texas,primacy,151.5,4939,3464,,,0.2688,Moderate,True,11.41,15.8,138,100-161,65.5
EOG Resources- Excalibur LGL Station (subpart C only),FLIGHT,Natural Gas Processing,High,,211120,,False,,,29.75894,-95.37096,TX,169.49,False,29.98226,-97.10976,Texas,primacy,153.2,4864,3824,,,0.4857,High,True,28.42,0.48,138,100-161,65.5
FREER COMPRESSOR STATION,FLIGHT,Natural Gas Processing,High,,211130,76787,False,13.8,10-20 MW,28.20312,-98.80325,TX,72.54,False,28.85419,-98.75716,Texas,primacy,173.7,4176,4684,Sedimentary,Shale,0.8703,Severe,False,223.9,39.82,69,UNDER 100,65.5
"LINDE GAS NORTH AMERICA LLC, CLEARLAKE PLANT",FLIGHT,Industrial Gas,High,,325120,,False,,,29.62132,-95.06468,TX,201.37,False,29.98226,-97.10976,Texas,primacy,153.2,4864,3824,,,0.4857,High,True,11.99,0.78,138,100-161,65.5
"SNG Station 5288 Wrens, GA",FLIGHT,Natural Gas Processing,High,,486210,,False,,,33.18192,-82.36689,GA,5.0,True,33.17846,-82.42043,Georgia,federal,153.6,4867,51,Unconsolidated,Unconsolidated,0.4452,High,False,620.93,1.74,-999999,NOT AVAILABLE,65.5
Sunray Gas Plant,FLIGHT,Natural Gas Processing,High,,211130,114643,False,20.7,20-50 MW,35.96297,-101.81107,TX,116.48,False,35.37193,-102.87567,Texas,primacy,150.9,4970,1678,Sedimentary,Shale,0.2814,Moderate,False,36.18,2.09,345,345,65.5
WHITE WING GAS PROCESSING PLANT,FLIGHT,Natural Gas Processing,High,,211130,3135,False,0.6,<1 MW,32.58435,-100.76394,TX,230.53,False,30.60896,-101.50283,Texas,primacy,151.5,4939,3464,,,0.2688,Moderate,True,17.65,2.51,345,345,65.5
Moxa South Compressor Station,FLIGHT,Natural Gas Processing,High,,213112,,False,,,41.5999,-110.0954,WY,75.33,False,41.63899,-109.19071,Wyoming,primacy,152.4,4916,3377,Sedimentary,Sandstone,0.2054,Moderate,True,28.19,0.63,115,100-161,65.4
PLAINVIEW BIOENERY LLC,FLIGHT,Ethanol,High,,325193,114541,False,20.6,20-50 MW,34.18059,-101.62739,TX,81.75,False,34.43187,-102.46382,Texas,primacy,150.8,4973,2759,Unconsolidated,Unconsolidated,0.7215,Severe,False,54.45,0.6,69,UNDER 100,65.4
TRANSCO STATION 44,FLIGHT,Natural Gas Processing,High,,486210,90787,False,16.4,10-20 MW,29.76092,-93.64356,LA,164.8,False,31.23567,-93.81496,Texas,primacy,164.4,4463,4529,Sedimentary,Shale,0.2286,Moderate,False,34.98,1.44,69,UNDER 100,65.4
Canton Refinery,FLIGHT,Petroleum Refining,Medium,,324110,536090,False,96.6,50-100 MW,40.7736,-81.4146,OH,26.81,True,41.01228,-81.45944,Ohio,federal,150.8,4973,2321,Sedimentary,Shale,0.1804,Low,False,1194.47,1.19,138,100-161,65.3
Evraz Oregon Steel,FLIGHT,Iron & Steel,Medium,,331110,92843,False,16.7,10-20 MW,45.62849,-122.78125,OR,4.59,True,45.58724,-122.78177,Oregon,federal,213.7,3313,43,Igneous,Basalt,0.1465,Low,False,1100.0,0.09,115,100-161,65.3
"Primary Products Ingredients Americas, LLC",FLIGHT,Ethanol,High,,311221,385279,False,69.4,50-100 MW,35.7433,-84.3208,TN,83.79,False,35.4346,-85.1661,Tennessee,federal,153.7,4875,2887,Sedimentary,Conglomerate,0.2135,Moderate,False,605.95,0.83,161,100-161,65.3
ANR Pipeline Jena CS,FLIGHT,Natural Gas Processing,High,,486210,79726,False,14.4,10-20 MW,31.53791,-92.18144,LA,99.38,False,31.92505,-93.12854,Louisiana,primacy,169.7,4239,4794,Unconsolidated,Unconsolidated,0.2531,Moderate,False,94.63,17.4,-999999,NOT AVAILABLE,65.2
Apache Corp. Permian - Crane Gas Plant,FLIGHT,Natural Gas Processing,High,,211130,,False,,,32.03544,-102.08652,TX,168.03,False,30.60896,-101.50283,Texas,primacy,151.5,4939,3464,,,0.2688,Moderate,True,12.41,2.88,345,345,65.2
Averitt Booster,FLIGHT,Natural Gas Processing,High,,211111,,False,,,31.7791,-102.3068,TX,150.92,False,30.60896,-101.50283,Texas,primacy,151.5,4939,3464,,,0.2688,Moderate,True,7.74,2.78,138,100-161,65.2
Goodrich Booster Station,FLIGHT,Natural Gas Processing,High,,211111,,False,,,32.14677,-101.93032,TX,175.75,False,30.60896,-101.50283,Texas,primacy,151.5,4939,3464,,,0.2688,Moderate,True,20.0,6.69,138,100-161,65.2
Knott Booster,FLIGHT,Natural Gas Processing,High,,211111,,False,,,32.34222,-101.57083,TX,192.84,False,30.60896,-101.50283,Texas,primacy,151.5,4939,3464,,,0.2688,Moderate,True,23.9,8.25,138,100-161,65.2
NUECES CMP STN,FLIGHT,Natural Gas Processing,High,,486210,77357,False,13.9,10-20 MW,28.37245,-98.11916,TX,64.25,False,28.85419,-98.48259,Texas,primacy,171.5,4283,4540,Sedimentary,Shale,0.9092,Severe,False,154.36,5.11,230,220-287,65.2
Paulsboro Refining Company LLC,FLIGHT,Petroleum Refining,Medium,,324110,740857,False,133.5,>=100 MW,39.84,-75.2583,NJ,26.77,True,39.6962,-75.00712,New Jersey,federal,150.0,5000,728,Unconsolidated,Unconsolidated,0.1142,Low,False,1512.33,2.96,-999999,NOT AVAILABLE,65.2
REINECKE SITE,FLIGHT,Natural Gas Processing,High,,211112,,False,,,32.56861,-101.25722,TX,219.14,False,30.60896,-101.50283,Texas,primacy,151.5,4939,3464,,,0.2688,Moderate,True,0.39,7.72,69,UNDER 100,65.2
SALE RANCH GAS PLANT,FLIGHT,Natural Gas Processing,High,,211112,,False,,,32.21094,-101.93515,TX,182.8,False,30.60896,-101.50283,Texas,primacy,151.5,4939,3464,,,0.2688,Moderate,True,21.18,13.13,138,100-161,65.2
SPRABERRY GAS PLANT,FLIGHT,Natural Gas Processing,High,,211130,,False,,,31.85471,-101.79899,TX,141.35,False,30.60896,-101.50283,Texas,primacy,151.5,4939,3464,,,0.2688,Moderate,True,8.37,0.79,69,UNDER 100,65.2
Sonora Gas Plant,FLIGHT,Natural Gas Processing,High,,211112,,False,,,31.3618,-101.7764,TX,87.68,False,30.60896,-101.50283,Texas,primacy,151.5,4939,3464,,,0.2688,Moderate,True,26.14,13.37,69,UNDER 100,65.2
TARGA BOYD COMPRESSOR STATION,FLIGHT,Natural Gas Processing,High,,211111,,False,,,31.48861,-101.64611,TX,98.76,False,30.60896,-101.50283,Texas,primacy,151.5,4939,3464,,,0.2688,Moderate,True,27.17,15.31,69,UNDER 100,65.2
TARGA COLE RANCH COMPRESSOR STATION,FLIGHT,Natural Gas Processing,High,,211111,,False,,,31.73269,-101.60515,TX,125.33,False,30.60896,-101.50283,Texas,primacy,151.5,4939,3464,,,0.2688,Moderate,True,14.43,5.04,69,UNDER 100,65.2
TARGA COX COMPRESSOR STATION,FLIGHT,Natural Gas Processing,High,,211111,,False,,,31.6315,-101.51353,TX,113.71,False,30.60896,-101.50283,Texas,primacy,151.5,4939,3464,,,0.2688,Moderate,True,28.04,8.27,69,UNDER 100,65.2
TARGA DUSEK COMPRESSOR STATION,FLIGHT,Natural Gas Processing,High,,211111,,False,,,31.65545,-101.99079,TX,125.29,False,30.60896,-101.50283,Texas,primacy,151.5,4939,3464,,,0.2688,Moderate,True,10.1,8.49,138,100-161,65.2
TARGA EDWARD GAS PROCESSING PLANT,FLIGHT,Natural Gas Processing,High,,211112,,False,,,31.33891,-101.80057,TX,85.99,False,30.60896,-101.50283,Texas,primacy,151.5,4939,3464,,,0.2688,Moderate,True,26.0,13.66,69,UNDER 100,65.2
TARGA HUTT BOOSTER STATION,FLIGHT,Natural Gas Processing,High,,211111,,False,,,31.78795,-101.96164,TX,138.17,False,30.60896,-101.50283,Texas,primacy,151.5,4939,3464,,,0.2688,Moderate,True,16.54,0.52,138,100-161,65.2
White River Compressor Station,FLIGHT,Natural Gas Processing,High,,211111,,False,,,39.97,-109.3857,UT,17.18,True,40.00955,-109.19071,Utah,application,165.6,4499,4708,Sedimentary,Shale,0.0749,Very low/none,False,36.85,8.2,138,100-161,65.2
Air Products and Chemicals Inc./Detroit Hydrogen Facility Marathon Refinery,FLIGHT,Industrial Gas,High,,325120,386199,False,69.6,50-100 MW,42.28689,-83.15642,MI,173.98,False,41.13763,-81.73401,Ohio,federal,152.1,4930,2024,Sedimentary,Shale,0.1617,Low,False,1211.85,0.47,120,100-161,65.1
CALCASIEU REFINING COMPANY,FLIGHT,Petroleum Refining,Medium,,324110,177038,False,31.9,20-50 MW,30.1338,-93.3206,LA,131.33,False,31.23567,-93.81496,Texas,primacy,164.4,4463,4529,Sedimentary,Shale,0.2286,Moderate,True,18.88,2.14,69,UNDER 100,65.1
CARGRAY GAS PLANT,FLIGHT,Natural Gas Processing,High,,211112,,False,,,35.5242,-101.1356,TX,158.53,False,35.37193,-102.87567,Texas,primacy,150.9,4970,1678,Sedimentary,Shale,0.2814,Moderate,True,29.73,3.68,115,100-161,65.1
"CARMEUSE LIME, INC.  GRAND RIVER OPERATIONS (0243030257)",FLIGHT,Lime,Medium,,327410,304546,False,54.9,50-100 MW,41.75017,-81.28281,OH,14.8,True,41.63899,-81.18488,Ohio,federal,153.0,4900,1992,Sedimentary,Sandstone,0.1405,Low,False,1283.8,2.2,345,345,65.1
Cross Barr Booster Station,FLIGHT,Natural Gas Processing,High,,211111,,False,,,31.58862,-102.23167,TX,128.87,False,30.54629,-101.64011,Texas,primacy,150.7,4970,4032,Sedimentary,Limestone,0.5954,High,True,17.29,13.6,69,UNDER 100,65.1
"Diamond Ethanol, LLC",FLIGHT,Ethanol,High,,325193,,False,,,33.58861,-102.26278,TX,95.58,False,34.43187,-102.46382,Texas,primacy,150.8,4973,2759,Unconsolidated,Unconsolidated,0.7215,Severe,True,11.34,3.1,345,345,65.1
Dunnellon,FLIGHT,Natural Gas Processing,High,,486210,4992,False,0.9,<1 MW,29.00208,-82.33596,FL,5.72,True,28.97953,-82.28314,Florida,federal,152.4,4910,1435,Sedimentary,Limestone,0.2335,Moderate,False,686.79,0.54,500,500,65.1
SPEARMAN COMPRESSOR STATION,FLIGHT,Natural Gas Processing,High,,486210,,False,,,36.0853,-101.0524,TX,182.7,False,35.37193,-102.87567,Texas,primacy,150.9,4970,1678,Sedimentary,Shale,0.2814,Moderate,True,16.47,12.3,69,UNDER 100,65.1
Targa Midstream Services LLC - Railway Ranch Compressor Station,FLIGHT,Natural Gas Processing,High,,211112,,False,,,31.6529,-102.2616,TX,136.54,False,30.54629,-101.64011,Texas,primacy,150.7,4970,4032,Sedimentary,Limestone,0.5954,High,True,17.05,9.78,69,UNDER 100,65.1
YATES GAS PLANT,FLIGHT,Natural Gas Processing,High,,211120,,False,,,30.88471,-101.92023,TX,46.19,True,30.54629,-101.64011,Texas,primacy,150.7,4970,4032,Sedimentary,Limestone,0.5954,High,True,6.3,3.48,69,UNDER 100,65.1
CENTER ETHANOL CO LLC,FLIGHT,Ethanol,High,,325193,,False,,,38.59541,-90.17665,IL,6.67,True,38.56813,-90.1083,Illinois,federal,161.4,4624,1136,Sedimentary,Limestone,0.1981,Low,False,505.84,0.57,138,100-161,65.0
"Ergon Biofuels, LLC",FLIGHT,Ethanol,High,,325193,,False,,,32.38925,-90.89545,MS,55.14,False,32.42641,-91.48114,Louisiana,primacy,150.2,4991,4440,Unconsolidated,Unconsolidated,0.4954,High,True,8.65,1.01,115,100-161,65.0
Mid-Gulf Coast Basin Code 210,FLIGHT,Natural Gas Processing,High,,211120,,False,,,32.30052,-90.19011,MS,122.06,False,32.42641,-91.48114,Louisiana,primacy,150.2,4991,4440,Unconsolidated,Unconsolidated,0.4954,High,True,21.48,0.36,115,100-161,65.0
Naftex Operating Company,FLIGHT,Natural Gas Processing,High,,211120,,False,,,35.24211,-118.97615,CA,8.24,True,35.30926,-118.93783,California,federal,171.6,4219,4347,Unconsolidated,Unconsolidated,0.9146,Severe,False,903.8,2.13,70,UNDER 100,65.0
PURSUE ENERGY CORPORATION THOMASVILLE GAS PLANT,FLIGHT,Natural Gas Processing,High,,211111,,False,,,32.1585,-89.9793,MS,144.28,False,32.42641,-91.48114,Louisiana,primacy,150.2,4991,4440,Unconsolidated,Unconsolidated,0.4954,High,True,3.87,7.67,115,100-161,65.0
Jackson Dome,Natural Dome,Natural CO2 Dome,High,~98,,,False,,,32.35,-90.1,MS,129.96,False,32.42641,-91.48114,Louisiana,primacy,150.2,4991,4440,Unconsolidated,Unconsolidated,0.4954,High,True,18.03,1.88,-999999,NOT AVAILABLE,65.0
Albany,FLIGHT,Natural Gas Processing,High,,486210,28330,False,5.1,1-10 MW,31.54899,-84.24843,GA,8.09,True,31.48635,-84.20511,Georgia,federal,152.8,4896,3277,Sedimentary,Limestone,0.2357,Moderate,False,427.48,3.44,115,100-161,64.9
"Mission Creek OpCo, LLC - Dorcheat Plant",FLIGHT,Natural Gas Processing,High,,211130,,False,,,33.18739,-93.33242,AR,6.65,True,33.17846,-93.40311,Arkansas,federal,160.1,4602,3740,,,0.2493,Moderate,False,181.78,1.79,115,100-161,64.9
Valley Wells Treater,FLIGHT,Natural Gas Processing,High,,486210,,False,,,28.5004,-99.37322,TX,33.09,True,28.79151,-99.44358,Texas,primacy,169.8,4274,4677,Sedimentary,Sandstone,0.7411,Severe,False,271.37,10.32,138,100-161,64.9
Platform Gail,FLIGHT,Natural Gas Processing,High,,211120,,False,,,34.125,-119.4003,CA,11.08,True,34.05585,-119.48697,Unknown,unknown,189.0,3741,0,Other,Water,0.151,Low,False,983.66,16.46,-999999,NOT AVAILABLE,64.8
Cheneyville Compressor Station,FLIGHT,Natural Gas Processing,High,,486210,78608,False,14.2,10-20 MW,31.02756,-92.24924,LA,124.03,False,31.54902,-93.40311,Louisiana,primacy,167.6,4386,4782,Unconsolidated,Unconsolidated,0.1738,Low,False,56.78,9.99,230,220-287,64.7
Cherokee Central Processing Facility,FLIGHT,Natural Gas Processing,High,,211130,,False,,,31.34581,-103.8912,TX,31.91,True,31.11033,-103.69937,Texas,primacy,160.8,4644,4586,,,0.728,Severe,False,64.56,25.75,69,UNDER 100,64.7
"VALERO REFINING CO. (PREV. PREMCOR REFINING, PREV. WILLIAMS REFINING LLC)",FLIGHT,Petroleum Refining,Medium,,324110,1201210,False,216.4,>=100 MW,35.08584,-90.08339,TN,27.42,True,35.05858,-90.38287,Arkansas,federal,150.6,4979,4079,Unconsolidated,Unconsolidated,0.4089,High,False,266.78,0.17,161,100-161,64.7
Wamsutter Compressor Station,FLIGHT,Natural Gas Processing,High,,486210,,False,,,41.75059,-108.19031,WY,33.32,True,41.63899,-107.81787,Wyoming,primacy,170.1,4381,4895,Sedimentary,Shale,0.1543,Low,False,31.46,13.3,34,UNDER 100,64.7
GULFSTREAM STATION 420,FLIGHT,Natural Gas Processing,High,,486210,51030,False,9.2,1-10 MW,27.62463,-82.51703,FL,10.45,True,27.66344,-82.42043,Florida,federal,153.1,4877,3585,Unconsolidated,Unconsolidated,0.4869,High,False,756.24,0.67,230,220-287,64.6
SOUTHERN CALIFORNIA GAS COMPANY SOUTH NEEDLES STATION,FLIGHT,Natural Gas Processing,High,,486210,,False,,,34.69405,-114.61121,CA,8.62,True,34.74522,-114.68205,California,federal,171.6,4242,0,Metamorphic,Gneiss,0.1876,Low,False,563.69,12.17,230,220-287,64.6
Area 51 CGP Facility,FLIGHT,Natural Gas Processing,High,,213112,81952,False,14.8,10-20 MW,28.65164,-98.00084,TX,41.67,True,28.97953,-98.20803,Texas,primacy,163.8,4506,4971,Sedimentary,Shale,0.8989,Severe,False,136.31,8.95,345,345,64.5
"NGPL Station 303 Lufkin, TX",FLIGHT,Natural Gas Processing,High,,486210,62564,False,11.3,10-20 MW,31.24256,-94.6987,TX,41.76,True,31.48635,-94.36409,Texas,primacy,175.9,4194,4846,Sedimentary,Sandstone,0.2568,Moderate,False,148.36,8.34,138,100-161,64.5
Aera Energy Penn Zier,FLIGHT,Natural Gas Processing,High,,211120,45239,False,8.2,1-10 MW,36.2459,-120.32813,CA,17.3,True,36.12398,-120.44795,California,federal,200.8,3719,662,Sedimentary,Sandstone,0.2517,Moderate,False,996.58,1.55,60,UNDER 100,64.4
Brasada Gas Plant,FLIGHT,Natural Gas Processing,High,,211130,69938,False,12.6,10-20 MW,28.42054,-99.25939,TX,42.18,True,28.79151,-99.16901,Texas,primacy,170.7,4293,4692,Unconsolidated,Unconsolidated,0.3747,Moderate,False,261.7,0.65,138,100-161,64.4
GEORGIA PACIFIC Gypsum LLC,FLIGHT,Minerals,Medium,,327420,35314,False,6.4,1-10 MW,44.7155,-108.187,WY,16.13,True,44.64718,-108.36701,Wyoming,primacy,152.0,4928,4785,Sedimentary,Sandstone,0.3179,Moderate,False,165.95,14.25,69,UNDER 100,64.4
Provident City Compressor Station,FLIGHT,Natural Gas Processing,High,,486210,81261,False,14.6,10-20 MW,29.33,-96.6726,TX,67.16,False,29.6689,-97.24704,Texas,primacy,164.0,4489,4312,Sedimentary,Shale,0.3138,Moderate,False,46.17,14.82,69,UNDER 100,64.4
Tocito Dome,Natural Dome,Natural CO2 Dome,High,mixed,,,False,,,36.55,-108.3,NM,6.43,True,36.56267,-108.22972,New Mexico,federal,155.7,4797,3556,Sedimentary,Sandstone,0.7108,Severe,False,43.65,2.48,230,220-287,64.4
ANR Pipeline Mermentau CS,FLIGHT,Natural Gas Processing,High,,486210,64758,False,11.7,10-20 MW,30.1261,-92.6918,LA,160.85,False,31.29834,-93.67767,Texas,primacy,172.7,4170,4532,,,0.244,Moderate,False,38.35,4.54,69,UNDER 100,64.3
California Resources Production Corporation  Lost Hills,FLIGHT,Natural Gas Processing,High,,211111,,False,,,35.68617,-119.8012,CA,11.17,True,35.74795,-119.89882,California,federal,186.2,3875,204,Unconsolidated,Unconsolidated,0.9252,Severe,False,962.75,0.79,70,UNDER 100,64.3
JAY BUSINESS UNIT-St. Regis Gas Treating Facility-BASIN 210,FLIGHT,Natural Gas Processing,High,,211120,117232,False,21.1,20-50 MW,30.94845,-87.17817,TX,26.4,True,31.173,-87.08807,Alabama,application,150.8,4970,4816,Unconsolidated,Unconsolidated,0.1369,Low,False,173.62,0.93,115,100-161,64.3
Big Hole Compressor Station,FLIGHT,Natural Gas Processing,High,,486210,,False,,,40.76859,-107.76362,CO,18.57,True,40.7616,-107.5433,Colorado,application,168.7,4405,4747,Sedimentary,Shale,0.1619,Low,False,107.74,30.1,69,UNDER 100,64.2
Dilley Treating Facility,FLIGHT,Natural Gas Processing,High,,211120,38162,False,6.9,1-10 MW,28.46125,-99.10135,TX,37.31,True,28.79151,-99.16901,Texas,primacy,170.7,4293,4692,Unconsolidated,Unconsolidated,0.3747,Moderate,False,245.71,14.65,138,100-161,64.2
KRIPPLE KREEK GAS PLANT,FLIGHT,Natural Gas Processing,High,,211130,97393,False,17.5,10-20 MW,33.52713,-97.88261,TX,80.98,False,32.80243,-97.79618,Texas,primacy,152.7,4881,2667,Sedimentary,Sandstone,0.2995,Moderate,False,103.24,4.23,69,UNDER 100,64.2
TOWNER COMPRESSOR STATION,FLIGHT,Natural Gas Processing,High,,486210,99483,False,17.9,10-20 MW,48.25307,-100.43159,ND,138.36,False,47.84338,-102.18925,North Dakota,primacy,150.8,4963,4365,Sedimentary,Shale,0.2665,Moderate,False,143.92,1.12,115,100-161,64.1
WESTLAKE STYRENE LLC - STYRENE MONOMER PRODUCTION FACILITY,FLIGHT,Petrochemicals,Medium,,325110,166187,False,29.9,20-50 MW,30.177,-93.357,LA,125.6,False,31.23567,-93.81496,Texas,primacy,164.4,4463,4529,Sedimentary,Shale,0.2286,Moderate,True,12.95,0.64,138,100-161,64.1
Northern Border Pipeline Saint Anthony CS#7,FLIGHT,Natural Gas Processing,High,,486210,98676,False,17.8,10-20 MW,46.50949,-100.79812,ND,85.09,False,46.15127,-101.7774,North Dakota,primacy,150.4,4983,2875,Sedimentary,Sandstone,0.2656,Moderate,False,122.28,0.59,-999999,UNDER 100,64.0
PABCO BUILDING PRODUCTS AND SANDIA,FLIGHT,Minerals,Medium,,327420,130575,False,23.5,20-50 MW,36.31936,-115.02287,NV,6.42,True,36.31199,-115.0939,Nevada,federal,194.7,3810,665,Unconsolidated,Unconsolidated,0.9037,Severe,False,528.24,0.62,230,220-287,64.0
AIR PRODUCTS & CHEMICALS INC - INDUSTRIAL GAS PRODUCTION FACILITY,FLIGHT,Industrial Gas,High,,325120,261745,False,47.2,20-50 MW,30.02226,-89.90098,LA,266.42,False,31.23567,-87.49992,Alabama,application,152.1,4923,4902,Unconsolidated,Unconsolidated,0.1495,Low,False,46.42,0.04,69,UNDER 100,63.9
Gulf Crossing Pipeline - Sherman Station,FLIGHT,Natural Gas Processing,High,,486210,,False,,,33.68724,-96.44911,TX,31.48,True,33.55448,-96.14878,Texas,primacy,152.3,4910,1175,Sedimentary,Limestone,0.3808,Moderate,False,135.95,6.12,138,100-161,63.9
OXBOW CALCINING LLC,FLIGHT,Petroleum Refining,Medium,,324199,352611,False,63.5,50-100 MW,36.54505,-97.8504,OK,209.44,False,35.74795,-95.73693,Oklahoma,application,150.8,4970,1341,Sedimentary,Sandstone,0.1588,Low,True,20.89,0.68,69,UNDER 100,63.9
Javelina,FLIGHT,Natural Gas Processing,High,,211130,74990,False,13.5,10-20 MW,27.80556,-97.45805,TX,149.74,False,28.97953,-98.20803,Texas,primacy,163.8,4506,4971,Sedimentary,Shale,0.8989,Severe,False,137.44,1.49,138,100-161,63.8
CCI Paradox Upstream - Andy Mesa Gas Plant,FLIGHT,Natural Gas Processing,High,,211111,,False,,,38.0455,-108.6377,CO,16.45,True,37.94142,-108.50429,Colorado,application,150.9,4966,3703,Sedimentary,Sandstone,0.259,Moderate,False,39.36,2.96,115,100-161,63.7
Hereford Ethanol Partners LP,FLIGHT,Ethanol,High,,325193,91981,False,16.6,10-20 MW,34.84999,-102.28679,TX,41.48,True,34.80789,-102.73838,Texas,primacy,152.8,4909,2853,Unconsolidated,Unconsolidated,0.6198,High,False,71.72,1.23,115,100-161,63.7
"NGPL Station 306, Malvern, AR",FLIGHT,Natural Gas Processing,High,,486210,31736,False,5.7,1-10 MW,34.27151,-92.81612,AR,10.63,True,34.18119,-92.85397,Arkansas,federal,159.7,4654,30,Unconsolidated,Unconsolidated,0.1409,Low,False,231.1,1.18,115,100-161,63.7
INVISTA ORANGE SITE,FLIGHT,Petrochemicals,Medium,,325199,159943,False,28.8,20-50 MW,30.05417,-93.75221,TX,131.51,False,31.23567,-93.81496,Texas,primacy,164.4,4463,4529,Sedimentary,Shale,0.2286,Moderate,True,10.55,0.27,138,100-161,63.6
TRADEMARK NITROGEN CORP.,FLIGHT,Ammonia/Fertilizer,High,,325311,,False,,,27.95422,-82.34876,FL,6.92,True,27.9768,-82.28314,Florida,federal,153.7,4861,2947,Unconsolidated,Unconsolidated,0.1788,Low,False,747.26,0.69,230,220-287,63.6
FLORIDA GAS TRANSMISSION COMPANY - LECANTO,FLIGHT,Natural Gas Processing,High,,486210,30259,False,5.5,1-10 MW,28.86603,-82.50265,FL,9.8,True,28.91686,-82.42043,Florida,federal,153.8,4857,1542,Unconsolidated,Unconsolidated,0.1818,Low,False,679.81,0.42,230,220-287,63.5
CASCADE STEEL ROLLING MILLS INC,FLIGHT,Iron & Steel,Medium,,331110,75235,False,13.6,10-20 MW,45.22863,-123.15905,OR,5.71,True,45.27389,-123.19362,Oregon,federal,218.9,3163,43,,,0.2081,Moderate,False,1115.89,0.37,230,220-287,63.4
Chipeta Gas Plant,FLIGHT,Natural Gas Processing,High,,211130,18396,False,3.3,1-10 MW,40.0344,-109.4289,UT,20.07,True,40.19757,-109.32799,Utah,application,162.1,4604,3861,,,0.193,Low,False,34.02,0.92,138,100-161,63.4
"Heidelberg Spar, Green Canyon 860 Platform",FLIGHT,Natural Gas Processing,High,,211120,54819,False,9.9,1-10 MW,27.11143,-90.76396,LA,544.66,False,31.29834,-93.67767,Texas,primacy,172.7,4170,4532,,,0.244,Moderate,False,305.15,228.55,-999999,NOT AVAILABLE,63.4
"SNG Station 5272 Thomaston, GA",FLIGHT,Natural Gas Processing,High,,486210,33001,False,5.9,1-10 MW,32.7877,-84.2544,GA,9.76,True,32.8651,-84.20511,Georgia,federal,151.3,4950,69,Metamorphic,Gneiss,0.1857,Low,False,439.51,9.18,115,100-161,63.4
UNITED STATES PIPE & FOUNDRY CO LLC,FLIGHT,Iron & Steel,Medium,,331511,44274,False,8.0,1-10 MW,37.60599,-122.04237,CA,5.27,True,37.62807,-122.09535,California,federal,234.4,2961,23,Unconsolidated,Unconsolidated,0.5493,High,False,1127.08,2.49,115,100-161,63.4
"ALLIANCE PIPELINE, L.P.-WIMBLEDON COMPRESSOR STATION",FLIGHT,Natural Gas Processing,High,,486210,90406,False,16.3,10-20 MW,47.19106,-98.42561,ND,253.37,False,47.154,-101.7774,North Dakota,primacy,150.8,4964,3667,Sedimentary,Shale,0.2425,Moderate,False,256.97,11.49,115,100-161,63.3
FLORIDA GAS TRANSMISSION COMPANY - MELBOURNE,FLIGHT,Natural Gas Processing,High,,486210,,False,,,28.05051,-80.70369,FL,8.8,True,28.10214,-80.63574,Florida,federal,163.8,4531,2973,Unconsolidated,Unconsolidated,0.1691,Low,False,877.51,0.82,230,220-287,63.3
LANXESS Corporation Kalama Site,FLIGHT,Petrochemicals,Medium,,325199,60120,False,10.8,10-20 MW,46.02191,-122.85698,WA,4.81,True,46.02593,-122.91905,Oregon,federal,221.2,3250,41,,,0.1037,Low,False,1119.56,0.28,115,100-161,63.3
Walker Ridge FPSO,FLIGHT,Natural Gas Processing,High,,211120,53572,False,9.7,1-10 MW,26.6965,-90.8084,LA,582.77,False,31.29834,-93.67767,Texas,primacy,172.7,4170,4532,,,0.244,Moderate,False,351.5,274.46,-999999,NOT AVAILABLE,63.3
FLOMATON TREATING FACILITY,FLIGHT,Natural Gas Processing,High,,211111,,False,,,31.06115,-87.24115,AL,16.98,True,31.173,-87.36263,Alabama,application,151.3,4953,4895,Unconsolidated,Unconsolidated,0.1273,Low,False,162.27,1.15,115,100-161,63.2
FLORIDA GAS TRANSMISSION COMPANY - SILVER SPRINGS,FLIGHT,Natural Gas Processing,High,,486210,51055,False,9.2,1-10 MW,29.29776,-81.8332,FL,11.57,True,29.35555,-81.73401,Florida,federal,151.4,4946,1215,Unconsolidated,Unconsolidated,0.2523,Moderate,False,716.39,11.95,-999999,100-161,63.2
GULFSTREAM STATION 410 (a.k.a. STATION 100),FLIGHT,Natural Gas Processing,High,,486210,254121,False,45.8,20-50 MW,30.39581,-88.18998,AL,114.3,False,31.23567,-87.49992,Alabama,application,152.1,4923,4902,Unconsolidated,Unconsolidated,0.1495,Low,False,158.19,0.07,-999999,100-161,63.2
NORTHWEST PIPELINE GP - MUDDY CREEK C/S,FLIGHT,Natural Gas Processing,High,,486210,29739,False,5.4,1-10 MW,42.02346,-110.56922,WY,35.49,True,42.2657,-110.28897,Wyoming,primacy,156.3,4786,4703,Unconsolidated,Unconsolidated,0.0939,Very low/none,False,43.17,10.8,345,345,63.2
Schwarz Compressor Station,FLIGHT,Natural Gas Processing,High,,486210,,False,,,35.03836,-95.78373,OK,16.91,True,35.05858,-95.59964,Oklahoma,application,150.6,4978,4437,Sedimentary,Shale,0.1688,Low,False,169.88,5.08,138,100-161,63.2
Waha Gas Plant,FLIGHT,Natural Gas Processing,High,,486210,73030,False,13.2,10-20 MW,31.2684,-103.0862,TX,60.92,False,31.11033,-103.69937,Texas,primacy,160.8,4644,4586,,,0.728,Severe,False,30.48,2.1,138,100-161,63.2
ConocoPhillips Alaska Inc - KRU CPF2,FLIGHT,Natural Gas Processing,High,,211120,293508,False,52.9,50-100 MW,70.2883,-149.8858,AK,2775.49,False,48.90878,-122.64449,Washington,federal,194.0,3771,33,Unconsolidated,Unconsolidated,0.0927,Very low/none,False,3323.86,595.48,138,100-161,63.1
Cromwell,FLIGHT,Natural Gas Processing,High,,486210,67980,False,12.2,10-20 MW,41.63175,-72.67638,CT,13.13,True,41.51365,-72.6733,Connecticut,federal,151.1,4961,5,Sedimentary,Sandstone,0.1455,Low,False,1802.8,2.01,115,100-161,63.1
"EOG Resources, Inc. Titan Hub",FLIGHT,Natural Gas Processing,High,,211130,54681,False,9.9,1-10 MW,28.42802,-98.88635,TX,48.94,True,28.79151,-99.16901,Texas,primacy,170.7,4293,4692,Unconsolidated,Unconsolidated,0.3747,Moderate,False,225.66,35.67,138,100-161,63.1
GC 158A,FLIGHT,Natural Gas Processing,High,,211120,52410,False,9.4,1-10 MW,27.79468,-90.6486,LA,487.42,False,31.29834,-93.67767,Texas,primacy,172.7,4170,4532,,,0.244,Moderate,False,228.47,152.28,-999999,NOT AVAILABLE,63.1
GP Condensate Splitter,FLIGHT,Petroleum Refining,Medium,,324110,173227,False,31.2,20-50 MW,29.7326,-95.22046,TX,184.3,False,29.98226,-97.10976,Texas,primacy,153.2,4864,3824,,,0.4857,High,True,19.15,0.87,69,UNDER 100,63.1
Columbia Gulf Transmission - Shelburn CS,FLIGHT,Natural Gas Processing,High,,486210,83268,False,15.0,10-20 MW,32.79889,-91.17487,LA,39.71,True,32.55175,-91.48114,Louisiana,primacy,151.1,4957,3824,Unconsolidated,Unconsolidated,0.5807,High,False,38.62,21.63,115,100-161,63.0
ERGON REFINING INC,FLIGHT,Petroleum Refining,Medium,,324110,177090,False,31.9,20-50 MW,32.38637,-90.90834,MS,53.96,False,32.42641,-91.48114,Louisiana,primacy,150.2,4991,4440,Unconsolidated,Unconsolidated,0.4954,High,True,8.84,2.25,115,100-161,63.0
"Flint Hills Resources Camilla, LLC",FLIGHT,Ethanol,High,,325193,,False,,,31.16941,-84.16256,GA,7.72,True,31.11033,-84.20511,Georgia,federal,154.9,4810,3054,Unconsolidated,Unconsolidated,0.3642,Moderate,False,440.48,2.03,-999999,NOT AVAILABLE,63.0
SS 72 J/LQ/OF,FLIGHT,Natural Gas Processing,High,,211120,50788,False,9.2,1-10 MW,28.95409,-90.96067,LA,369.06,False,31.29834,-93.67767,Texas,primacy,172.7,4170,4532,,,0.244,Moderate,False,110.04,53.19,-999999,220-287,63.0
Campo Viejo Gas Processing Plant,FLIGHT,Natural Gas Processing,High,,211130,252345,False,45.5,20-50 MW,33.14992,-102.99117,TX,141.28,False,33.86783,-104.2485,New Mexico,federal,151.3,4956,1765,Unconsolidated,Unconsolidated,0.3039,Moderate,True,7.23,3.82,69,UNDER 100,62.9
Northern Border Pipeline Wolf Point CS#2,FLIGHT,Natural Gas Processing,High,,486210,,False,,,48.41684,-105.53723,MT,7.1,True,48.47009,-105.48405,Montana,federal,150.2,4991,3137,Unconsolidated,Unconsolidated,0.219,Moderate,False,170.53,12.26,115,100-161,62.9
Texas Gas Transmission - Pineville Station,FLIGHT,Natural Gas Processing,High,,486210,63318,False,11.4,10-20 MW,31.2976,-92.33386,LA,100.95,False,31.73703,-93.26582,Louisiana,primacy,164.7,4481,4760,Unconsolidated,Unconsolidated,0.2898,Moderate,False,87.36,0.64,230,220-287,62.9
"Alto Pekin, LLC",FLIGHT,Ethanol,High,,311221,348036,False,62.7,50-100 MW,40.555,-89.6628,IL,196.78,False,38.81881,-90.1083,Illinois,federal,159.6,4678,984,,,0.2823,Moderate,False,645.03,1.24,69,UNDER 100,62.8
EnerVest Operating L.L.C. - DRY CANYON COMPRESSOR STATION,FLIGHT,Natural Gas Processing,High,,211111,,False,,,39.78228,-110.17188,UT,19.34,True,39.63353,-110.28897,Utah,application,164.2,4564,4859,Unknown,Sedimentary,0.2693,Moderate,False,98.77,32.26,138,100-161,62.8
Phillips 66 BAYWAY REFINERY,FLIGHT,Petroleum Refining,Medium,,324110,2112076,False,380.6,>=100 MW,40.64014,-74.21888,NJ,29.59,True,40.38558,-74.3207,New Jersey,federal,152.4,4914,138,Unconsolidated,Unconsolidated,0.1321,Low,False,1634.57,0.88,-999999,NOT AVAILABLE,62.8
Robstown Fractionator,FLIGHT,Natural Gas Processing,High,,211130,63860,False,11.5,10-20 MW,27.81496,-97.59428,TX,142.73,False,28.97953,-98.20803,Texas,primacy,163.8,4506,4971,Sedimentary,Shale,0.8989,Severe,False,145.08,0.46,138,100-161,62.8
Midwest Renewable Energy LLC (Sutherland),Ethanol(EIA),Ethanol,High,,325193,80080,True,14.4,10-20 MW,41.1621,-101.0929,Nebraska,24.81,True,41.07495,-101.36555,Nebraska,application,152.8,4893,1380,Sedimentary,Shale,0.4256,High,False,451.64,0.23,69,UNDER 100,62.8
Cleveland-Cliffs Cleveland Works LLC,FLIGHT,Iron & Steel,Medium,,331110,4269452,False,769.3,>=100 MW,41.4739,-81.6728,OH,29.33,True,41.45098,-81.32216,Ohio,federal,150.1,4998,2145,Sedimentary,Shale,0.1413,Low,False,1239.48,0.63,138,100-161,62.7
INDIAN SPRINGS GAS PLANT,FLIGHT,Natural Gas Processing,High,,211130,58525,False,10.5,10-20 MW,30.75545,-94.70197,TX,75.46,False,31.29834,-94.22681,Texas,primacy,166.4,4403,4923,Sedimentary,Shale,0.2172,Moderate,False,102.44,19.66,138,100-161,62.7
FAIN GAS PLANT,FLIGHT,Natural Gas Processing,High,,211130,82706,False,14.9,10-20 MW,35.59816,-101.87777,TX,93.79,False,35.37193,-102.87567,Texas,primacy,150.9,4970,1678,Sedimentary,Shale,0.2814,Moderate,False,41.38,1.53,345,345,62.6
LADDER CREEK HELIUM PLANT,FLIGHT,Industrial Gas,High,,325120,34219,False,6.2,1-10 MW,39.015,-102.41316,CO,20.81,True,39.13217,-102.6011,Colorado,application,152.3,4917,1972,Sedimentary,Sandstone,0.6414,High,False,245.76,5.46,115,100-161,62.6
"Cargill, Inc.",FLIGHT,Ethanol,High,,311221,66583,False,12.0,10-20 MW,35.08789,-78.84495,NC,13.56,True,35.12125,-78.98834,North Carolina,federal,150.6,4977,75,Unconsolidated,Unconsolidated,0.1224,Low,False,992.41,0.79,66,UNDER 100,62.5
Eugene Island 252 I,FLIGHT,Natural Gas Processing,High,,211120,44873,False,8.1,1-10 MW,28.51503,-91.55625,LA,370.92,False,31.29834,-93.67767,Texas,primacy,172.7,4170,4532,,,0.244,Moderate,False,180.91,122.52,-999999,NOT AVAILABLE,62.5
NUCOR STEEL SEATTLE INC,FLIGHT,Iron & Steel,Medium,,331110,82396,False,14.8,10-20 MW,47.56933,-122.36733,WA,4.37,True,47.53003,-122.36992,Washington,federal,199.8,3642,7,,,0.1226,Low,False,1155.93,1.85,230,220-287,62.5
XTO - PICEANCE CREEK,FLIGHT,Natural Gas Processing,High,,211111,,False,,,39.8933,-108.1947,CO,21.95,True,39.82154,-107.95515,Colorado,application,179.8,4062,4150,,,0.2352,Moderate,False,62.82,1.73,230,220-287,62.5
"AM/NS Calvert, LLC",FLIGHT,Iron & Steel,Medium,,331110,564329,False,101.7,>=100 MW,31.14611,-87.99278,AL,47.93,True,31.23567,-87.49992,Alabama,application,152.1,4923,4902,Unconsolidated,Unconsolidated,0.1495,Low,False,97.65,0.96,230,220-287,62.3
"CEMEX SOUTHEAST LLC, DEMOPOLIS PLANT",FLIGHT,Cement,Medium,,327310,517396,False,93.2,50-100 MW,32.5127,-87.81563,AL,104.51,False,31.61169,-87.49992,Alabama,application,151.7,4936,4034,Sedimentary,Shale,0.1102,Low,False,124.21,0.24,115,100-161,62.3
CHALMETTE REFINING LLC - CHALMETTE REFINERY,FLIGHT,Petroleum Refining,Medium,,324110,1568512,False,282.6,>=100 MW,29.93641,-89.97295,LA,277.32,False,31.23567,-87.49992,Alabama,application,152.1,4923,4902,Unconsolidated,Unconsolidated,0.1495,Low,False,38.05,0.26,230,220-287,62.3
Chevron Pascagoula Refinery,FLIGHT,Petroleum Refining,Medium,,324110,4784595,False,862.1,>=100 MW,30.34373,-88.4938,MS,137.29,False,31.23567,-87.49992,Alabama,application,152.1,4923,4902,Unconsolidated,Unconsolidated,0.1495,Low,False,156.46,0.3,115,100-161,62.3
GB 426 A,FLIGHT,Natural Gas Processing,High,,211120,56393,False,10.2,10-20 MW,27.54595,-92.44329,LA,431.25,False,31.23567,-93.81496,Texas,primacy,164.4,4463,4529,Sedimentary,Shale,0.2286,Moderate,False,298.41,234.92,69,UNDER 100,62.3
Holcim (US) Inc,FLIGHT,Cement,Medium,,327310,615636,False,110.9,>=100 MW,30.5349,-88.1121,AL,97.39,False,31.23567,-87.49992,Alabama,application,152.1,4923,4902,Unconsolidated,Unconsolidated,0.1495,Low,False,146.7,0.25,115,100-161,62.3
JUNCTION CMP STN,FLIGHT,Natural Gas Processing,High,,486210,58750,False,10.6,10-20 MW,30.38417,-99.89694,TX,38.04,True,30.1076,-100.13,Texas,primacy,150.2,4994,1497,Sedimentary,Limestone,0.1239,Low,False,186.65,13.55,345,345,62.3
MERAUX REFINERY,FLIGHT,Petroleum Refining,Medium,,324110,748956,False,134.9,>=100 MW,29.93052,-89.94064,LA,275.03,False,31.23567,-87.49992,Alabama,application,152.1,4923,4902,Unconsolidated,Unconsolidated,0.1495,Low,False,41.13,0.82,230,220-287,62.3
SM 58 G,FLIGHT,Natural Gas Processing,High,,211120,42596,False,7.7,1-10 MW,28.66659,-92.09019,LA,330.16,False,31.29834,-93.67767,Texas,primacy,172.7,4170,4532,,,0.244,Moderate,False,185.18,113.47,69,UNDER 100,62.3
Ascend Performance Materials LLC,FLIGHT,Petrochemicals,Medium,,325211,2329170,False,419.7,>=100 MW,30.59668,-87.25198,FL,64.95,False,31.173,-87.36263,Alabama,application,151.3,4953,4895,Unconsolidated,Unconsolidated,0.1273,Low,False,191.08,0.29,-999999,NOT AVAILABLE,62.2
Black Hawk Central Production Facility,FLIGHT,Natural Gas Processing,High,,211111,,False,,,29.11865,-97.39997,TX,35.34,True,29.41822,-97.52161,Texas,primacy,166.8,4411,4033,,,0.5448,High,False,84.82,5.79,345,345,62.2
CHEMOURS EL DORADO,FLIGHT,Industrial Gas,High,,325120,13319,False,2.4,1-10 MW,33.11,-92.675,AR,10.92,True,33.05312,-92.57941,Arkansas,federal,162.8,4538,2993,Unconsolidated,Unconsolidated,0.1922,Low,False,124.46,6.35,115,100-161,62.2
Absolute Energy (St Ansgar),Ethanol(EIA),Ethanol,High,,325193,357500,True,64.4,50-100 MW,43.4976,-92.9535,Iowa,210.87,False,45.33656,-92.30484,Wisconsin,federal,150.3,4990,54,Sedimentary,Sandstone,0.1185,Low,False,751.63,0.16,69,UNDER 100,62.2
ASH GROVE CEMENT CO-CHANUTE PLANT,FLIGHT,Cement,Medium,,327310,1299990,False,234.2,>=100 MW,37.69879,-95.45975,KS,218.32,False,35.74795,-95.73693,Oklahoma,application,150.8,4970,1341,Sedimentary,Sandstone,0.1588,Low,False,73.79,0.41,69,UNDER 100,62.1
Ascend (Decatur Plant),FLIGHT,Petrochemicals,Medium,,325199,603219,False,108.7,>=100 MW,34.6339,-87.0244,AL,96.52,False,34.80789,-85.9898,Alabama,application,150.8,4972,2134,Sedimentary,Limestone,0.1702,Low,False,359.67,0.62,161,100-161,62.1
Central Plains Cement Company,FLIGHT,Cement,Medium,,327310,490542,False,88.4,50-100 MW,36.1941,-95.8117,OK,50.06,False,35.74795,-95.73693,Oklahoma,application,150.8,4970,1341,Sedimentary,Sandstone,0.1588,Low,False,82.1,0.16,-999999,NOT AVAILABLE,62.1
DAIKIN AMERICA INC.,FLIGHT,Petrochemicals,Medium,,325211,625971,False,112.8,>=100 MW,34.63049,-87.03944,AL,97.94,False,34.80789,-85.9898,Alabama,application,150.8,4972,2134,Sedimentary,Limestone,0.1702,Low,False,358.39,1.4,161,100-161,62.1
HF SINCLAIR EL DORADO REFINING LLC,FLIGHT,Petroleum Refining,Medium,,324110,1851451,False,333.6,>=100 MW,37.79401,-96.87414,KS,249.04,False,35.74795,-95.73693,Oklahoma,application,150.8,4970,1341,Sedimentary,Sandstone,0.1588,Low,False,112.29,0.22,-999999,NOT AVAILABLE,62.1
HF SINCLAIR TULSA REFINING LLC - EAST,FLIGHT,Petroleum Refining,Medium,,324110,765206,False,137.9,>=100 MW,36.1184,-96.0011,OK,47.57,True,35.74795,-95.73693,Oklahoma,application,150.8,4970,1341,Sedimentary,Sandstone,0.1588,Low,False,86.08,0.74,138,100-161,62.1
HF SINCLAIR TULSA REFINING LLC - WEST,FLIGHT,Petroleum Refining,Medium,,324110,476936,False,85.9,50-100 MW,36.1396,-96.0149,OK,50.23,False,35.74795,-95.73693,Oklahoma,application,150.8,4970,1341,Sedimentary,Sandstone,0.1588,Low,False,83.54,0.49,138,100-161,62.1
HM Cement Southeast LLC,FLIGHT,Cement,Medium,,327310,522543,False,94.2,50-100 MW,33.5401,-86.5435,AL,149.89,False,34.80789,-85.9898,Alabama,application,150.8,4972,2134,Sedimentary,Limestone,0.1702,Low,False,288.88,3.71,115,100-161,62.1
MONARCH CEMENT COMPANY (THE),FLIGHT,Cement,Medium,,327310,939681,False,169.3,>=100 MW,37.79716,-95.43139,KS,229.48,False,35.74795,-95.73693,Oklahoma,application,150.8,4970,1341,Sedimentary,Sandstone,0.1588,Low,False,84.99,0.18,138,100-161,62.1
NATIONAL CEMENT COMPANY INC.,FLIGHT,Cement,Medium,,327310,895357,False,161.3,>=100 MW,33.73358,-86.15522,AL,120.42,False,34.80789,-85.9898,Alabama,application,150.8,4972,2134,Sedimentary,Limestone,0.1702,Low,False,329.9,0.22,115,100-161,62.1
NUCOR STEEL DECATUR,FLIGHT,Iron & Steel,Medium,,331110,452134,False,81.5,50-100 MW,34.63891,-87.08904,AL,102.2,False,34.80789,-85.9898,Alabama,application,150.8,4972,2134,Sedimentary,Limestone,0.1702,Low,False,355.71,0.42,161,100-161,62.1
Phillips 66 Ponca City Refinery,FLIGHT,Petroleum Refining,Medium,,324110,1899802,False,342.3,>=100 MW,36.6821,-97.0895,OK,159.73,False,35.74795,-95.73693,Oklahoma,application,150.8,4970,1341,Sedimentary,Sandstone,0.1588,Low,False,37.95,0.72,69,UNDER 100,62.1
ROQUETTE AMERICA INC,FLIGHT,Ethanol,High,,311221,351512,False,63.3,50-100 MW,40.3881,-91.398,IA,194.96,False,38.81881,-90.38287,Missouri,federal,152.8,4900,985,Unconsolidated,Unconsolidated,0.2824,Moderate,False,520.13,0.28,69,UNDER 100,62.1
WYNNEWOOD REFINING CO,FLIGHT,Petroleum Refining,Medium,,324110,646029,False,116.4,>=100 MW,34.6289,-97.1685,OK,150.93,False,35.05858,-95.59964,Oklahoma,application,150.6,4978,4437,Sedimentary,Shale,0.1688,Low,False,41.59,0.42,69,UNDER 100,62.1
Waha Compressor Station,FLIGHT,Natural Gas Processing,High,,211130,60710,False,10.9,10-20 MW,31.27126,-103.10052,TX,59.71,False,31.11033,-103.69937,Texas,primacy,160.8,4644,4586,,,0.728,Severe,False,30.68,0.75,138,100-161,62.1
ARGOS CEMENT LLC. - ROBERTA PLANT,FLIGHT,Cement,Medium,,327310,1058822,False,190.8,>=100 MW,33.1043,-86.7985,AL,140.37,False,31.92505,-86.26437,Alabama,application,150.0,5000,996,Unconsolidated,Unconsolidated,0.1779,Low,False,239.05,1.25,-999999,100-161,62.0
ASH GROVE CEMENT COMPANY-Louisville,FLIGHT,Cement,Medium,,327310,612375,False,110.3,>=100 MW,41.00556,-96.15492,NE,91.34,False,41.827,-96.14878,Nebraska,application,150.3,4990,590,Sedimentary,Shale,0.3265,Moderate,False,443.24,0.08,-999999,NOT AVAILABLE,62.0
BONANZA CREEK ENERGY - McKamie Plant,FLIGHT,Natural Gas Processing,High,,211112,,False,,,33.25389,-93.49277,AR,10.01,True,33.3038,-93.40311,Arkansas,federal,163.7,4498,3059,Unconsolidated,Unconsolidated,0.2372,Moderate,False,198.43,11.09,69,UNDER 100,62.0
CARMEUSE LIME & STONE INC,FLIGHT,Lime,Medium,,327410,517405,False,93.2,50-100 MW,33.2186,-86.7859,AL,151.91,False,31.92505,-86.26437,Alabama,application,150.0,5000,996,Unconsolidated,Unconsolidated,0.1779,Low,False,248.15,0.37,-999999,100-161,62.0
CHS MCPHERSON REFINERY INC.,FLIGHT,Petroleum Refining,Medium,,324110,1248855,False,225.0,>=100 MW,38.34728,-97.67385,KS,311.26,False,41.13763,-97.38433,Nebraska,application,150.2,4994,856,Sedimentary,Shale,0.4155,High,False,194.43,0.65,-999999,NOT AVAILABLE,62.0
Caney Lake Facility,FLIGHT,Natural Gas Processing,High,,211111,,False,,,32.29704,-92.52172,LA,34.88,True,32.55175,-92.30484,Louisiana,primacy,162.3,4539,4716,Unconsolidated,Unconsolidated,0.2288,Moderate,False,89.65,0.69,115,100-161,62.0
Cheney Lime and Cement Company,FLIGHT,Lime,Medium,,327410,494757,False,89.1,50-100 MW,33.22275,-86.8065,AL,152.98,False,31.92505,-86.26437,Alabama,application,150.0,5000,996,Unconsolidated,Unconsolidated,0.1779,Low,False,247.02,0.48,-999999,100-161,62.0
GRIMES COUNTY CMP STN,FLIGHT,Natural Gas Processing,High,,486210,36650,False,6.6,1-10 MW,30.5717,-95.9921,TX,78.51,False,31.173,-96.42334,Texas,primacy,174.9,4119,4976,Unconsolidated,Unconsolidated,0.6963,High,False,127.88,3.96,345,345,62.0
Green Canyon 237 B,FLIGHT,Natural Gas Processing,High,,211120,39716,False,7.2,1-10 MW,27.7297,-91.1085,LA,468.22,False,31.29834,-93.67767,Texas,primacy,172.7,4170,4532,,,0.244,Moderate,False,243.29,177.17,-999999,NOT AVAILABLE,62.0
HUNT REFINING COMPANY,FLIGHT,Petroleum Refining,Medium,,324110,896528,False,161.5,>=100 MW,33.2003,-87.607,AL,150.98,False,34.18119,-88.73547,Mississippi,application,150.2,4994,2807,Sedimentary,Limestone,0.2061,Moderate,False,195.78,0.22,-999999,100-161,62.0
LHOIST NORTH AMERICA OF ALABAMA LLC O'NEAL PLANT,FLIGHT,Lime,Medium,,327410,600150,False,108.1,>=100 MW,33.17708,-86.75945,AL,146.75,False,31.92505,-86.26437,Alabama,application,150.0,5000,996,Unconsolidated,Unconsolidated,0.1779,Low,False,247.01,1.28,115,100-161,62.0
Lhoist North America - MONTEVALLO PLANT,FLIGHT,Lime,Medium,,327410,975734,False,175.8,>=100 MW,33.09349,-86.80232,AL,139.37,False,31.92505,-86.26437,Alabama,application,150.0,5000,996,Unconsolidated,Unconsolidated,0.1779,Low,False,238.02,0.52,-999999,100-161,62.0
MISSISSIPPI LIME CO - CALERA PLANT,FLIGHT,Lime,Medium,,327410,463624,False,83.5,50-100 MW,33.09366,-86.79498,AL,139.14,False,31.92505,-86.26437,Alabama,application,150.0,5000,996,Unconsolidated,Unconsolidated,0.1779,Low,False,238.56,1.18,-999999,100-161,62.0
Ouray Compressor Station,FLIGHT,Natural Gas Processing,High,,211111,,False,,,40.07093,-109.49182,UT,19.81,True,40.19757,-109.32799,Utah,application,162.1,4604,3861,,,0.193,Low,False,34.61,7.08,138,100-161,62.0
Rosetta Resources Tierritas Blancas Facility,FLIGHT,Natural Gas Processing,High,,211111,,False,,,28.34046,-99.61321,TX,37.57,True,28.29015,-99.99271,Texas,primacy,180.4,4015,4768,Unconsolidated,Unconsolidated,0.271,Moderate,False,297.34,17.03,138,100-161,62.0
"Steel Dynamics Columbus, LLC",FLIGHT,Iron & Steel,Medium,,331110,498162,False,89.8,50-100 MW,33.44361,-88.57556,MS,83.33,False,34.18119,-88.73547,Mississippi,application,150.2,4994,2807,Sedimentary,Limestone,0.2061,Moderate,False,164.87,0.86,-999999,NOT AVAILABLE,62.0
GC 18 A,FLIGHT,Natural Gas Processing,High,,211120,38782,False,7.0,1-10 MW,27.94373,-91.02909,LA,452.38,False,31.29834,-93.67767,Texas,primacy,172.7,4170,4532,,,0.244,Moderate,False,218.29,152.77,-999999,NOT AVAILABLE,61.9
Area 71 CGP Facility,FLIGHT,Natural Gas Processing,High,,213112,51907,False,9.4,1-10 MW,28.65164,-98.00084,TX,41.67,True,28.97953,-98.20803,Texas,primacy,163.8,4506,4971,Sedimentary,Shale,0.8989,Severe,False,136.31,8.95,345,345,61.8
Area 72 CGP Facility,FLIGHT,Natural Gas Processing,High,,213112,52195,False,9.4,1-10 MW,28.65164,-98.00084,TX,41.67,True,28.97953,-98.20803,Texas,primacy,163.8,4506,4971,Sedimentary,Shale,0.8989,Severe,False,136.31,8.95,345,345,61.8
Gold Bond - RIC Plant,FLIGHT,Minerals,Medium,,327420,28366,False,5.1,1-10 MW,37.91803,-122.37299,CA,4.38,True,37.87875,-122.36992,Unknown,unknown,227.8,3091,28,Other,Water,0.3456,Moderate,False,1136.67,0.95,60,UNDER 100,61.8
Coyote Wash Compressor Station,FLIGHT,Natural Gas Processing,High,,211111,,False,,,40.03838,-109.44133,UT,20.15,True,40.19757,-109.32799,Utah,application,162.1,4604,3861,,,0.193,Low,False,34.33,1.83,138,100-161,61.7
INEOS POLYETHYLENE,FLIGHT,Petrochemicals,Medium,,325211,134064,False,24.2,20-50 MW,29.71629,-95.08965,TX,194.24,False,31.23567,-94.08952,Texas,primacy,167.3,4361,4815,,,0.2174,Moderate,True,19.11,0.79,138,100-161,61.7
"Imperium Grays Harbor, LLC",FLIGHT,Petrochemicals,Medium,,325199,,False,,,46.97054,-123.85378,WA,2.06,True,46.96599,-123.88004,Washington,federal,228.6,3216,44,Other,Water,0.1359,Low,False,1228.63,0.59,69,UNDER 100,61.7
Luman Compressor Station,FLIGHT,Natural Gas Processing,High,,211111,,False,,,42.39253,-109.75172,WY,35.44,True,42.45371,-109.32799,Wyoming,primacy,164.0,4568,0,Sedimentary,Shale,0.0896,Very low/none,False,61.6,25.16,69,UNDER 100,61.7
ANR Pipeline Turkey Creek CS,FLIGHT,Natural Gas Processing,High,,486210,44425,False,8.0,1-10 MW,30.9397,-92.4244,LA,115.1,False,31.54902,-93.40311,Louisiana,primacy,167.6,4386,4782,Unconsolidated,Unconsolidated,0.1738,Low,False,49.33,9.07,230,220-287,61.6
EPNG Station 6543 Lordsburg,FLIGHT,Natural Gas Processing,High,,486210,105881,False,19.1,10-20 MW,32.31603,-108.6068,NM,23.14,True,32.36374,-108.36701,New Mexico,federal,184.7,3990,0,Igneous,Intrusive,0.1732,Low,False,380.8,7.79,115,100-161,61.6
Gulf South Pipeline - Marksville Station,FLIGHT,Natural Gas Processing,High,,486210,48211,False,8.7,1-10 MW,31.1632,-92.2015,LA,119.43,False,31.73703,-93.26582,Louisiana,primacy,164.7,4481,4760,Unconsolidated,Unconsolidated,0.2898,Moderate,False,71.87,19.87,230,220-287,61.6
Ship Shoal 243 A,FLIGHT,Natural Gas Processing,High,,211120,35417,False,6.4,1-10 MW,28.42553,-91.13692,TX,402.55,False,31.29834,-93.67767,Texas,primacy,172.7,4170,4532,,,0.244,Moderate,False,170.72,114.0,-999999,220-287,61.6
South Marsh Island 69 B/BQ,FLIGHT,Natural Gas Processing,High,,211130,34391,False,6.2,1-10 MW,28.61794,-92.06981,LA,335.88,False,31.29834,-93.67767,Texas,primacy,172.7,4170,4532,,,0.244,Moderate,False,188.88,119.2,69,UNDER 100,61.5
Sweetwater Compressor Station,FLIGHT,Natural Gas Processing,High,,486210,69308,False,12.5,10-20 MW,32.20264,-100.49718,TX,201.27,False,30.60896,-101.50283,Texas,primacy,151.5,4939,3464,,,0.2688,Moderate,False,63.11,4.48,138,100-161,61.5
"TGP Station 827 Alexandria, LA",FLIGHT,Natural Gas Processing,High,,486210,47377,False,8.5,1-10 MW,31.19057,-92.356,LA,105.54,False,31.73703,-93.26582,Louisiana,primacy,164.7,4481,4760,Unconsolidated,Unconsolidated,0.2898,Moderate,False,75.87,10.86,230,220-287,61.5
"Columbia Gulf Transmission - Lake Arthur Compressor Station (Jennings, LA)",FLIGHT,Natural Gas Processing,High,,486210,32875,False,5.9,1-10 MW,30.1081,-92.6866,LA,162.77,False,31.29834,-93.67767,Texas,primacy,172.7,4170,4532,,,0.244,Moderate,False,40.37,3.85,69,UNDER 100,61.4
AMERICAN GYPSUM - BERNALILLO (WALLBOARD) PLANT,FLIGHT,Minerals,Medium,,327420,15755,False,2.8,1-10 MW,35.33008,-106.5275,NM,8.81,True,35.37193,-106.44504,New Mexico,federal,194.9,3566,2675,,,0.2333,Moderate,True,2.67,3.43,345,345,61.3
CERTAINTEED GYPSUM SEATTLE,FLIGHT,Minerals,Medium,,327420,55645,False,10.0,10-20 MW,47.54791,-122.33734,WA,3.15,True,47.53003,-122.36992,Washington,federal,199.8,3642,7,,,0.1226,Low,False,1152.81,1.47,230,220-287,61.3
GB 128 A,FLIGHT,Natural Gas Processing,High,,211120,32065,False,5.8,1-10 MW,28.16131,-90.7162,LA,451.0,False,31.29834,-93.67767,Texas,primacy,172.7,4170,4532,,,0.244,Moderate,False,188.61,116.65,-999999,NOT AVAILABLE,61.3
Malvern Compressor Station,FLIGHT,Natural Gas Processing,High,,486210,,False,,,34.26921,-92.82349,AR,10.18,True,34.18119,-92.85397,Arkansas,federal,159.7,4654,30,Unconsolidated,Unconsolidated,0.1409,Low,False,231.21,1.44,115,100-161,61.3
US GYPSUM - PLASTER CITY PLANT,FLIGHT,Minerals,Medium,,327420,65593,False,11.8,10-20 MW,32.71831,-115.11152,CA,9.5,True,32.80243,-115.0939,California,federal,236.3,3033,40,,,0.3885,Moderate,False,737.53,2.33,161,100-161,61.3
EC 381 A,FLIGHT,Natural Gas Processing,High,,211120,44821,False,8.1,1-10 MW,27.93867,-92.96392,LA,375.73,False,31.23567,-93.81496,Texas,primacy,164.4,4463,4529,Sedimentary,Shale,0.2286,Moderate,False,236.03,199.73,69,UNDER 100,61.2
Mosaic Greenbay Facility,FLIGHT,Ammonia/Fertilizer,High,,325312,,False,,,27.84052,-81.91186,FL,9.1,True,27.91413,-81.87129,Florida,federal,151.8,4926,2739,Unconsolidated,Unconsolidated,0.8426,Severe,False,789.6,1.22,230,220-287,61.2
NUCOR STEEL DARLINGTON,FLIGHT,Iron & Steel,Medium,,331110,185445,False,33.4,20-50 MW,34.37596,-79.89688,SC,7.86,True,34.43187,-79.94933,South Carolina,federal,152.6,4904,64,Unconsolidated,Unconsolidated,0.1795,Low,False,876.33,0.46,230,220-287,61.2
SILSBEE Compressor Station,FLIGHT,Natural Gas Processing,High,,486210,40052,False,7.2,1-10 MW,30.3724,-94.105,TX,96.0,False,31.23567,-94.08952,Texas,primacy,167.3,4361,4815,,,0.2174,Moderate,False,36.31,2.06,138,100-161,61.2
Gulf South Pipeline - Goodrich Station,FLIGHT,Natural Gas Processing,High,,486210,40246,False,7.3,1-10 MW,30.60581,-94.94633,TX,103.14,False,31.29834,-94.22681,Texas,primacy,166.4,4403,4923,Sedimentary,Shale,0.2172,Moderate,False,106.24,2.11,69,UNDER 100,61.1
"KMTP Station 553 Katy, TX",FLIGHT,Natural Gas Processing,High,,486210,62483,False,11.3,10-20 MW,29.82536,-95.8733,TX,120.45,False,29.98226,-97.10976,Texas,primacy,153.2,4864,3824,,,0.4857,High,False,45.49,3.18,138,100-161,61.1
Lowry Gas Plant,FLIGHT,Natural Gas Processing,High,,211130,30125,False,5.4,1-10 MW,30.00661,-92.78275,LA,167.21,False,31.29834,-93.67767,Texas,primacy,172.7,4170,4532,,,0.244,Moderate,False,49.87,9.96,69,UNDER 100,61.1
OCCIDENTAL CHEMICAL CORPORATION - GEISMAR PLANT,FLIGHT,Petrochemicals,Medium,,325199,148931,False,26.8,20-50 MW,30.18186,-90.98696,LA,249.92,False,32.36374,-91.61842,Louisiana,primacy,154.4,4827,4846,Unconsolidated,Unconsolidated,0.493,High,True,9.17,0.57,230,220-287,61.1
Silver Plant,FLIGHT,Natural Gas Processing,High,,211130,64854,False,11.7,10-20 MW,32.01181,-101.02299,TX,162.51,False,30.60896,-101.50283,Texas,primacy,151.5,4939,3464,,,0.2688,Moderate,False,39.2,8.08,138,100-161,61.1
West Cote Blanche Bay C B (Main),FLIGHT,Natural Gas Processing,High,,211120,29275,False,5.3,1-10 MW,29.78447,-91.73295,LA,251.03,False,31.29834,-93.67767,Texas,primacy,172.7,4170,4532,,,0.244,Moderate,False,66.51,0.68,138,100-161,61.1
FLORIDA GAS TRANSMISSION COMPANY - FRANKLINTON,FLIGHT,Natural Gas Processing,High,,486210,66163,False,11.9,10-20 MW,30.7834,-90.0611,LA,226.85,False,32.42641,-91.48114,Louisiana,primacy,150.2,4991,4440,Unconsolidated,Unconsolidated,0.4954,High,False,63.09,0.14,115,100-161,61.0
South Marsh Island SM 217,FLIGHT,Natural Gas Processing,High,,211120,28931,False,5.2,1-10 MW,29.4412,-92.0615,LA,258.23,False,31.29834,-93.67767,Texas,primacy,172.7,4170,4532,,,0.244,Moderate,False,116.12,38.26,69,UNDER 100,61.0
US GYPSUM - RAINIER PLANT,FLIGHT,Minerals,Medium,,327420,38039,False,6.9,1-10 MW,46.1041,-122.9721,OR,6.65,True,46.15127,-122.91905,Washington,federal,231.4,3301,5,Unconsolidated,Unconsolidated,0.154,Low,False,1131.0,2.01,115,100-161,61.0
GEORGIA-PACIFIC GYPSUM LLC,FLIGHT,Minerals,Medium,,327420,49843,False,9.0,1-10 MW,47.26956,-122.39487,WA,2.17,True,47.27935,-122.36992,Washington,federal,192.9,3762,60,Unconsolidated,Unconsolidated,0.1349,Low,False,1142.2,0.61,115,100-161,60.8
HOLCIM INCORPORATED,FLIGHT,Cement,Medium,,327310,429906,False,77.5,50-100 MW,34.76754,-96.69652,OK,105.12,False,35.05858,-95.59964,Oklahoma,application,150.6,4978,4437,Sedimentary,Shale,0.1688,Low,False,84.15,0.02,69,UNDER 100,60.8
TESORO ALASKA PETROLEUM CO,FLIGHT,Petroleum Refining,Medium,,324110,545281,False,98.2,50-100 MW,60.6836,-151.3672,AK,2223.1,False,48.6581,-123.19362,Unknown,unknown,208.7,3440,48,Other,Water,0.0675,Very low/none,False,3197.14,0.38,115,100-161,60.8
White Kitchen Compressor Station,FLIGHT,Natural Gas Processing,High,,211111,,False,,,28.46125,-99.10135,TX,37.31,True,28.79151,-99.16901,Texas,primacy,170.7,4293,4692,Unconsolidated,Unconsolidated,0.3747,Moderate,False,245.71,14.65,138,100-161,60.8
"Boomvang Spar, East Breaks 643 Platform",FLIGHT,Natural Gas Processing,High,,211120,38935,False,7.0,1-10 MW,27.3536,-93.3747,TX,433.77,False,31.23567,-93.81496,Texas,primacy,164.4,4463,4529,Sedimentary,Shale,0.2286,Moderate,False,277.33,256.81,138,100-161,60.7
"KMTP Station 555 Goodrich, TX",FLIGHT,Natural Gas Processing,High,,486210,35550,False,6.4,1-10 MW,30.59719,-94.92672,TX,102.63,False,31.29834,-94.22681,Texas,primacy,166.4,4403,4923,Sedimentary,Shale,0.2172,Moderate,False,104.37,3.89,69,UNDER 100,60.7
St. Francisville,FLIGHT,Natural Gas Processing,High,,486210,55932,False,10.1,10-20 MW,30.83486,-91.255,LA,173.45,False,32.36374,-91.61842,Louisiana,primacy,154.4,4827,4846,Unconsolidated,Unconsolidated,0.493,High,False,35.98,4.53,69,UNDER 100,60.7
Texas Gas Transmission - Youngsville Station,FLIGHT,Natural Gas Processing,High,,486210,25734,False,4.6,1-10 MW,30.0875,-92.02997,LA,207.24,False,31.29834,-93.67767,Texas,primacy,172.7,4170,4532,,,0.244,Moderate,False,45.33,0.77,138,100-161,60.7
Equistar Chemicals LP,FLIGHT,Petrochemicals,Medium,,325211,126420,False,22.8,20-50 MW,30.1928,-93.32524,LA,125.05,False,31.23567,-93.81496,Texas,primacy,164.4,4463,4529,Sedimentary,Shale,0.2286,Moderate,True,13.54,0.14,69,UNDER 100,60.6
Belle Isle Battery I Production Facility,FLIGHT,Natural Gas Processing,High,,211130,22691,False,4.1,1-10 MW,29.5289,-91.4052,LA,293.58,False,31.29834,-93.67767,Texas,primacy,172.7,4170,4532,,,0.244,Moderate,False,69.25,15.65,-999999,NOT AVAILABLE,60.5
Eugene Island 314 A & A-PRD,FLIGHT,Natural Gas Processing,High,,211120,22840,False,4.1,1-10 MW,28.25626,-91.73995,LA,386.5,False,31.29834,-93.67767,Texas,primacy,172.7,4170,4532,,,0.244,Moderate,False,213.61,152.55,-999999,NOT AVAILABLE,60.5
PATTERSON GAS PROCESSING PLANT,FLIGHT,Natural Gas Processing,High,,211130,31503,False,5.7,1-10 MW,29.71301,-91.30837,LA,286.08,False,31.54902,-93.40311,Louisiana,primacy,167.6,4386,4782,Unconsolidated,Unconsolidated,0.1738,Low,False,46.74,3.27,138,100-161,60.5
Rain CII CARBON LLC - GRAMERCY COKE PLANT,FLIGHT,Petroleum Refining,Medium,,324199,142091,False,25.6,20-50 MW,30.0528,-90.669,LA,272.36,False,32.36374,-91.61842,Louisiana,primacy,154.4,4827,4846,Unconsolidated,Unconsolidated,0.493,High,True,28.62,2.43,-999999,220-287,60.5
Burnell Compressor Station,FLIGHT,Natural Gas Processing,High,,486210,34452,False,6.2,1-10 MW,28.69902,-97.82888,TX,44.84,True,29.0422,-98.07074,Texas,primacy,165.2,4494,4043,Sedimentary,Shale,0.4222,High,False,119.07,1.57,138,100-161,60.4
CHEMOURS COMPANY - FAYETTEVILLE WORKS,FLIGHT,Industrial Gas,High,,325120,46277,False,8.3,1-10 MW,34.8419,-78.8388,NC,14.01,True,34.87056,-78.98834,North Carolina,federal,150.5,4981,53,Unconsolidated,Unconsolidated,0.2082,Moderate,False,984.25,0.34,115,100-161,60.2
Eugene Island 338 K_2471,FLIGHT,Natural Gas Processing,High,,211120,19428,False,3.5,1-10 MW,28.19611,-91.66658,LA,395.81,False,31.29834,-93.67767,Texas,primacy,172.7,4170,4532,,,0.244,Moderate,False,217.42,158.46,-999999,NOT AVAILABLE,60.2
"KM Tejas Premont Compressor Station, TX",FLIGHT,Natural Gas Processing,High,,486210,21900,False,3.9,1-10 MW,27.43402,-98.1132,TX,162.02,False,28.85419,-98.48259,Texas,primacy,171.5,4283,4540,Sedimentary,Shale,0.9092,Severe,False,210.88,0.86,69,UNDER 100,60.2
Bones Springs Plant,FLIGHT,Natural Gas Processing,High,,211130,38495,False,6.9,1-10 MW,31.4556,-103.39339,TX,48.16,True,31.11033,-103.69937,Texas,primacy,160.8,4644,4586,,,0.728,Severe,False,40.3,7.07,69,UNDER 100,60.1
G1LT CDP Compressor Station,FLIGHT,Natural Gas Processing,High,,213112,,False,,,27.9859,-99.8659,TX,13.8,True,28.03947,-99.99271,Unknown,unknown,175.7,4134,4497,Sedimentary,Shale,0.2971,Moderate,False,327.7,49.57,138,100-161,60.1
LINAM RANCH GAS PLANT,FLIGHT,Natural Gas Processing,High,,211130,222122,False,40.0,20-50 MW,32.6953,-103.2853,NM,145.39,False,33.49181,-104.52307,New Mexico,federal,150.5,4982,1089,Unconsolidated,Unconsolidated,0.7982,Severe,True,15.67,2.17,115,100-161,60.1
ANR Pipeline Patterson CS,FLIGHT,Natural Gas Processing,High,,486210,26069,False,4.7,1-10 MW,29.69187,-91.34288,LA,285.49,False,31.54902,-93.40311,Louisiana,primacy,167.6,4386,4782,Unconsolidated,Unconsolidated,0.1738,Low,False,50.28,0.19,138,100-161,60.0
Delaware Basin Gas Plant,FLIGHT,Natural Gas Processing,High,,211130,37328,False,6.7,1-10 MW,31.24076,-103.06533,TX,62.04,False,31.11033,-103.69937,Texas,primacy,160.8,4644,4586,,,0.728,Severe,False,32.82,5.51,138,100-161,60.0
Eugene Island 361 A,FLIGHT,Natural Gas Processing,High,,211120,17025,False,3.1,1-10 MW,28.0658,-91.3926,LA,421.78,False,31.29834,-93.67767,Texas,primacy,172.7,4170,4532,,,0.244,Moderate,False,217.39,160.55,-999999,220-287,60.0
GB 783 Magnolia,FLIGHT,Natural Gas Processing,High,,211120,31643,False,5.7,1-10 MW,27.20381,-92.20264,LA,474.82,False,31.23567,-93.81496,Texas,primacy,164.4,4463,4529,Sedimentary,Shale,0.2286,Moderate,False,338.89,273.33,69,UNDER 100,60.0
"NGPL Station 310 Centralia, IL",FLIGHT,Natural Gas Processing,High,,486210,41691,False,7.5,1-10 MW,38.53034,-89.26392,IL,14.02,True,38.50546,-89.42189,Illinois,federal,151.8,4936,2139,Sedimentary,Shale,0.2194,Moderate,False,579.94,7.27,-999999,NOT AVAILABLE,60.0
OFS GPRP Maysville,FLIGHT,Natural Gas Processing,High,,211130,110808,False,20.0,20-50 MW,34.81918,-97.44266,OK,160.51,False,34.55721,-99.16901,Oklahoma,application,150.3,4990,995,Unconsolidated,Unconsolidated,0.4771,High,True,16.87,3.51,138,100-161,60.0
Cove Compressor Station,FLIGHT,Natural Gas Processing,High,,486210,,False,,,34.42959,-94.44899,AR,10.62,True,34.49454,-94.36409,Arkansas,federal,153.7,4866,10,Sedimentary,Shale,0.1819,Low,False,290.92,10.9,69,UNDER 100,59.9
"KMTP Station 552 Kennedy, TX",FLIGHT,Natural Gas Processing,High,,486210,29359,False,5.3,1-10 MW,28.65171,-97.90018,TX,46.49,True,29.0422,-98.07074,Texas,primacy,165.2,4494,4043,Sedimentary,Shale,0.4222,High,False,126.56,9.27,138,100-161,59.9
LCC BAYPORT LYONDELL,FLIGHT,Petrochemicals,Medium,,325110,114513,False,20.6,20-50 MW,29.61,-95.05,TX,202.87,False,31.23567,-94.08952,Texas,primacy,167.3,4361,4815,,,0.2174,Moderate,True,11.89,0.08,138,100-161,59.9
South Boyce Compressor Station,FLIGHT,Natural Gas Processing,High,,486210,29666,False,5.3,1-10 MW,31.36689,-92.62751,LA,73.16,False,31.73703,-93.26582,Louisiana,primacy,164.7,4481,4760,Unconsolidated,Unconsolidated,0.2898,Moderate,False,99.17,2.18,230,220-287,59.9
ARKALON ETHANOL LLC,FLIGHT,Ethanol,High,,325193,104536,False,18.8,10-20 MW,37.10771,-100.79629,KS,175.77,False,37.44006,-102.73838,Colorado,application,152.8,4901,1942,Sedimentary,Shale,0.2441,Moderate,True,0.4,0.32,-999999,NOT AVAILABLE,59.8
EXXONMOBIL CHEMICAL CO - BATON ROUGE POLYOLEFINS PLANT,FLIGHT,Petrochemicals,Medium,,325211,135043,False,24.3,20-50 MW,30.56014,-91.2055,LA,204.34,False,32.36374,-91.61842,Louisiana,primacy,154.4,4827,4846,Unconsolidated,Unconsolidated,0.493,High,True,15.62,0.2,69,UNDER 100,59.8
I 35 Station,FLIGHT,Natural Gas Processing,High,,486210,,False,,,28.15236,-99.34216,TX,63.79,False,28.16481,-99.99271,Texas,primacy,181.3,4019,4927,Sedimentary,Shale,0.2894,Moderate,False,276.15,30.32,138,100-161,59.7
"KM Tejas Station 2, TX",FLIGHT,Natural Gas Processing,High,,486210,25783,False,4.6,1-10 MW,28.3436,-97.1411,TX,111.68,False,29.16754,-97.79618,Texas,primacy,166.1,4452,4501,Sedimentary,Shale,0.3189,Moderate,False,71.79,2.8,345,345,59.7
"KMBP Brooks County Station, TX",FLIGHT,Natural Gas Processing,High,,486210,16032,False,2.9,1-10 MW,27.0394,-98.1672,TX,204.16,False,28.85419,-98.48259,Texas,primacy,171.5,4283,4540,Sedimentary,Shale,0.9092,Severe,False,247.63,22.68,138,100-161,59.7
Waha Header,FLIGHT,Natural Gas Processing,High,,486210,34522,False,6.2,1-10 MW,31.27468,-103.09672,TX,60.17,False,31.11033,-103.69937,Texas,primacy,160.8,4644,4586,,,0.728,Severe,False,30.19,0.95,138,100-161,59.7
Cisco Compressor Station,FLIGHT,Natural Gas Processing,High,,486210,50759,False,9.1,1-10 MW,32.37685,-99.00337,TX,101.72,False,32.2384,-97.93346,Texas,primacy,150.4,4982,2225,,,0.2563,Moderate,False,128.08,1.59,69,UNDER 100,59.6
Big Lake Cryo Plant,FLIGHT,Natural Gas Processing,High,,211130,47575,False,8.6,1-10 MW,31.10967,-101.36349,TX,57.24,False,30.60896,-101.50283,Texas,primacy,151.5,4939,3464,,,0.2688,Moderate,False,59.89,6.08,69,UNDER 100,59.5
"Primary Products Ingredients Americas, LLC d/b/a Primient",FLIGHT,Ethanol,High,,311221,323932,False,58.4,50-100 MW,40.37909,-86.83882,IN,304.28,False,38.50546,-89.42189,Illinois,federal,151.8,4936,2139,Sedimentary,Shale,0.2194,Moderate,False,844.6,0.96,138,100-161,59.5
"Ship Shoal 182 C-DRILL, D-PRD, & E",FLIGHT,Natural Gas Processing,High,,211120,11988,False,2.2,1-10 MW,28.6185,-90.9949,LA,394.42,False,31.29834,-93.67767,Texas,primacy,172.7,4170,4532,,,0.244,Moderate,False,145.66,89.16,-999999,220-287,59.5
KMTP Station 559 Yoakum TX,FLIGHT,Natural Gas Processing,High,,486210,16403,False,3.0,1-10 MW,29.17333,-97.13068,TX,42.12,True,29.48089,-97.38433,Texas,primacy,169.4,4310,4657,,,0.1831,Low,False,65.89,8.18,138,100-161,59.4
Kaplan Gas Plant,FLIGHT,Natural Gas Processing,High,,211130,10901,False,2.0,1-10 MW,29.8808,-92.2805,LA,206.71,False,31.29834,-93.67767,Texas,primacy,172.7,4170,4532,,,0.244,Moderate,False,69.11,0.97,69,UNDER 100,59.4
"Nansen Spar, East Breaks 602 Platform",FLIGHT,Natural Gas Processing,High,,211120,23540,False,4.2,1-10 MW,27.3671,-93.5323,TX,431.04,False,31.23567,-93.81496,Texas,primacy,164.4,4463,4529,Sedimentary,Shale,0.2286,Moderate,False,268.77,246.72,138,100-161,59.3
"POET Biorefining- Arthur, LLC",FLIGHT,Ethanol,High,,325193,159570,False,28.8,20-50 MW,42.33111,-95.34667,IA,25.22,True,42.20303,-95.59964,Iowa,federal,150.8,4972,687,Sedimentary,Sandstone,0.231,Moderate,False,588.33,1.19,69,UNDER 100,59.3
Ship Shoal 300 B,FLIGHT,Natural Gas Processing,High,,211120,8211,False,1.5,1-10 MW,28.24814,-91.13252,LA,418.75,False,31.29834,-93.67767,Texas,primacy,172.7,4170,4532,,,0.244,Moderate,False,188.95,132.22,-999999,NOT AVAILABLE,59.2
FLORIDA GAS TRANSMISSION COMPANY - QUINCY,FLIGHT,Natural Gas Processing,High,,486210,102542,False,18.5,10-20 MW,30.5052,-84.7099,FL,20.53,True,30.67163,-84.61696,Florida,federal,152.7,4899,2925,Unconsolidated,Unconsolidated,0.168,Low,False,408.88,8.53,115,100-161,59.1
PABCO Building Products,FLIGHT,Minerals,Medium,,327420,31792,False,5.7,1-10 MW,37.52866,-122.02619,CA,6.75,True,37.50273,-122.09535,California,federal,223.4,3116,-2,Unconsolidated,Unconsolidated,0.3395,Moderate,False,1129.99,2.09,115,100-161,59.1
VERTEX REFINING ALABAMA LLC,FLIGHT,Petroleum Refining,Medium,,324110,407720,False,73.5,50-100 MW,30.78778,-88.05833,AL,72.89,False,31.23567,-87.49992,Alabama,application,152.1,4923,4902,Unconsolidated,Unconsolidated,0.1495,Low,False,124.37,2.1,230,220-287,59.1
GA 209,FLIGHT,Natural Gas Processing,High,,211120,16020,False,2.9,1-10 MW,29.1303,-94.5466,TX,238.19,False,31.23567,-94.08952,Texas,primacy,167.3,4361,4815,,,0.2174,Moderate,False,49.0,32.88,138,100-161,59.0
Iron Horse Processing Plant,FLIGHT,Natural Gas Processing,High,,211130,99533,False,17.9,10-20 MW,35.14597,-97.9218,OK,131.29,False,34.55721,-99.16901,Oklahoma,application,150.3,4990,995,Unconsolidated,Unconsolidated,0.4771,High,True,11.99,2.5,138,100-161,59.0
Tilden Compressor Station,FLIGHT,Natural Gas Processing,High,,486210,,False,,,28.50238,-98.51388,TX,39.24,True,28.85419,-98.48259,Texas,primacy,171.5,4283,4540,Sedimentary,Shale,0.9092,Severe,False,188.35,4.82,69,UNDER 100,59.0
"WORSHAM STEED GAS STORAGE, LLC",FLIGHT,Natural Gas Processing,High,,486210,39798,False,7.2,1-10 MW,33.0875,-98.07167,TX,40.81,True,32.80243,-97.79618,Texas,primacy,152.7,4881,2667,Sedimentary,Sandstone,0.2995,Moderate,False,154.97,9.9,345,345,59.0
CertainTeed Gypsum Manufacturing,FLIGHT,Minerals,Medium,,327420,38096,False,6.9,1-10 MW,36.04865,-115.38253,NV,1.89,True,36.06131,-115.36846,Nevada,federal,185.9,3649,982,Unconsolidated,Unconsolidated,0.5218,High,False,566.99,0.36,-999999,NOT AVAILABLE,58.9
Chandler Compressor Station/Wilburton Compressor Station,FLIGHT,Natural Gas Processing,High,,213112,105847,False,19.1,10-20 MW,34.83503,-95.31025,OK,30.92,True,34.55721,-95.32507,Oklahoma,application,151.3,4950,10,,,0.285,Moderate,False,210.81,7.28,138,100-161,58.8
NORTHWEST PIPELINE GP - SODA SPRINGS C/S,FLIGHT,Natural Gas Processing,High,,486210,,False,,,42.54315,-111.41994,ID,20.04,True,42.51638,-111.66181,Idaho,federal,208.8,3046,1781,,,0.3536,Moderate,False,132.12,15.1,138,100-161,58.8
SEA ROBIN GAS PROCESSING PLANT,FLIGHT,Natural Gas Processing,High,,211130,3824,False,0.7,<1 MW,29.89743,-92.06735,LA,219.13,False,31.29834,-93.67767,Texas,primacy,172.7,4170,4532,,,0.244,Moderate,False,66.06,3.68,69,UNDER 100,58.8
SM 268 A & A-PRD (Complex ID # 21739),FLIGHT,Natural Gas Processing,High,,211120,4556,False,0.8,<1 MW,29.11585,-91.87142,LA,298.35,False,31.29834,-93.67767,Texas,primacy,172.7,4170,4532,,,0.244,Moderate,False,131.53,64.37,-999999,NOT AVAILABLE,58.8
Antelope Flat/ Sand Wash Compressor Station,FLIGHT,Natural Gas Processing,High,,211111,,False,,,39.9951,-109.4712,UT,22.84,True,39.82154,-109.32799,Utah,application,160.3,4666,4903,Sedimentary,Shale,0.1667,Low,False,39.68,6.55,138,100-161,58.7
CONROE NATURAL GAS PROCESSING PLANT,FLIGHT,Natural Gas Processing,High,,211112,,False,,,30.2791,-95.3658,TX,141.77,False,31.173,-96.42334,Texas,primacy,174.9,4119,4976,Unconsolidated,Unconsolidated,0.6963,High,False,81.5,1.98,138,100-161,58.7
Conroe Gas Processing Plant,FLIGHT,Natural Gas Processing,High,,211130,,False,,,30.26364,-95.3738,TX,142.44,False,31.173,-96.42334,Texas,primacy,174.9,4119,4976,Unconsolidated,Unconsolidated,0.6963,High,False,80.0,2.13,138,100-161,58.7
Gomez Gas Plant,FLIGHT,Natural Gas Processing,High,,211130,30106,False,5.4,1-10 MW,30.985,-102.97444,TX,56.54,False,30.48362,-102.87567,Texas,primacy,156.4,4773,0,Unconsolidated,Unconsolidated,0.2318,Moderate,False,39.22,4.23,69,UNDER 100,58.7
"Kinder Morgan Treating, L.P., Huntsville Gas Plant, Huntsville, TX",FLIGHT,Natural Gas Processing,High,,486210,,False,,,30.81986,-95.59302,TX,88.35,False,31.173,-96.42334,Texas,primacy,174.9,4119,4976,Unconsolidated,Unconsolidated,0.6963,High,False,145.17,11.01,138,100-161,58.7
TRANSCO STATION 023,FLIGHT,Natural Gas Processing,High,,486210,8630,False,1.6,1-10 MW,28.7046,-96.9307,TX,96.92,False,29.48089,-97.38433,Texas,primacy,169.4,4310,4657,,,0.1831,Low,False,32.54,1.77,69,UNDER 100,58.7
Garden Banks 260 A,FLIGHT,Natural Gas Processing,High,,211120,16276,False,2.9,1-10 MW,27.73335,-91.99361,LA,427.46,False,31.23567,-93.81496,Texas,primacy,164.4,4463,4529,Sedimentary,Shale,0.2286,Moderate,False,276.52,214.08,-999999,NOT AVAILABLE,58.6
Mosaic South Pierce Facility,FLIGHT,Ammonia/Fertilizer,High,,325312,,False,,,27.76662,-81.93862,FL,11.68,True,27.85146,-82.00858,Florida,federal,152.2,4918,2917,Unconsolidated,Unconsolidated,0.2347,Moderate,False,792.18,3.68,230,220-287,58.6
Optimus Steel LLC,FLIGHT,Iron & Steel,Medium,,331110,100348,False,18.1,10-20 MW,30.12445,-94.01262,TX,123.78,False,31.23567,-94.08952,Texas,primacy,167.3,4361,4815,,,0.2174,Moderate,True,7.8,2.44,138,100-161,58.6
NUGEN ENERGY LLC,FLIGHT,Ethanol,High,,325193,204168,False,36.8,20-50 MW,43.43385,-97.26093,SD,135.47,False,42.8924,-98.75716,Nebraska,application,150.8,4972,477,Sedimentary,Shale,,,False,563.05,3.91,69,UNDER 100,58.5
Oahu Gas Plant,FLIGHT,Natural Gas Processing,High,,211130,20833,False,3.8,1-10 MW,31.24242,-103.06754,TX,61.88,False,31.11033,-103.69937,Texas,primacy,160.8,4644,4586,,,0.728,Severe,False,32.7,5.23,138,100-161,58.5
BAYOU SALE PRODUCTION FACILITY - BAYOU SALE FIELD,FLIGHT,Natural Gas Processing,High,,211111,,False,,,29.60201,-91.52483,LA,279.57,False,31.29834,-93.67767,Texas,primacy,172.7,4170,4532,,,0.244,Moderate,False,67.95,2.1,-999999,NOT AVAILABLE,58.4
Burns Point Gas Plant,FLIGHT,Natural Gas Processing,High,,211111,,False,,,29.60812,-91.5358,LA,278.33,False,31.29834,-93.67767,Texas,primacy,172.7,4170,4532,,,0.244,Moderate,False,68.03,0.99,-999999,NOT AVAILABLE,58.4
CROSSTEX PROCESSING SERVICES LLC - BLUE WATER GAS PLANT,FLIGHT,Natural Gas Processing,High,,211111,,False,,,30.12722,-92.45056,LA,175.27,False,31.29834,-93.67767,Texas,primacy,172.7,4170,4532,,,0.244,Moderate,False,39.46,12.08,69,UNDER 100,58.4
EI 119 F (Complex ID # 20840),FLIGHT,Natural Gas Processing,High,,211120,,False,,,28.98254,-91.48365,LA,332.88,False,31.29834,-93.67767,Texas,primacy,172.7,4170,4532,,,0.244,Moderate,False,129.07,70.72,-999999,NOT AVAILABLE,58.4
EI 120 CF (Complex ID # 20885),FLIGHT,Natural Gas Processing,High,,211120,,False,,,28.97905,-91.4727,LA,333.85,False,31.29834,-93.67767,Texas,primacy,172.7,4170,4532,,,0.244,Moderate,False,129.14,71.2,-999999,NOT AVAILABLE,58.4
EI 158 C & C-QRT (Complex ID # 21444),FLIGHT,Natural Gas Processing,High,,211120,,False,,,28.81389,-91.739,LA,333.35,False,31.29834,-93.67767,Texas,primacy,172.7,4170,4532,,,0.244,Moderate,False,155.09,91.37,-999999,NOT AVAILABLE,58.4
EI 281 A (Complex ID # 23915),FLIGHT,Natural Gas Processing,High,,211111,,False,,,28.38046,-91.47156,LA,387.98,False,31.29834,-93.67767,Texas,primacy,172.7,4170,4532,,,0.244,Moderate,False,189.95,133.46,-999999,220-287,58.4
EI 307A (Complex ID # 21939),FLIGHT,Natural Gas Processing,High,,211120,,False,,,28.31938,-91.61507,LA,386.4,False,31.29834,-93.67767,Texas,primacy,172.7,4170,4532,,,0.244,Moderate,False,203.16,144.46,-999999,NOT AVAILABLE,58.4
EI 330 B (Complex ID # 21580),FLIGHT,Natural Gas Processing,High,,211120,,False,,,28.22306,-91.69404,LA,391.89,False,31.29834,-93.67767,Texas,primacy,172.7,4170,4532,,,0.244,Moderate,False,215.87,155.71,-999999,NOT AVAILABLE,58.4
Eugene Island 100_20870,FLIGHT,Natural Gas Processing,High,,211120,,False,,,29.06192,-91.44646,LA,328.37,False,31.29834,-93.67767,Texas,primacy,172.7,4170,4532,,,0.244,Moderate,False,119.58,62.34,-999999,NOT AVAILABLE,58.4
Gulfport Energy Corp WCBB TANK BATTERY #1A,FLIGHT,Natural Gas Processing,High,,211111,,False,,,29.78447,-91.73295,LA,251.03,False,31.29834,-93.67767,Texas,primacy,172.7,4170,4532,,,0.244,Moderate,False,66.51,0.68,138,100-161,58.4
PL 10 (Complex ID # 21988),FLIGHT,Natural Gas Processing,High,,211120,,False,,,28.94763,-90.72405,LA,386.0,False,31.29834,-93.67767,Texas,primacy,172.7,4170,4532,,,0.244,Moderate,False,102.75,48.38,-999999,220-287,58.4
SABIC Innovative Plastics - Burkville,FLIGHT,Petrochemicals,Medium,,325211,404081,False,72.8,50-100 MW,32.3102,-86.5242,AL,49.33,True,31.92505,-86.26437,Alabama,application,150.0,5000,996,Unconsolidated,Unconsolidated,0.1779,Low,False,220.29,0.26,115,100-161,58.4
SEA ROBIN PIPELINE CO - ERATH,FLIGHT,Natural Gas Processing,High,,486210,,False,,,29.91572,-92.05621,LA,218.44,False,31.29834,-93.67767,Texas,primacy,172.7,4170,4532,,,0.244,Moderate,False,64.08,2.12,69,UNDER 100,58.4
"SM 128 A, A-PRD, SA-2 (Complex ID # 21864)",FLIGHT,Natural Gas Processing,High,,211120,,False,,,28.31678,-91.90895,LA,372.86,False,31.29834,-93.67767,Texas,primacy,172.7,4170,4532,,,0.244,Moderate,False,212.56,148.98,-999999,NOT AVAILABLE,58.4
SS 207 A (Complex ID # 20724),FLIGHT,Natural Gas Processing,High,,211120,,False,,,28.52789,-90.9782,LA,403.19,False,31.29834,-93.67767,Texas,primacy,172.7,4170,4532,,,0.244,Moderate,False,154.59,98.38,-999999,220-287,58.4
"Ship Shoal 114 L, B-AUX, J",FLIGHT,Natural Gas Processing,High,,211120,,False,,,28.86128,-90.82839,LA,385.45,False,31.29834,-93.67767,Texas,primacy,172.7,4170,4532,,,0.244,Moderate,False,114.8,58.97,-999999,220-287,58.4
Ship Shoal 208 H (Complex ID # 20328),FLIGHT,Natural Gas Processing,High,,211120,,False,,,28.52,-90.9087,LA,408.22,False,31.29834,-93.67767,Texas,primacy,172.7,4170,4532,,,0.244,Moderate,False,153.38,95.39,-999999,NOT AVAILABLE,58.4
South Marsh Island 236 A,FLIGHT,Natural Gas Processing,High,,211120,,False,,,29.33519,-92.01213,LA,270.57,False,31.29834,-93.67767,Texas,primacy,172.7,4170,4532,,,0.244,Moderate,False,121.37,49.78,69,UNDER 100,58.4
"TGP Station 834 Winnsboro, LA",FLIGHT,Natural Gas Processing,High,,486210,30023,False,5.4,1-10 MW,31.96118,-91.81243,LA,48.35,True,32.36374,-91.61842,Louisiana,primacy,154.4,4827,4846,Unconsolidated,Unconsolidated,0.493,High,False,59.77,12.59,115,100-161,58.4
TRANSCO STATION 80,FLIGHT,Natural Gas Processing,High,,486210,89704,False,16.2,10-20 MW,31.8153,-89.04899,MS,148.27,False,31.61169,-87.49992,Alabama,application,151.7,4936,4034,Sedimentary,Shale,0.1102,Low,True,2.96,1.12,230,220-287,58.4
VR 52 C_1882,FLIGHT,Natural Gas Processing,High,,211130,,False,,,29.33094,-92.16467,LA,262.58,False,31.29834,-93.67767,Texas,primacy,172.7,4170,4532,,,0.244,Moderate,False,129.14,41.36,69,UNDER 100,58.4
AMERICAN GYPSUM COMPANY,FLIGHT,Minerals,Medium,,327420,46037,False,8.3,1-10 MW,35.17237,-106.59347,NM,12.8,True,35.12125,-106.7196,New Mexico,federal,183.3,3975,3962,Unconsolidated,Unconsolidated,0.2386,Moderate,True,20.99,0.73,115,100-161,58.3
LUNDAY-THAGARD COMPANY,FLIGHT,Petroleum Refining,Medium,,324110,38843,False,7.0,1-10 MW,33.94629,-118.16704,CA,5.19,True,33.9305,-118.11413,California,federal,203.1,3476,28,Unconsolidated,Unconsolidated,0.7992,Severe,False,889.42,0.19,66,UNDER 100,58.3
NAN YA PLASTICS CORPORATION AMERICA SOUTH CAROLINA PLANT,FLIGHT,Petrochemicals,Medium,,325211,128241,False,23.1,20-50 MW,33.79386,-79.72986,SC,5.24,True,33.80516,-79.67476,South Carolina,federal,150.0,5000,247,Sedimentary,Limestone,0.2032,Moderate,False,874.52,3.95,230,220-287,58.3
VALERO RENEWABLE FUELS LLC,FLIGHT,Ethanol,High,,325193,201939,False,36.4,20-50 MW,44.29234,-96.69244,SD,227.76,False,42.8924,-98.75716,Nebraska,application,150.8,4972,477,Sedimentary,Shale,,,False,523.47,0.25,115,100-161,58.3
Allison Compressor Station,FLIGHT,Natural Gas Processing,High,,486210,,False,,,33.1991,-97.4179,TX,37.27,True,32.8651,-97.38433,Texas,primacy,153.4,4852,3330,Sedimentary,Limestone,0.2834,Moderate,False,138.15,1.24,138,100-161,58.2
Bennington Compressor Station,FLIGHT,Natural Gas Processing,High,,486210,32450,False,5.8,1-10 MW,33.98277,-96.0041,OK,40.66,True,33.61715,-96.01149,Texas,primacy,151.8,4930,1175,Sedimentary,Shale,0.3684,Moderate,False,156.82,5.2,138,100-161,58.2
GULF PLAINS GAS PLANT,FLIGHT,Natural Gas Processing,High,,211130,,False,,,27.6871,-97.9021,TX,141.68,False,28.85419,-98.48259,Texas,primacy,171.5,4283,4540,Sedimentary,Shale,0.9092,Severe,False,176.24,7.51,138,100-161,58.2
Hartman Ranch Compressor Station,FLIGHT,Natural Gas Processing,High,,486210,,False,,,28.28441,-98.29264,TX,66.02,False,28.85419,-98.48259,Texas,primacy,171.5,4283,4540,Sedimentary,Shale,0.9092,Severe,False,173.59,14.5,230,220-287,58.2
Hawkville North East Central Delivery Point,FLIGHT,Natural Gas Processing,High,,211130,,False,,,28.35334,-98.55918,TX,56.19,False,28.85419,-98.48259,Texas,primacy,171.5,4283,4540,Sedimentary,Shale,0.9092,Severe,False,196.28,12.42,69,UNDER 100,58.2
"KMTP Station 551 Freer and Freer Liquids, TX",FLIGHT,Natural Gas Processing,High,,486210,,False,,,28.01944,-98.55827,TX,93.11,False,28.85419,-98.48259,Texas,primacy,171.5,4283,4540,Sedimentary,Shale,0.9092,Severe,False,208.83,19.34,69,UNDER 100,58.2
LA GLORIA GAS PLANT,FLIGHT,Natural Gas Processing,High,,211112,,False,,,27.2761,-98.1541,TX,178.41,False,28.85419,-98.48259,Texas,primacy,171.5,4283,4540,Sedimentary,Shale,0.9092,Severe,False,226.53,1.89,69,UNDER 100,58.2
Mertzon Gas Plant,FLIGHT,Natural Gas Processing,High,,211130,32724,False,5.9,1-10 MW,31.25577,-100.89031,TX,92.66,False,30.60896,-101.50283,Texas,primacy,151.5,4939,3464,,,0.2688,Moderate,False,100.42,3.5,69,UNDER 100,58.2
SAN JOAQUIN REFINING CO INC,FLIGHT,Petroleum Refining,Medium,,324110,86935,False,15.7,10-20 MW,35.39511,-119.04652,CA,3.66,True,35.37193,-119.07512,California,federal,163.6,4393,2832,Unconsolidated,Unconsolidated,0.1932,Low,False,905.03,1.13,230,220-287,58.2
THREE RIVERS GAS PLANT,FLIGHT,Natural Gas Processing,High,,211112,,False,,,28.40589,-98.13564,TX,60.26,False,28.85419,-98.48259,Texas,primacy,171.5,4283,4540,Sedimentary,Shale,0.9092,Severe,False,154.81,5.3,230,220-287,58.2
Freer 44 Compressor Station,FLIGHT,Natural Gas Processing,High,,486210,,False,,,27.9426,-98.87384,TX,98.71,False,28.79151,-99.16901,Texas,primacy,170.7,4293,4692,Unconsolidated,Unconsolidated,0.3747,Moderate,False,240.6,27.43,69,UNDER 100,58.1
HAWKVILLE GAS TREATING FACILITY,FLIGHT,Natural Gas Processing,High,,211130,,False,,,28.20196,-98.89922,TX,70.66,False,28.79151,-99.16901,Texas,primacy,170.7,4293,4692,Unconsolidated,Unconsolidated,0.3747,Moderate,False,232.92,42.36,138,100-161,58.1
Raptor Gas Plant,FLIGHT,Natural Gas Processing,High,,211130,,False,,,28.40735,-99.25595,TX,43.55,True,28.79151,-99.16901,Texas,primacy,170.7,4293,4692,Unconsolidated,Unconsolidated,0.3747,Moderate,False,261.62,0.85,138,100-161,58.1
DCP MIDSTREAM LP/OKARCHE GAS PLT,FLIGHT,Natural Gas Processing,High,,211130,88164,False,15.9,10-20 MW,35.73412,-98.08415,OK,163.87,False,34.55721,-99.16901,Oklahoma,application,150.3,4990,995,Unconsolidated,Unconsolidated,0.4771,High,True,26.56,6.97,69,UNDER 100,58.0
Grey Ranch,FLIGHT,Natural Gas Processing,High,,486210,22963,False,4.1,1-10 MW,30.91027,-102.87336,TX,47.44,True,30.48362,-102.87567,Texas,primacy,156.4,4773,0,Unconsolidated,Unconsolidated,0.2318,Moderate,False,31.29,1.09,138,100-161,58.0
Northern Natural Gas - Claude Compressor Station,FLIGHT,Natural Gas Processing,High,,486210,31667,False,5.7,1-10 MW,34.98724,-101.38717,TX,116.18,False,34.43187,-102.46382,Texas,primacy,150.8,4973,2759,Unconsolidated,Unconsolidated,0.7215,Severe,False,73.96,29.35,115,100-161,58.0
TGP Station 9 VIctoria TX,FLIGHT,Natural Gas Processing,High,,486210,1377,False,0.2,<1 MW,28.69809,-96.94545,TX,96.93,False,29.48089,-97.38433,Texas,primacy,169.4,4310,4657,,,0.1831,Low,False,34.13,0.49,69,UNDER 100,58.0
Thomaston,FLIGHT,Natural Gas Processing,High,,486210,,False,,,29.1827,-97.1555,TX,39.89,True,29.48089,-97.38433,Texas,primacy,169.4,4310,4657,,,0.1831,Low,False,68.41,5.63,138,100-161,58.0
"BA A 133 B, C-AUX, E (Complex ID # 10249)",FLIGHT,Natural Gas Processing,High,,211120,,False,,,27.83514,-96.01306,TX,226.69,False,29.48089,-97.38433,Texas,primacy,169.4,4310,4657,,,0.1831,Low,False,121.49,79.62,69,UNDER 100,57.9
Coyanosa Gas Plant,FLIGHT,Natural Gas Processing,High,,211130,14147,False,2.5,1-10 MW,31.19083,-102.98944,TX,68.15,False,31.11033,-103.69937,Texas,primacy,160.8,4644,4586,,,0.728,Severe,False,37.29,0.09,69,UNDER 100,57.9
EB 159 A (Complex ID # 10212),FLIGHT,Natural Gas Processing,High,,211120,,False,,,27.82739,-94.62602,TX,325.93,False,29.48089,-97.38433,Texas,primacy,169.4,4310,4657,,,0.1831,Low,False,182.26,142.5,138,100-161,57.9
EB 165 A (Complex ID # 10297),FLIGHT,Natural Gas Processing,High,,211120,,False,,,27.8187,-94.3228,TX,351.28,False,29.48089,-97.38433,Texas,primacy,169.4,4310,4657,,,0.1831,Low,False,191.7,159.49,138,100-161,57.9
Gulf South Pipeline - Olla Station,FLIGHT,Natural Gas Processing,High,,486210,28243,False,5.1,1-10 MW,31.87482,-92.26317,LA,65.14,False,32.42641,-92.03027,Louisiana,primacy,152.2,4914,4827,Unconsolidated,Unconsolidated,0.3223,Moderate,False,91.29,2.78,115,100-161,57.9
MI 622 C (Complex ID # 10225),FLIGHT,Natural Gas Processing,High,,211111,,False,,,28.10178,-96.38107,TX,181.86,False,29.48089,-97.38433,Texas,primacy,169.4,4310,4657,,,0.1831,Low,False,80.01,37.5,69,UNDER 100,57.9
Venice Gas Plant,FLIGHT,Natural Gas Processing,High,,211130,194855,False,35.1,20-50 MW,29.23632,-89.38555,LA,286.76,False,31.23567,-87.49992,Alabama,application,152.1,4923,4902,Unconsolidated,Unconsolidated,0.1495,Low,False,121.36,20.06,-999999,NOT AVAILABLE,57.9
FLORIDA GAS TRANSMISSION COMPANY - ORLANDO,FLIGHT,Natural Gas Processing,High,,486210,40244,False,7.3,1-10 MW,28.52285,-81.49021,FL,15.84,True,28.41549,-81.59673,Florida,federal,150.2,4993,1982,Unconsolidated,Unconsolidated,0.1683,Low,False,784.65,3.52,230,220-287,57.8
Gold Bond - LGB Plant,FLIGHT,Minerals,Medium,,327420,37753,False,6.8,1-10 MW,33.78036,-118.21795,CA,5.23,True,33.74249,-118.25142,California,federal,200.7,3506,24,Other,Water,0.6722,High,False,902.11,0.39,66,UNDER 100,57.8
"Oxy Vinyls, LP- Pasadena Facility",FLIGHT,Petrochemicals,Medium,,325211,115124,False,20.7,20-50 MW,29.71202,-95.14674,TX,191.69,False,29.98226,-97.10976,Texas,primacy,153.2,4864,3824,,,0.4857,High,True,16.81,1.08,138,100-161,57.8
P-3 CMP STN,FLIGHT,Natural Gas Processing,High,,486210,29322,False,5.3,1-10 MW,35.62068,-100.97441,TX,174.33,False,35.37193,-102.87567,Texas,primacy,150.9,4970,1678,Sedimentary,Shale,0.2814,Moderate,False,40.84,3.77,69,UNDER 100,57.8
Green Plains York LLC (York),Ethanol(EIA),Ethanol,High,,325193,86449,False,15.6,10-20 MW,40.8963,-97.5447,Nebraska,30.02,True,41.13763,-97.38433,Nebraska,application,150.2,4994,856,Sedimentary,Shale,0.4155,High,False,457.78,0.47,-999999,NOT AVAILABLE,57.8
OWT CS Future Site Compressor Station,FLIGHT,Natural Gas Processing,High,,486210,28608,False,5.2,1-10 MW,34.23105,-101.27539,TX,111.39,False,34.43187,-102.46382,Texas,primacy,150.8,4973,2759,Unconsolidated,Unconsolidated,0.7215,Severe,False,83.62,1.54,69,UNDER 100,57.7
"TGP Station 3A San Patricio, TX",FLIGHT,Natural Gas Processing,High,,486210,4435,False,0.8,<1 MW,28.04866,-97.564,TX,121.06,False,29.0422,-98.07074,Texas,primacy,165.2,4494,4043,Sedimentary,Shale,0.4222,High,False,124.49,2.05,69,UNDER 100,57.7
W&T Offshore - SS 349A,FLIGHT,Natural Gas Processing,High,,211120,25219,False,4.5,1-10 MW,29.73177,-95.43444,TX,163.94,False,29.98226,-97.10976,Texas,primacy,153.2,4864,3824,,,0.4857,High,False,30.15,0.73,138,100-161,57.7
AUX SABLE LIQUID PRODUCTS INC,FLIGHT,Natural Gas Processing,High,,211130,290346,False,52.3,50-100 MW,41.41305,-88.30556,IL,326.65,False,38.81881,-90.1083,Illinois,federal,159.6,4678,984,,,0.2823,Moderate,False,793.16,0.81,345,345,57.6
CALUMET GAS PLANT,FLIGHT,Natural Gas Processing,High,,211111,,False,,,29.71301,-91.30837,LA,286.08,False,31.54902,-93.40311,Louisiana,primacy,167.6,4386,4782,Unconsolidated,Unconsolidated,0.1738,Low,False,46.74,3.27,138,100-161,57.6
Carter Creek,FLIGHT,Natural Gas Processing,High,,211130,165046,False,29.7,20-50 MW,41.572,-110.913,WY,62.66,False,41.51365,-111.66181,Utah,application,168.2,4421,2176,Sedimentary,Dolostone,0.0592,Very low/none,False,77.88,0.18,115,100-161,57.6
GA209 Platform,FLIGHT,Natural Gas Processing,High,,211130,,False,,,29.1303,-94.5466,TX,238.19,False,31.23567,-94.08952,Texas,primacy,167.3,4361,4815,,,0.2174,Moderate,False,49.0,32.88,138,100-161,57.6
GREGORY GAS PLANT,FLIGHT,Natural Gas Processing,High,,211112,,False,,,27.94006,-97.26256,TX,145.16,False,29.10487,-97.93346,Texas,primacy,167.4,4395,4240,Unconsolidated,Unconsolidated,0.3699,Moderate,False,114.12,1.4,69,UNDER 100,57.6
Gulf Coast Fractionator,FLIGHT,Natural Gas Processing,High,,211130,,False,,,29.85429,-94.91772,TX,172.87,False,31.23567,-94.08952,Texas,primacy,167.3,4361,4815,,,0.2174,Moderate,False,37.72,0.8,138,100-161,57.6
"Gunnison Spar, Garden Banks 668 Platform",FLIGHT,Natural Gas Processing,High,,211120,4438,False,0.8,<1 MW,27.3038,-92.4617,TX,456.47,False,31.23567,-93.81496,Texas,primacy,164.4,4463,4529,Sedimentary,Shale,0.2286,Moderate,False,321.19,261.89,69,UNDER 100,57.6
HANSON PERMANENTE CEMENT,FLIGHT,Cement,Medium,,327310,,False,,,37.3181,-122.091,CA,6.6,True,37.37739,-122.09535,California,federal,231.2,2928,100,,,0.4551,High,False,1138.88,0.91,230,220-287,57.6
Pelican Processing Plant,FLIGHT,Natural Gas Processing,High,,211130,,False,,,29.71301,-91.30837,LA,286.08,False,31.54902,-93.40311,Louisiana,primacy,167.6,4386,4782,Unconsolidated,Unconsolidated,0.1738,Low,False,46.74,3.27,138,100-161,57.6
"SNG Station 5000 Shadyside, LA",FLIGHT,Natural Gas Processing,High,,486210,,False,,,29.72831,-91.41666,LA,277.67,False,31.54902,-93.40311,Louisiana,primacy,167.6,4386,4782,Unconsolidated,Unconsolidated,0.1738,Low,False,50.45,2.11,-999999,NOT AVAILABLE,57.6
"SNG Station 5122 Franklinton, LA",FLIGHT,Natural Gas Processing,High,,486210,28603,False,5.2,1-10 MW,30.81735,-90.17873,LA,217.3,False,32.42641,-91.48114,Louisiana,primacy,150.2,4991,4440,Unconsolidated,Unconsolidated,0.4954,High,False,51.98,1.36,-999999,NOT AVAILABLE,57.6
TYLER COUNTY GAS PLANT,FLIGHT,Natural Gas Processing,High,,211112,,False,,,30.80219,-94.4077,TX,56.94,False,31.23567,-94.08952,Texas,primacy,167.3,4361,4815,,,0.2174,Moderate,False,92.1,4.14,138,100-161,57.6
Tyler County Gas Plant,FLIGHT,Natural Gas Processing,High,,486210,,False,,,30.81033,-94.4099,TX,56.29,False,31.23567,-94.08952,Texas,primacy,167.3,4361,4815,,,0.2174,Moderate,False,93.0,3.23,138,100-161,57.6
Main Pass 313 A,FLIGHT,Natural Gas Processing,High,,211130,27619,False,5.0,1-10 MW,30.44026,-90.08669,LA,257.44,False,32.42641,-91.48114,Louisiana,primacy,150.2,4991,4440,Unconsolidated,Unconsolidated,0.4954,High,False,64.19,1.58,230,220-287,57.5
Sunray Compressor Station,FLIGHT,Natural Gas Processing,High,,486210,26521,False,4.8,1-10 MW,35.97531,-101.82886,TX,115.94,False,35.37193,-102.87567,Texas,primacy,150.9,4970,1678,Sedimentary,Shale,0.2814,Moderate,False,37.76,2.61,115,100-161,57.5
Mid America Agri Products LLC (Madrid),Ethanol(EIA),Ethanol,High,,325193,48377,False,8.7,1-10 MW,40.5286,-101.5342,Nebraska,26.96,True,40.32291,-101.36555,Nebraska,application,150.4,4985,1616,Sedimentary,Shale,0.547,High,False,385.84,6.92,69,UNDER 100,57.5
Northern Natural Gas - Pampa Compressor Station,FLIGHT,Natural Gas Processing,High,,486210,25678,False,4.6,1-10 MW,35.51956,-100.97236,TX,173.19,False,35.37193,-102.87567,Texas,primacy,150.9,4970,1678,Sedimentary,Shale,0.2814,Moderate,False,43.46,0.89,69,UNDER 100,57.4
"TGP Station 17 East Bernard, TX",FLIGHT,Natural Gas Processing,High,,486210,21409,False,3.9,1-10 MW,29.53266,-96.14554,TX,105.65,False,29.98226,-97.10976,Texas,primacy,153.2,4864,3824,,,0.4857,High,False,38.51,6.55,138,100-161,57.4
Woodsboro Gas Plant,FLIGHT,Natural Gas Processing,High,,486210,,False,,,28.17598,-97.28166,TX,121.15,False,29.16754,-97.79618,Texas,primacy,166.1,4452,4501,Sedimentary,Shale,0.3189,Moderate,False,94.73,1.57,345,345,57.4
Lonestar Gas Plant,FLIGHT,Natural Gas Processing,High,,211130,,False,,,28.56387,-97.84906,TX,57.41,False,29.0422,-98.07074,Texas,primacy,165.2,4494,4043,Sedimentary,Shale,0.4222,High,False,123.3,6.68,138,100-161,57.3
"SOLVAY SPECIALTY POLYMERS USA, LLC",FLIGHT,Petrochemicals,Medium,,325211,51567,False,9.3,1-10 MW,33.36811,-82.01063,GA,0.26,True,33.36647,-82.00858,Georgia,federal,155.8,4784,45,Unconsolidated,Unconsolidated,0.234,Moderate,False,658.03,0.23,230,220-287,57.3
ARKEMA BEAUMONT PLANT,FLIGHT,Petrochemicals,Medium,,325199,84320,False,15.2,10-20 MW,30.06023,-94.05898,TX,130.74,False,31.23567,-94.08952,Texas,primacy,167.3,4361,4815,,,0.2174,Moderate,True,3.58,0.32,138,100-161,57.2
Barracuda Gas Plant,FLIGHT,Natural Gas Processing,High,,211130,,False,,,29.765,-93.63778,LA,164.41,False,31.23567,-93.81496,Texas,primacy,164.4,4463,4529,Sedimentary,Shale,0.2286,Moderate,False,35.37,0.96,69,UNDER 100,57.2
CAMERON MEADOWS GAS PLANT,FLIGHT,Natural Gas Processing,High,,211112,,False,,,29.76153,-93.6395,LA,164.78,False,31.23567,-93.81496,Texas,primacy,164.4,4463,4529,Sedimentary,Shale,0.2286,Moderate,False,35.33,1.05,69,UNDER 100,57.2
Calcasieu Lake Production Barge,FLIGHT,Natural Gas Processing,High,,211111,,False,,,29.95351,-93.39938,LA,148.01,False,31.23567,-93.81496,Texas,primacy,164.4,4463,4529,Sedimentary,Shale,0.2286,Moderate,False,32.92,3.33,69,UNDER 100,57.2
Fiedwood Energy LLC - WC 68 A,FLIGHT,Natural Gas Processing,High,,211111,,False,,,29.62643,-93.03469,LA,193.95,False,31.23567,-93.81496,Texas,primacy,164.4,4463,4529,Sedimentary,Shale,0.2286,Moderate,False,80.94,16.01,69,UNDER 100,57.2
Garden Banks 72,FLIGHT,Natural Gas Processing,High,,211130,,False,,,27.8892,-92.5539,LA,391.58,False,31.23567,-93.81496,Texas,primacy,164.4,4463,4529,Sedimentary,Shale,0.2286,Moderate,False,260.08,197.46,69,UNDER 100,57.2
Gator Gas Processing Plant,FLIGHT,Natural Gas Processing,High,,211130,,False,,,29.76581,-92.95892,LA,182.86,False,31.23567,-93.81496,Texas,primacy,164.4,4463,4529,Sedimentary,Shale,0.2286,Moderate,False,71.58,4.19,69,UNDER 100,57.2
HOLLY BEACH COMPRESSOR STATION #701,FLIGHT,Natural Gas Processing,High,,486210,,False,,,29.7613,-93.6014,LA,165.21,False,31.23567,-93.81496,Texas,primacy,164.4,4463,4529,Sedimentary,Shale,0.2286,Moderate,False,38.84,0.21,69,UNDER 100,57.2
M P ERWIN PRODUCTION FACILITY - A & B,FLIGHT,Natural Gas Processing,High,,211111,,False,,,29.95351,-93.39938,LA,148.01,False,31.23567,-93.81496,Texas,primacy,164.4,4463,4529,Sedimentary,Shale,0.2286,Moderate,False,32.92,3.33,69,UNDER 100,57.2
Northern Natural Gas - Plainview Compressor Station,FLIGHT,Natural Gas Processing,High,,486210,22496,False,4.1,1-10 MW,34.06456,-101.8454,TX,69.99,False,34.43187,-102.46382,Texas,primacy,150.8,4973,2759,Unconsolidated,Unconsolidated,0.7215,Severe,False,31.47,0.87,69,UNDER 100,57.2
Station 821 (Johnson Bayou),FLIGHT,Natural Gas Processing,High,,486210,,False,,,29.75745,-93.60294,LA,165.62,False,31.23567,-93.81496,Texas,primacy,164.4,4463,4529,Sedimentary,Shale,0.2286,Moderate,False,38.83,0.64,69,UNDER 100,57.2
Stingray West Cameron 509,FLIGHT,Natural Gas Processing,High,,486210,,False,,,29.7613,-93.6014,LA,165.21,False,31.23567,-93.81496,Texas,primacy,164.4,4463,4529,Sedimentary,Shale,0.2286,Moderate,False,38.84,0.21,69,UNDER 100,57.2
Targa Midstream Services LLC - Stingray Gas Plant,FLIGHT,Natural Gas Processing,High,,211112,,False,,,29.76167,-93.60972,LA,165.08,False,31.23567,-93.81496,Texas,primacy,164.4,4463,4529,Sedimentary,Shale,0.2286,Moderate,False,38.06,0.78,69,UNDER 100,57.2
VR 265 A-DRL & A-PRD (Complex ID # 20734),FLIGHT,Natural Gas Processing,High,,211120,,False,,,28.51245,-92.45182,LA,330.09,False,31.23567,-93.81496,Texas,primacy,164.4,4463,4529,Sedimentary,Shale,0.2286,Moderate,False,211.56,127.59,69,UNDER 100,57.2
VR 371 A (Complex ID # 27021),FLIGHT,Natural Gas Processing,High,,211111,,False,,,28.10777,-92.4451,LA,372.12,False,31.23567,-93.81496,Texas,primacy,164.4,4463,4529,Sedimentary,Shale,0.2286,Moderate,False,246.13,172.49,69,UNDER 100,57.2
"W&T Offshore, Inc.: EC 321 A",FLIGHT,Natural Gas Processing,High,,211120,,False,,,28.21983,-92.79439,LA,349.52,False,31.23567,-93.81496,Texas,primacy,164.4,4463,4529,Sedimentary,Shale,0.2286,Moderate,False,216.4,165.15,69,UNDER 100,57.2
Area 11B CGP,FLIGHT,Natural Gas Processing,High,,213112,,False,,,28.62348,-97.99428,TX,44.73,True,28.97953,-98.20803,Texas,primacy,163.8,4506,4971,Sedimentary,Shale,0.8989,Severe,False,136.09,12.05,345,345,57.1
Area 31 CGP Facility,FLIGHT,Natural Gas Processing,High,,213112,,False,,,28.62348,-97.99428,TX,44.73,True,28.97953,-98.20803,Texas,primacy,163.8,4506,4971,Sedimentary,Shale,0.8989,Severe,False,136.09,12.05,345,345,57.1
Area 41 CGP Facility,FLIGHT,Natural Gas Processing,High,,213112,,False,,,28.65164,-98.00084,TX,41.67,True,28.97953,-98.20803,Texas,primacy,163.8,4506,4971,Sedimentary,Shale,0.8989,Severe,False,136.31,8.95,345,345,57.1
Area 61 CGP Facility,FLIGHT,Natural Gas Processing,High,,213112,,False,,,28.62348,-97.99428,TX,44.73,True,28.97953,-98.20803,Texas,primacy,163.8,4506,4971,Sedimentary,Shale,0.8989,Severe,False,136.09,12.05,345,345,57.1
Area 81 CGP Facility,FLIGHT,Natural Gas Processing,High,,213112,,False,,,28.62348,-97.99428,TX,44.73,True,28.97953,-98.20803,Texas,primacy,163.8,4506,4971,Sedimentary,Shale,0.8989,Severe,False,136.09,12.05,345,345,57.1
Ensign Pawnee Plant-Processing,FLIGHT,Natural Gas Processing,High,,211120,,False,,,28.6222,-97.9925,TX,44.94,True,28.97953,-98.20803,Texas,primacy,163.8,4506,4971,Sedimentary,Shale,0.8989,Severe,False,135.94,12.25,345,345,57.1
Madill Plant,FLIGHT,Natural Gas Processing,High,,211130,19261,False,3.5,1-10 MW,34.08417,-96.59,OK,71.63,False,33.55448,-96.14878,Texas,primacy,152.3,4910,1175,Sedimentary,Limestone,0.3808,Moderate,False,102.3,1.2,138,100-161,57.1
NUCOR STEEL HERTFORD COUNTY,FLIGHT,Iron & Steel,Medium,,331110,216464,False,39.0,20-50 MW,36.35522,-76.81115,NC,14.83,True,36.31199,-76.65452,North Carolina,federal,153.1,4890,596,Unconsolidated,Unconsolidated,0.2573,Moderate,False,1213.76,7.49,230,220-287,57.1
Oxford Station,FLIGHT,Natural Gas Processing,High,,486210,55953,False,10.1,10-20 MW,41.48589,-73.1205,CT,18.02,True,41.38831,-72.94787,Connecticut,federal,150.1,4996,0,,,0.1441,Low,False,1762.94,0.03,115,100-161,57.0
"Valero Renewable Fuels Campany LLC, dba Valero Albion Plant",FLIGHT,Ethanol,High,,325193,188635,False,34.0,20-50 MW,41.6775,-97.98222,NE,78.04,False,41.13763,-97.38433,Nebraska,application,150.2,4994,856,Sedimentary,Shale,0.4155,High,False,551.71,1.02,115,100-161,57.0
ANR Pipeline Brownsville CS,FLIGHT,Natural Gas Processing,High,,486210,38551,False,6.9,1-10 MW,35.63133,-89.18937,TN,17.28,True,35.68528,-89.01004,Tennessee,federal,154.6,4835,3125,Unconsolidated,Unconsolidated,0.1785,Low,False,344.19,5.55,161,100-161,56.9
Cliffside Crude Helium Enrichment Unit,FLIGHT,Industrial Gas,High,,325120,19925,False,3.6,1-10 MW,35.35372,-101.99322,TX,80.05,False,35.37193,-102.87567,Texas,primacy,150.9,4970,1678,Sedimentary,Shale,0.2814,Moderate,False,61.21,0.43,69,UNDER 100,56.9
TRANSCO STATION 90,FLIGHT,Natural Gas Processing,High,,486210,183986,False,33.2,20-50 MW,32.20244,-87.94792,AL,78.12,False,31.61169,-87.49992,Alabama,application,151.7,4936,4034,Sedimentary,Shale,0.1102,Low,False,92.69,4.4,115,100-161,56.9
JSW Steel (USA) Inc.,FLIGHT,Iron & Steel,Medium,,331110,79668,False,14.4,10-20 MW,29.69885,-94.90022,TX,187.72,False,31.23567,-94.08952,Texas,primacy,167.3,4361,4815,,,0.2174,Moderate,True,23.08,1.24,138,100-161,56.8
"KAAPA Ethanol Ravenna, LLC",FLIGHT,Ethanol,High,,325193,186225,False,33.6,20-50 MW,41.02375,-98.87511,NE,125.59,False,41.13763,-97.38433,Nebraska,application,150.2,4994,856,Sedimentary,Shale,0.4155,High,False,465.85,3.97,69,UNDER 100,56.8
ADM Southport,FLIGHT,Petrochemicals,Medium,,325199,82308,False,14.8,10-20 MW,33.94516,-78.00117,NC,2.91,True,33.9305,-78.02736,North Carolina,federal,151.1,4962,1001,Unconsolidated,Unconsolidated,0.1469,Low,False,1034.21,0.28,230,220-287,56.7
DU PONT PONTCHARTRAIN WORKS,FLIGHT,Petrochemicals,Medium,,325110,100340,False,18.1,10-20 MW,30.0589,-90.5241,LA,276.61,False,32.36374,-91.61842,Louisiana,primacy,154.4,4827,4846,Unconsolidated,Unconsolidated,0.493,High,True,21.9,0.84,230,220-287,56.7
Deltech Monomers OpCo,FLIGHT,Petrochemicals,Medium,,325199,100627,False,18.1,10-20 MW,30.55336,-91.20243,LA,205.13,False,32.36374,-91.61842,Louisiana,primacy,154.4,4827,4846,Unconsolidated,Unconsolidated,0.493,High,True,15.56,0.35,-999999,UNDER 100,56.7
"LLOX, L.L.C. - Gulf Coast Basin (220) - Offshore Production",FLIGHT,Natural Gas Processing,High,,211120,18305,False,3.3,1-10 MW,30.45011,-90.13805,LA,254.02,False,32.42641,-91.48114,Louisiana,primacy,150.2,4991,4440,Unconsolidated,Unconsolidated,0.4954,High,False,63.31,0.98,230,220-287,56.7
LUBRIZOL DEER PARK PLANT,FLIGHT,Petrochemicals,Medium,,325199,102178,False,18.4,10-20 MW,29.71747,-95.11328,TX,194.78,False,29.98226,-97.10976,Texas,primacy,153.2,4864,3824,,,0.4857,High,True,18.29,0.1,138,100-161,56.7
OXY VINYLS LP - Deer Park VCM Facility,FLIGHT,Petrochemicals,Medium,,325199,79967,False,14.4,10-20 MW,29.72489,-95.11254,TX,194.45,False,31.29834,-94.22681,Texas,primacy,166.4,4403,4923,Sedimentary,Shale,0.2172,Moderate,True,19.09,0.18,138,100-161,56.7
Delaware Compressor Station,FLIGHT,Natural Gas Processing,High,,211111,,False,,,31.59566,-104.07326,TX,64.6,False,31.11033,-103.69937,Texas,primacy,160.8,4644,4586,,,0.728,Severe,False,36.33,28.1,138,100-161,56.6
Fairway Gas Plant,FLIGHT,Natural Gas Processing,High,,211111,,False,,,32.08356,-95.58173,TX,51.04,False,32.36374,-96.01149,Texas,primacy,160.9,4589,4138,Sedimentary,Shale,0.2937,Moderate,False,271.24,3.66,345,345,56.6
Rain CII CARBON LLC - NORCO COKE PLANT,FLIGHT,Petroleum Refining,Medium,,324199,98951,False,17.8,10-20 MW,30.00235,-90.39711,LA,287.12,False,32.36374,-91.61842,Louisiana,primacy,154.4,4827,4846,Unconsolidated,Unconsolidated,0.493,High,True,9.99,0.47,-999999,NOT AVAILABLE,56.6
Waha Gas Plant,FLIGHT,Natural Gas Processing,High,,211111,,False,,,31.15997,-103.10484,TX,56.85,False,31.11033,-103.69937,Texas,primacy,160.8,4644,4586,,,0.728,Severe,False,42.49,7.16,69,UNDER 100,56.6
WILGATH (FORMERLY ROC GAS) - SAGEBRUSH,FLIGHT,Natural Gas Processing,High,,213112,,False,,,39.85031,-108.48238,CO,25.52,True,39.82154,-108.77886,Colorado,application,163.6,4558,2917,,,0.1092,Low,False,43.82,7.18,115,100-161,56.5
DEMENNO KERDOON,FLIGHT,Petroleum Refining,Medium,,324199,24756,False,4.5,1-10 MW,33.91012,-118.22191,CA,5.43,True,33.86783,-118.25142,California,federal,200.7,3466,16,Unconsolidated,Unconsolidated,0.6491,High,False,895.76,3.37,230,220-287,56.4
"Kinder Morgan Altamont LLC Altamont Gas Plant, Altamont, UT",FLIGHT,Natural Gas Processing,High,,211130,79355,False,14.3,10-20 MW,40.35932,-110.28605,UT,30.8,True,40.63626,-110.28897,Utah,application,150.1,4998,0,Unconsolidated,Unconsolidated,0.1785,Low,False,79.27,2.88,69,UNDER 100,56.4
LHOIST NORTH AMERICA -  NATIVIDAD PLANT,FLIGHT,Lime,Medium,,327410,2872,False,0.5,<1 MW,36.74743,-121.60558,CA,5.3,True,36.75068,-121.54622,California,federal,213.3,3311,0,Igneous,Granite,0.2036,Moderate,False,1101.64,1.27,115,100-161,56.4
Aux Sable Midstream - Palermo Conditioning Plant,FLIGHT,Natural Gas Processing,High,,211130,12825,False,2.3,1-10 MW,48.30117,-102.22097,ND,41.13,True,47.96872,-102.46382,North Dakota,primacy,150.8,4961,4509,Sedimentary,Shale,0.1481,Low,False,49.14,2.97,115,100-161,56.3
Corteva agriscience - Pittsburg Operations,FLIGHT,Petrochemicals,Medium,,325199,26221,False,4.7,1-10 MW,38.02313,-121.85535,CA,10.22,True,38.06677,-121.95807,California,federal,230.8,2956,3,Other,Water,0.5641,High,False,1090.9,0.45,115,100-161,56.2
GRAYMONT WESTERN US INC,FLIGHT,Lime,Medium,,327410,,False,,,47.27137,-122.39726,WA,2.25,True,47.27935,-122.36992,Washington,federal,192.9,3762,60,Unconsolidated,Unconsolidated,0.1349,Low,False,1142.45,0.35,115,100-161,56.2
Gold Bond - APL Plant,FLIGHT,Minerals,Medium,,327420,76810,False,13.8,10-20 MW,27.79953,-82.3844,FL,3.74,True,27.78878,-82.42043,Florida,federal,156.8,4754,3226,,,0.1812,Low,False,754.63,0.39,230,220-287,56.2
LAFARGE NORTH AMERICA INC SEATTLE,FLIGHT,Cement,Medium,,327310,,False,,,47.55358,-122.34442,WA,3.24,True,47.53003,-122.36992,Washington,federal,199.8,3642,7,,,0.1226,Low,False,1153.58,0.65,230,220-287,56.2
"SNG Station 5216 Bay Springs, MS",FLIGHT,Natural Gas Processing,High,,486210,65477,False,11.8,10-20 MW,31.94911,-89.31318,MS,175.45,False,31.61169,-87.49992,Alabama,application,151.7,4936,4034,Sedimentary,Shale,0.1102,Low,True,11.94,3.52,115,100-161,56.2
"Copano Field Services/North Texas, Saint Jo Processing Plant Montague, TX",FLIGHT,Natural Gas Processing,High,,211130,,False,,,33.63,-97.62822,TX,78.91,False,33.17846,-96.97248,Texas,primacy,157.1,4715,529,Sedimentary,Shale,0.2655,Moderate,False,88.96,0.82,138,100-161,56.1
East Bowie Compressor Station,FLIGHT,Natural Gas Processing,High,,211111,,False,,,33.58142,-97.76948,TX,86.51,False,33.17846,-96.97248,Texas,primacy,157.1,4715,529,Sedimentary,Shale,0.2655,Moderate,False,95.34,0.58,138,100-161,56.1
Emigrant Trail Gas Plant,FLIGHT,Natural Gas Processing,High,,211112,,False,,,41.39688,-110.08938,WY,74.97,False,41.38831,-109.19071,Wyoming,primacy,157.1,4764,3311,,,0.1292,Low,False,35.65,8.31,46,UNDER 100,56.1
GORDON GAS PROCESSING PLANT,FLIGHT,Natural Gas Processing,High,,211130,11862,False,2.1,1-10 MW,32.5389,-98.33863,TX,50.63,False,32.2384,-97.93346,Texas,primacy,150.4,4982,2225,,,0.2563,Moderate,False,171.42,8.02,69,UNDER 100,56.1
Henderson Compressor Station,FLIGHT,Natural Gas Processing,High,,486210,,False,,,33.58507,-97.65654,TX,77.96,False,33.17846,-96.97248,Texas,primacy,157.1,4715,529,Sedimentary,Shale,0.2655,Moderate,False,94.01,3.22,138,100-161,56.1
SEAWATER INJECTION PLANT,FLIGHT,Natural Gas Processing,High,,211120,215845,False,38.9,20-50 MW,70.26053,-148.44687,AK,2735.48,False,48.90878,-122.64449,Washington,federal,194.0,3771,33,Unconsolidated,Unconsolidated,0.0927,Very low/none,False,3272.17,584.75,138,100-161,56.1
Saint Jo Compressor Station,FLIGHT,Natural Gas Processing,High,,486210,,False,,,33.72218,-97.54639,TX,80.56,False,33.17846,-96.97248,Texas,primacy,157.1,4715,529,Sedimentary,Shale,0.2655,Moderate,False,79.01,1.47,69,UNDER 100,56.1
Superior Pipeline Company - Reeding Plant,FLIGHT,Natural Gas Processing,High,,211130,66043,False,11.9,10-20 MW,35.76936,-97.69185,OK,176.41,False,35.74795,-95.73693,Oklahoma,application,150.8,4970,1341,Sedimentary,Sandstone,0.1588,Low,True,8.83,2.95,345,345,56.1
Targa Midstream Services LLC - New Harp Compressor Station,FLIGHT,Natural Gas Processing,High,,211112,,False,,,33.4586,-97.6124,TX,67.13,False,33.17846,-96.97248,Texas,primacy,157.1,4715,529,Sedimentary,Shale,0.2655,Moderate,False,108.02,10.05,138,100-161,56.1
Targa Midstream Services LLC - Sitz Compressor Station,FLIGHT,Natural Gas Processing,High,,211112,,False,,,33.30305,-97.40379,TX,42.44,True,33.17846,-96.97248,Texas,primacy,157.1,4715,529,Sedimentary,Shale,0.2655,Moderate,False,126.91,8.97,345,345,56.1
"Targa Midstream Services, LLC - Waggoner Compressor Station",FLIGHT,Natural Gas Processing,High,,211112,,False,,,33.29339,-97.46273,TX,47.35,True,33.17846,-96.97248,Texas,primacy,157.1,4715,529,Sedimentary,Shale,0.2655,Moderate,False,127.23,9.15,138,100-161,56.1
XTO - Berwyn Compressor Station,FLIGHT,Natural Gas Processing,High,,211111,,False,,,34.16812,-97.13594,OK,111.08,False,33.17846,-96.97248,Texas,primacy,157.1,4715,529,Sedimentary,Shale,0.2655,Moderate,False,53.26,0.71,-999999,UNDER 100,56.1
MEGlobal Oyster Creek,FLIGHT,Petrochemicals,Medium,,325199,188017,False,33.9,20-50 MW,28.98023,-95.33366,TX,200.68,False,29.6689,-97.24704,Texas,primacy,164.0,4489,4312,Sedimentary,Shale,0.3138,Moderate,False,53.64,1.61,138,100-161,56.0
Roberson Compressor Station,FLIGHT,Natural Gas Processing,High,,486210,,False,,,41.6964,-110.3658,WY,63.62,False,42.2657,-110.28897,Wyoming,primacy,156.3,4786,4703,Unconsolidated,Unconsolidated,0.0939,Very low/none,False,32.27,2.89,230,220-287,55.9
SHOLEM GAS PLANT,FLIGHT,Natural Gas Processing,High,,211130,65652,False,11.8,10-20 MW,34.4942,-97.5864,OK,145.15,False,34.55721,-99.16901,Oklahoma,application,150.3,4990,995,Unconsolidated,Unconsolidated,0.4771,High,True,3.21,2.57,69,UNDER 100,55.9
BEAUMONT POLYETHYLENE PLANT,FLIGHT,Petrochemicals,Medium,,325211,68634,False,12.4,10-20 MW,30.06371,-94.2184,TX,130.9,False,31.23567,-94.08952,Texas,primacy,167.3,4361,4815,,,0.2174,Moderate,True,14.61,0.84,69,UNDER 100,55.8
GOODWAY REFINING LLC,FLIGHT,Petroleum Refining,Medium,,324110,8772,False,1.6,1-10 MW,31.1761,-87.43827,AL,7.2,True,31.173,-87.36263,Alabama,application,151.3,4953,4895,Unconsolidated,Unconsolidated,0.1273,Low,False,139.74,0.8,-999999,100-161,55.8
TYLER PIPE COMPANY,FLIGHT,Iron & Steel,Medium,,331511,64144,False,11.6,10-20 MW,32.43442,-95.36285,TX,29.33,True,32.42641,-95.05051,Texas,primacy,165.2,4437,4998,Sedimentary,Shale,0.2052,Moderate,False,294.77,0.8,138,100-161,55.8
Tatums Compressor Station,FLIGHT,Natural Gas Processing,High,,486210,64448,False,11.6,10-20 MW,34.52128,-97.47589,OK,155.13,False,34.55721,-99.16901,Oklahoma,application,150.3,4990,995,Unconsolidated,Unconsolidated,0.4771,High,True,13.39,3.0,69,UNDER 100,55.8
Beaver Compressor Station,FLIGHT,Natural Gas Processing,High,,486210,58424,False,10.5,10-20 MW,36.61706,-100.42527,OK,224.8,False,37.44006,-102.73838,Colorado,application,152.8,4901,1942,Sedimentary,Shale,0.2441,Moderate,True,1.8,0.95,69,UNDER 100,55.7
BioUrja Renewables LLC,FLIGHT,Ethanol,High,,325193,269843,False,48.6,20-50 MW,40.6776,-89.6069,IL,211.09,False,38.81881,-90.1083,Illinois,federal,159.6,4678,984,,,0.2823,Moderate,False,656.82,1.09,138,100-161,55.7
Grady Gas Plant,FLIGHT,Natural Gas Processing,High,,211130,63400,False,11.4,10-20 MW,34.78298,-97.68319,OK,138.18,False,34.55721,-99.16901,Oklahoma,application,150.3,4990,995,Unconsolidated,Unconsolidated,0.4771,High,True,3.67,1.92,69,UNDER 100,55.7
Meeker Compressor Station,FLIGHT,Natural Gas Processing,High,,486210,8411,False,1.5,1-10 MW,39.89177,-108.29044,CO,29.45,True,39.63353,-108.36701,Colorado,application,179.2,4084,4674,Sedimentary,Sandstone,0.2643,Moderate,False,55.37,3.46,230,220-287,55.7
North Terrebonne Gas Plant,FLIGHT,Natural Gas Processing,High,,211130,,False,,,29.6257,-90.9289,LA,311.47,False,32.36374,-91.61842,Louisiana,primacy,154.4,4827,4846,Unconsolidated,Unconsolidated,0.493,High,False,48.35,0.71,138,100-161,55.7
Station 523 (Cocodrie Compressor Station),FLIGHT,Natural Gas Processing,High,,486210,,False,,,29.24884,-90.66038,LA,358.24,False,32.36374,-91.61842,Louisiana,primacy,154.4,4827,4846,Unconsolidated,Unconsolidated,0.493,High,False,68.81,15.88,-999999,220-287,55.7
Texas Gas Transmission - Covington Station,FLIGHT,Natural Gas Processing,High,,486210,19999,False,3.6,1-10 MW,35.56424,-89.64646,TN,16.44,True,35.4346,-89.55917,Tennessee,federal,151.7,4935,4438,Unconsolidated,Unconsolidated,0.2394,Moderate,False,325.77,1.99,161,100-161,55.6
CertainTeed Gypsum,FLIGHT,Minerals,Medium,,327420,,False,,,36.04857,-115.38215,NV,1.88,True,36.06131,-115.36846,Nevada,federal,185.9,3649,982,Unconsolidated,Unconsolidated,0.5218,High,False,566.96,0.39,-999999,NOT AVAILABLE,55.5
Longhorn Gas Plant,FLIGHT,Natural Gas Processing,High,,211130,,False,,,33.31093,-97.52678,TX,51.32,False,32.8651,-97.38433,Texas,primacy,153.4,4852,3330,Sedimentary,Limestone,0.2834,Moderate,False,124.74,6.44,138,100-161,55.5
WHRMC - ARKLA BASIN-ONSHORE PRODUCTION,FLIGHT,Natural Gas Processing,High,,211111,,False,,,29.77261,-95.51449,TX,155.57,False,29.98226,-97.10976,Texas,primacy,153.2,4864,3824,,,0.4857,High,False,38.04,1.54,138,100-161,55.5
B117 COMPRESSOR STATION,FLIGHT,Natural Gas Processing,High,,486210,,False,,,33.16839,-97.8504,TX,41.01,True,32.80243,-97.79618,Texas,primacy,152.7,4881,2667,Sedimentary,Sandstone,0.2995,Moderate,False,141.87,1.26,138,100-161,55.4
Beaver Gas Plant,FLIGHT,Natural Gas Processing,High,,211130,55505,False,10.0,10-20 MW,36.72641,-100.29269,OK,231.0,False,37.44006,-102.73838,Colorado,application,152.8,4901,1942,Sedimentary,Shale,0.2441,Moderate,True,16.97,12.84,69,UNDER 100,55.4
EOG Resources South Bowie Compressor Station,FLIGHT,Natural Gas Processing,High,,486210,,False,,,33.49488,-97.75491,TX,77.09,False,32.80243,-97.79618,Texas,primacy,152.7,4881,2667,Sedimentary,Sandstone,0.2995,Moderate,False,104.71,6.23,138,100-161,55.4
Graham Ranch Compressor Station,FLIGHT,Natural Gas Processing,High,,486210,,False,,,33.16839,-97.8504,TX,41.01,True,32.80243,-97.79618,Texas,primacy,152.7,4881,2667,Sedimentary,Sandstone,0.2995,Moderate,False,141.87,1.26,138,100-161,55.4
Lateral A Compressor Station,FLIGHT,Natural Gas Processing,High,,486210,,False,,,33.30237,-97.8504,TX,55.82,False,32.80243,-97.79618,Texas,primacy,152.7,4881,2667,Sedimentary,Sandstone,0.2995,Moderate,False,127.16,1.88,138,100-161,55.4
MCFS-CONWAY FRACTIONATOR,FLIGHT,Natural Gas Processing,High,,211130,170446,False,30.7,20-50 MW,38.37911,-97.83358,KS,309.13,False,41.13763,-97.38433,Nebraska,application,150.2,4994,856,Sedimentary,Shale,0.4155,High,False,204.2,1.05,115,100-161,55.4
SONORA GAS PLANT,FLIGHT,Natural Gas Processing,High,,211130,,False,,,30.56,-100.5881,TX,41.61,True,30.35828,-100.9537,Texas,primacy,152.4,4900,3634,Unconsolidated,Unconsolidated,0.2674,Moderate,False,121.99,4.81,69,UNDER 100,55.4
Targa Midstream Services LLC - Shackelford Gas Plant,FLIGHT,Natural Gas Processing,High,,211112,,False,,,32.85903,-99.22117,TX,133.29,False,32.80243,-97.79618,Texas,primacy,152.7,4881,2667,Sedimentary,Sandstone,0.2995,Moderate,False,81.66,14.7,345,345,55.4
"Targa Midstream Services, LLC - East Chico Compressor Station",FLIGHT,Natural Gas Processing,High,,211112,,False,,,33.3146,-97.77124,TX,57.0,False,32.80243,-97.79618,Texas,primacy,152.7,4881,2667,Sedimentary,Sandstone,0.2995,Moderate,False,124.8,3.11,138,100-161,55.4
"Monroe Energy, LLC, Trainer Refinery",FLIGHT,Petroleum Refining,Medium,,324110,1213827,False,218.7,>=100 MW,39.8228,-75.4033,PA,36.67,True,39.6962,-75.00712,New Jersey,federal,150.0,5000,728,Unconsolidated,Unconsolidated,0.1142,Low,False,1500.87,0.33,69,UNDER 100,55.3
XTO - Cook Compressor Station,FLIGHT,Natural Gas Processing,High,,211111,,False,,,34.24532,-97.03433,OK,112.16,False,33.55448,-96.14878,Texas,primacy,152.3,4910,1175,Sedimentary,Limestone,0.3808,Moderate,False,57.68,6.74,138,100-161,55.3
XTO - Pettijohn Compressor Station,FLIGHT,Natural Gas Processing,High,,211111,,False,,,34.1492,-96.7879,OK,88.64,False,33.55448,-96.14878,Texas,primacy,152.3,4910,1175,Sedimentary,Limestone,0.3808,Moderate,False,82.7,1.69,138,100-161,55.3
"MONUMENT CHEMICAL HOUSTON, LLC",FLIGHT,Petrochemicals,Medium,,325199,63500,False,11.4,10-20 MW,29.75487,-95.10327,TX,191.06,False,31.29834,-94.22681,Texas,primacy,166.4,4403,4923,Sedimentary,Shale,0.2172,Moderate,True,22.53,0.62,138,100-161,55.2
Munson Plant,FLIGHT,Natural Gas Processing,High,,211112,,False,,,31.15894,-101.09661,TX,72.41,False,30.60896,-101.50283,Texas,primacy,151.5,4939,3464,,,0.2688,Moderate,False,85.75,0.34,69,UNDER 100,55.2
TARGA ROCKER B COMPRESSOR STATION,FLIGHT,Natural Gas Processing,High,,211111,,False,,,31.26942,-101.389,TX,74.24,False,30.60896,-101.50283,Texas,primacy,151.5,4939,3464,,,0.2688,Moderate,False,61.34,10.75,69,UNDER 100,55.2
Westlake Chemicals & Vinyls LLC,FLIGHT,Petrochemicals,Medium,,325110,66917,False,12.1,10-20 MW,30.25222,-93.28444,LA,120.54,False,31.23567,-93.81496,Texas,primacy,164.4,4463,4529,Sedimentary,Shale,0.2286,Moderate,True,10.81,0.35,138,100-161,55.2
ADM CORN PROCESSING,FLIGHT,Ethanol,High,,325193,,False,,,48.9108,-97.88874,ND,339.02,False,47.84338,-102.18925,North Dakota,primacy,150.8,4963,4365,Sedimentary,Shale,0.2665,Moderate,False,339.16,16.65,115,100-161,55.1
Bayport Polymers LLC - HDPE Plant,FLIGHT,Petrochemicals,Medium,,325211,61724,False,11.1,10-20 MW,29.63515,-95.0576,TX,200.71,False,31.23567,-94.08952,Texas,primacy,167.3,4361,4815,,,0.2174,Moderate,True,13.62,0.83,138,100-161,55.1
Coalinga,FLIGHT,Natural Gas Processing,High,,211111,,False,,,36.28925,-120.30213,CA,22.56,True,36.12398,-120.44795,California,federal,200.8,3719,662,Sedimentary,Sandstone,0.2517,Moderate,False,993.47,0.81,60,UNDER 100,55.1
Great Lakes Gas Transmission Pipeline St Vincent CS#1,FLIGHT,Natural Gas Processing,High,,486210,,False,,,48.99026,-97.06051,MN,399.32,False,47.84338,-102.18925,North Dakota,primacy,150.8,4963,4365,Sedimentary,Shale,0.2665,Moderate,False,396.99,15.88,230,220-287,55.1
"HILL LAKE GAS STORAGE, LLC",FLIGHT,Natural Gas Processing,High,,486210,,False,,,32.49838,-99.0213,TX,106.18,False,32.2384,-97.93346,Texas,primacy,150.4,4982,2225,,,0.2563,Moderate,False,120.06,12.09,69,UNDER 100,55.1
Indian Creek Gas Plant,FLIGHT,Natural Gas Processing,High,,211112,,False,,,35.89946,-100.83068,TX,193.89,False,35.37193,-102.87567,Texas,primacy,150.9,4970,1678,Sedimentary,Shale,0.2814,Moderate,False,33.4,16.49,69,UNDER 100,55.1
PARAMOUNT PETROLEUM CORPORATION,FLIGHT,Petroleum Refining,Medium,,324110,,False,,,33.89954,-118.15141,CA,4.87,True,33.9305,-118.11413,California,federal,203.1,3476,28,Unconsolidated,Unconsolidated,0.7992,Severe,False,890.51,0.06,66,UNDER 100,55.1
GERDAU AMERISTEEL,FLIGHT,Iron & Steel,Medium,,331110,88005,False,15.9,10-20 MW,35.72409,-88.81766,TN,5.64,True,35.74795,-88.87275,Tennessee,federal,154.7,4838,2939,Unconsolidated,Unconsolidated,0.2125,Moderate,False,365.99,0.99,161,100-161,55.0
Galveston Crude Processing Unit,FLIGHT,Petroleum Refining,Medium,,324110,59783,False,10.8,10-20 MW,29.29923,-94.83014,TX,226.76,False,31.23567,-94.08952,Texas,primacy,167.3,4361,4815,,,0.2174,Moderate,True,21.93,0.45,138,100-161,55.0
Hartree Channelview Facility,FLIGHT,Petroleum Refining,Medium,,324110,61325,False,11.0,10-20 MW,29.76764,-95.10514,TX,189.86,False,31.29834,-94.22681,Texas,primacy,166.4,4403,4923,Sedimentary,Shale,0.2172,Moderate,True,23.82,0.92,138,100-161,55.0
"SNG Station 5130 Pearl River, MS",FLIGHT,Natural Gas Processing,High,,486210,,False,,,31.3168,-90.04051,MS,183.65,False,32.42641,-91.48114,Louisiana,primacy,150.2,4991,4440,Unconsolidated,Unconsolidated,0.4954,High,False,36.84,6.23,69,UNDER 100,55.0
GEORGIA PACIFIC GYPSUM,FLIGHT,Minerals,Medium,,327420,57332,False,10.3,10-20 MW,32.07711,-81.05077,GA,2.99,True,32.05039,-81.04759,Georgia,federal,154.9,4820,1213,Unconsolidated,Unconsolidated,0.1967,Low,False,728.51,0.35,-999999,UNDER 100,54.9
"POET- Biorefining Fairmont, LLC",FLIGHT,Ethanol,High,,325193,164763,False,29.7,20-50 MW,40.61137,-97.6014,NE,61.3,False,41.13763,-97.38433,Nebraska,application,150.2,4994,856,Sedimentary,Shale,0.4155,High,False,429.24,1.35,115,100-161,54.9
Valero Wilmington Asphalt Plant,FLIGHT,Petroleum Refining,Medium,,324110,16324,False,2.9,1-10 MW,33.79699,-118.23971,CA,6.16,True,33.74249,-118.25142,California,federal,200.7,3506,24,Other,Water,0.6722,High,False,903.02,0.55,66,UNDER 100,54.9
AMERICAN ACRYL PASADENA,FLIGHT,Petrochemicals,Medium,,325199,81719,False,14.7,10-20 MW,29.60898,-95.05423,TX,202.64,False,29.98226,-97.10976,Texas,primacy,153.2,4864,3824,,,0.4857,High,True,11.54,0.45,138,100-161,54.8
ARKEMA INC CLEAR LAKE,FLIGHT,Petrochemicals,Medium,,325110,81833,False,14.7,10-20 MW,29.62139,-95.06389,TX,201.44,False,29.98226,-97.10976,Texas,primacy,153.2,4864,3824,,,0.4857,High,True,12.04,0.78,138,100-161,54.8
Ryan Gulch Compressor Station,FLIGHT,Natural Gas Processing,High,,213112,,False,,,39.8981,-108.3347,CO,29.55,True,39.63353,-108.36701,Colorado,application,179.2,4084,4674,Sedimentary,Sandstone,0.2643,Moderate,False,51.66,5.16,230,220-287,54.8
Southern Star -Hugoton Compressor Station,FLIGHT,Natural Gas Processing,High,,486210,47062,False,8.5,1-10 MW,37.27166,-100.85588,KS,167.44,False,37.44006,-102.73838,Colorado,application,152.8,4901,1942,Sedimentary,Shale,0.2441,Moderate,True,19.15,6.52,69,UNDER 100,54.7
TIMKENSTEEL CORP (1576000613),FLIGHT,Iron & Steel,Medium,,331110,320347,False,57.7,50-100 MW,40.7805,-81.39726,OH,26.3,True,41.01228,-81.45944,Ohio,federal,150.8,4973,2321,Sedimentary,Shale,0.1804,Low,False,1196.02,1.75,138,100-161,54.7
F&H Compressor Station,FLIGHT,Natural Gas Processing,High,,213112,,False,,,34.89494,-95.40184,OK,25.61,True,35.05858,-95.59964,Oklahoma,application,150.6,4978,4437,Sedimentary,Shale,0.1688,Low,False,202.72,2.09,69,UNDER 100,54.5
CERTAINTEED GYPSUM NASHVILLE,FLIGHT,Minerals,Medium,,327420,55371,False,10.0,10-20 MW,34.07269,-93.90225,AR,4.97,True,34.05585,-93.95224,Arkansas,federal,165.8,4452,232,,,0.2383,Moderate,False,279.81,4.69,-999999,NOT AVAILABLE,54.4
Covestro LLC,FLIGHT,Petrochemicals,Medium,,325211,53071,False,9.6,1-10 MW,29.7575,-94.90306,TX,181.91,False,31.23567,-94.08952,Texas,primacy,167.3,4361,4815,,,0.2174,Moderate,True,28.38,0.38,138,100-161,54.4
EXXONMOBIL CHEMICAL CO - BATON ROUGE PLASTICS PLANT,FLIGHT,Petrochemicals,Medium,,325211,74313,False,13.4,10-20 MW,30.55095,-91.17525,LA,205.91,False,32.36374,-91.61842,Louisiana,primacy,154.4,4827,4846,Unconsolidated,Unconsolidated,0.493,High,True,17.78,0.03,230,220-287,54.4
Hildreth,FLIGHT,Natural Gas Processing,High,,486210,62119,False,11.2,10-20 MW,30.07284,-82.88451,FL,21.74,True,30.1076,-83.10685,Florida,federal,153.4,4875,1104,Sedimentary,Limestone,0.254,Moderate,False,590.0,1.12,115,100-161,54.4
NUCOR STEEL JACKSON INC,FLIGHT,Iron & Steel,Medium,,331110,81932,False,14.8,10-20 MW,32.31217,-90.13728,MS,126.85,False,32.42641,-91.48114,Louisiana,primacy,150.2,4991,4440,Unconsolidated,Unconsolidated,0.4954,High,True,18.47,0.45,-999999,100-161,54.4
Alon Bakersfield Refining,FLIGHT,Petroleum Refining,Medium,,324110,14704,False,2.6,1-10 MW,35.3809,-119.07242,CA,1.03,True,35.37193,-119.07512,California,federal,163.6,4393,2832,Unconsolidated,Unconsolidated,0.1932,Low,False,907.73,0.61,115,100-161,54.3
Velma Gas Plant,FLIGHT,Natural Gas Processing,High,,211130,46911,False,8.5,1-10 MW,34.4615,-97.6905,OK,135.89,False,34.55721,-99.16901,Oklahoma,application,150.3,4990,995,Unconsolidated,Unconsolidated,0.4771,High,True,2.28,0.21,138,100-161,54.3
DCP MIDSTREAM LP/KINGFISHER NATURAL G,FLIGHT,Natural Gas Processing,High,,211130,45400,False,8.2,1-10 MW,35.7892,-97.7445,OK,181.18,False,35.74795,-95.73693,Oklahoma,application,150.8,4970,1341,Sedimentary,Sandstone,0.1588,Low,True,4.06,1.77,69,UNDER 100,54.2
IFF CHEMICAL HOLDINGS INC,FLIGHT,Petrochemicals,Medium,,325199,30163,False,5.4,1-10 MW,30.34774,-81.7494,FL,1.89,True,30.35828,-81.73401,Florida,federal,159.4,4674,1258,Unconsolidated,Unconsolidated,0.232,Moderate,False,685.23,0.65,69,UNDER 100,54.2
Sherwood Gas Plant,FLIGHT,Natural Gas Processing,High,,211130,268505,False,48.4,20-50 MW,39.28144,-80.69374,WV,201.68,False,41.07495,-81.04759,Ohio,federal,150.1,4998,2692,Sedimentary,Shale,0.1369,Low,False,1111.49,0.88,-999999,NOT AVAILABLE,54.2
Purefield Ingridents LLC (Russell),Ethanol(EIA),Ethanol,High,,325193,157300,True,28.3,20-50 MW,38.899,-98.4,Kansas,263.52,False,41.13763,-97.38433,Nebraska,application,150.2,4994,856,Sedimentary,Shale,0.4155,High,False,279.25,2.77,230,220-287,54.2
National Helium Plant,FLIGHT,Natural Gas Processing,High,,211130,40402,False,7.3,1-10 MW,37.1592,-100.7625,KS,177.54,False,37.44006,-102.73838,Colorado,application,152.8,4901,1942,Sedimentary,Shale,0.2441,Moderate,True,6.35,0.12,115,100-161,54.1
Cottonwood Wash/ West Compressor Station,FLIGHT,Natural Gas Processing,High,,211111,,False,,,40.0097,-109.5448,UT,27.86,True,40.19757,-109.32799,Utah,application,162.1,4604,3861,,,0.193,Low,False,42.64,11.13,138,100-161,54.0
DAK AMERICAS LLC,FLIGHT,Petrochemicals,Medium,,325211,28706,False,5.2,1-10 MW,33.05671,-79.94135,SC,0.84,True,33.05312,-79.94933,South Carolina,federal,151.8,4928,697,Unconsolidated,Unconsolidated,0.1513,Low,False,840.65,0.3,230,220-287,54.0
Blue Mountain Midstream - Chisholm Gas Plant,FLIGHT,Natural Gas Processing,High,,211130,43207,False,7.8,1-10 MW,35.30172,-97.75667,OK,153.07,False,34.55721,-99.16901,Oklahoma,application,150.3,4990,995,Unconsolidated,Unconsolidated,0.4771,High,True,2.25,3.74,138,100-161,53.9
"CIG Station 5440 Mocane, OK",FLIGHT,Natural Gas Processing,High,,486210,38707,False,7.0,1-10 MW,36.89468,-100.39561,OK,216.26,False,37.44006,-102.73838,Colorado,application,152.8,4901,1942,Sedimentary,Shale,0.2441,Moderate,True,22.5,3.75,-999999,NOT AVAILABLE,53.9
CMC Steel Florida,FLIGHT,Iron & Steel,Medium,,331110,96117,False,17.3,10-20 MW,30.28835,-81.97773,FL,6.84,True,30.23294,-82.00858,Florida,federal,150.3,4989,998,Unconsolidated,Unconsolidated,0.1372,Low,False,665.81,0.91,-999999,100-161,53.9
"COLUMBIA GULF TRANSMISSION, BANNER COMPRESSOR STATION",FLIGHT,Natural Gas Processing,High,,486210,123979,False,22.3,20-50 MW,34.10822,-89.66281,MS,37.23,True,34.43187,-89.55917,Mississippi,application,150.1,4996,3171,Sedimentary,Shale,0.1779,Low,False,170.52,4.78,161,100-161,53.9
PANHANDLE EASTERN PIPE LINE CO - LIBERAL,FLIGHT,Natural Gas Processing,High,,486210,38344,False,6.9,1-10 MW,37.09979,-100.76002,KS,179.1,False,37.44006,-102.73838,Colorado,application,152.8,4901,1942,Sedimentary,Shale,0.2441,Moderate,True,2.02,3.6,-999999,NOT AVAILABLE,53.9
"Total Petrochemicals & Refining USA, Inc.",FLIGHT,Petrochemicals,Medium,,325211,47961,False,8.6,1-10 MW,29.72649,-95.08977,TX,193.26,False,31.23567,-94.08952,Texas,primacy,167.3,4361,4815,,,0.2174,Moderate,True,20.12,0.4,69,UNDER 100,53.9
WESTLAKE VINYLS INC,FLIGHT,Petrochemicals,Medium,,325110,489941,False,88.3,50-100 MW,37.04659,-88.32708,KY,38.2,True,36.93869,-88.73547,Kentucky,federal,150.5,4982,4894,Unconsolidated,Unconsolidated,0.2555,Moderate,False,518.68,0.35,161,100-161,53.9
Bradley Gas Processing Plant,FLIGHT,Natural Gas Processing,High,,211130,42002,False,7.6,1-10 MW,34.80389,-97.70211,OK,136.91,False,34.55721,-99.16901,Oklahoma,application,150.3,4990,995,Unconsolidated,Unconsolidated,0.4771,High,True,3.57,0.94,69,UNDER 100,53.8
"SNG Station 5277 Ocmulgee, GA",FLIGHT,Natural Gas Processing,High,,486210,62352,False,11.2,10-20 MW,32.93598,-83.71269,GA,21.81,True,32.8651,-83.93055,Georgia,federal,150.3,4989,0,Metamorphic,Gneiss,0.2178,Moderate,False,492.61,1.62,115,100-161,53.8
INEOS Acetyls Chemicals Texas City Inc,FLIGHT,Petrochemicals,Medium,,325110,45803,False,8.3,1-10 MW,29.3803,-94.89404,TX,220.29,False,31.23567,-94.08952,Texas,primacy,167.3,4361,4815,,,0.2174,Moderate,True,11.03,0.74,138,100-161,53.7
Alexander City,FLIGHT,Natural Gas Processing,High,,486210,149698,False,27.0,20-50 MW,33.0055,-85.8991,AL,103.7,False,32.11306,-85.57795,Alabama,application,150.9,4964,917,Unconsolidated,Unconsolidated,0.2842,Moderate,False,303.63,0.54,230,220-287,53.6
BCE-Mach III Midstream Holdings LLC - Lincoln Gas Plant,FLIGHT,Natural Gas Processing,High,,211130,38946,False,7.0,1-10 MW,35.999,-97.8069,OK,188.58,False,35.74795,-95.73693,Oklahoma,application,150.8,4970,1341,Sedimentary,Sandstone,0.1588,Low,True,1.65,1.01,138,100-161,53.6
Dixie Chemical Company,FLIGHT,Petrochemicals,Medium,,325199,44972,False,8.1,1-10 MW,29.61202,-95.05048,TX,202.69,False,31.23567,-94.08952,Texas,primacy,167.3,4361,4815,,,0.2174,Moderate,True,12.03,0.3,138,100-161,53.6
Georgetown Facility,FLIGHT,Minerals,Medium,,327420,90035,False,16.2,10-20 MW,33.33678,-79.34833,SC,8.59,True,33.36647,-79.26291,South Carolina,federal,164.2,4528,570,Other,Water,0.1943,Low,False,899.74,0.82,115,100-161,53.6
Cashion Gas Plant,FLIGHT,Natural Gas Processing,High,,211130,37300,False,6.7,1-10 MW,35.74779,-97.65616,OK,173.2,False,35.74795,-95.73693,Oklahoma,application,150.8,4970,1341,Sedimentary,Sandstone,0.1588,Low,True,12.09,0.59,345,345,53.5
GREEN PLAINS CENTRAL CITY LLC,FLIGHT,Ethanol,High,,325193,149930,False,27.0,20-50 MW,41.1111,-97.9727,NE,49.37,True,41.13763,-97.38433,Nebraska,application,150.2,4994,856,Sedimentary,Shale,0.4155,High,False,492.18,5.48,115,100-161,53.5
SHINTECH LOUISIANA LLC - ADDIS PLANT A,FLIGHT,Petrochemicals,Medium,,325211,65015,False,11.7,10-20 MW,30.32588,-91.26173,LA,229.12,False,32.36374,-91.61842,Louisiana,primacy,154.4,4827,4846,Unconsolidated,Unconsolidated,0.493,High,True,3.32,0.21,230,220-287,53.5
Tesoro Refining & Marketing Company LLC - LAR,FLIGHT,Petroleum Refining,Medium,,324110,,False,,,33.7956,-118.2331,CA,6.14,True,33.74249,-118.25142,California,federal,200.7,3506,24,Other,Water,0.6722,High,False,902.55,0.25,66,UNDER 100,53.5
Bayer CropScience LP - Luling Site,FLIGHT,Petrochemicals,Medium,,325199,63150,False,11.4,10-20 MW,29.92444,-90.35222,LA,296.79,False,32.36374,-91.61842,Louisiana,primacy,154.4,4827,4846,Unconsolidated,Unconsolidated,0.493,High,True,1.7,1.15,230,220-287,53.4
EXXONMOBIL OIL JOLIET REFINERY,FLIGHT,Petroleum Refining,Medium,,324110,2601421,False,468.7,>=100 MW,41.4167,-88.1833,IL,332.0,False,38.81881,-90.1083,Illinois,federal,159.6,4678,984,,,0.2823,Moderate,False,801.73,1.14,765,735 AND ABOVE,53.4
ILLINOIS CEMENT CO,FLIGHT,Cement,Medium,,327310,761561,False,137.2,>=100 MW,41.32948,-89.08161,IL,292.52,False,38.81881,-90.1083,Illinois,federal,159.6,4678,984,,,0.2823,Moderate,False,735.74,2.33,-999999,NOT AVAILABLE,53.4
Lemont Refinery,FLIGHT,Petroleum Refining,Medium,,324110,1857829,False,334.7,>=100 MW,41.6439,-88.0467,IL,359.57,False,38.81881,-90.1083,Illinois,federal,159.6,4678,984,,,0.2823,Moderate,False,825.63,1.28,138,100-161,53.4
PLATFORM HERMOSA,FLIGHT,Natural Gas Processing,High,,211120,,False,,,34.45417,-120.64667,CA,25.9,True,34.61988,-120.44795,California,federal,211.9,3250,63,Sedimentary,Sandstone,0.7473,Severe,False,1076.3,27.36,115,100-161,53.4
"Leaf River Energy Center, LLC",FLIGHT,Natural Gas Processing,High,,486210,33112,False,6.0,1-10 MW,31.81798,-89.45131,MS,186.0,False,31.61169,-87.49992,Alabama,application,151.7,4936,4034,Sedimentary,Shale,0.1102,Low,True,7.57,0.7,69,UNDER 100,53.3
OXY VINYLS LP - Deer Park PVC,FLIGHT,Petrochemicals,Medium,,325211,42660,False,7.7,1-10 MW,29.72613,-95.10802,TX,194.13,False,31.29834,-94.22681,Texas,primacy,166.4,4403,4923,Sedimentary,Shale,0.2172,Moderate,True,19.38,0.5,138,100-161,53.3
"Atlantis, MMS Platform ID 02481, Complex ID 1223-1",FLIGHT,Natural Gas Processing,High,,211120,256468,False,46.2,20-50 MW,27.19546,-90.02698,LA,504.1,False,30.54629,-86.53893,Florida,federal,150.6,4980,4785,Unconsolidated,Unconsolidated,0.0994,Very low/none,False,297.4,212.81,-999999,NOT AVAILABLE,53.2
COX CITY GAS PROCESSING PLT,FLIGHT,Natural Gas Processing,High,,211130,34321,False,6.2,1-10 MW,34.79639,-97.80083,OK,127.91,False,34.55721,-99.16901,Oklahoma,application,150.3,4990,995,Unconsolidated,Unconsolidated,0.4771,High,True,10.96,0.29,138,100-161,53.1
Pasadena Plant,FLIGHT,Petrochemicals,Medium,,325199,62929,False,11.3,10-20 MW,29.69453,-95.15885,TX,190.87,False,29.98226,-97.10976,Texas,primacy,153.2,4864,3824,,,0.4857,High,True,14.69,0.9,138,100-161,53.1
SOUTHWEST IOWA RENEWABLE ENERGY,FLIGHT,Ethanol,High,,325193,145413,False,26.2,20-50 MW,41.17277,-95.8241,IA,77.61,False,41.827,-96.14878,Nebraska,application,150.3,4990,590,Sedimentary,Shale,0.3265,Moderate,False,459.6,0.56,69,UNDER 100,53.1
Green Canyon 468 A (Stampede),FLIGHT,Natural Gas Processing,High,,211120,140658,False,25.3,20-50 MW,27.50899,-90.55632,LA,509.28,False,31.23567,-87.49992,Alabama,application,152.1,4923,4902,Unconsolidated,Unconsolidated,0.1495,Low,False,259.67,180.9,-999999,NOT AVAILABLE,53.0
Gulf South Pipeline - Jasper Station,FLIGHT,Natural Gas Processing,High,,486210,30540,False,5.5,1-10 MW,31.89453,-88.96664,MS,142.2,False,31.61169,-87.49992,Alabama,application,151.7,4936,4034,Sedimentary,Shale,0.1102,Low,True,11.47,1.41,115,100-161,53.0
BRASKEM AMERICA INC - LAPORTE SITE,FLIGHT,Petrochemicals,Medium,,325211,36791,False,6.6,1-10 MW,29.70403,-95.07993,TX,194.97,False,31.23567,-94.08952,Texas,primacy,167.3,4361,4815,,,0.2174,Moderate,True,18.4,0.58,138,100-161,52.9
Southern Star-Grabham Compressor Station,FLIGHT,Natural Gas Processing,High,,486210,30986,False,5.6,1-10 MW,37.19962,-95.77212,KS,161.45,False,35.74795,-95.73693,Oklahoma,application,150.8,4970,1341,Sedimentary,Sandstone,0.1588,Low,True,23.64,1.57,69,UNDER 100,52.9
"Georgia Pacific Gypsum, LLC",FLIGHT,Minerals,Medium,,327420,36278,False,6.5,1-10 MW,36.34456,-114.92139,NV,4.6,True,36.37466,-114.95661,Nevada,federal,164.2,4507,738,Unconsolidated,Unconsolidated,0.9924,Severe,False,518.75,0.56,-999999,NOT AVAILABLE,52.8
THARALDSON ETHANOL PLANT I LLC,FLIGHT,Ethanol,High,,325193,251713,False,45.4,20-50 MW,46.90411,-97.26349,ND,304.54,False,45.27389,-94.08952,Minnesota,federal,150.5,4983,56,,,0.2105,Moderate,False,348.55,0.43,115,100-161,52.8
"Thunder Horse, MMS Platform ID 02481, Complex ID 1101-1",FLIGHT,Natural Gas Processing,High,,211120,251340,False,45.3,20-50 MW,28.191,-88.4957,LA,323.32,False,30.54629,-86.53893,Florida,federal,150.6,4980,4785,Unconsolidated,Unconsolidated,0.0994,Very low/none,False,264.37,164.82,-999999,NOT AVAILABLE,52.7
Air Products H2 SMR Plant at DCRC (Unit 37),FLIGHT,Industrial Gas,High,,325120,246813,False,44.5,20-50 MW,39.58027,-75.63111,DE,53.49,False,39.57086,-75.00712,New Jersey,federal,152.1,4925,979,Unconsolidated,Unconsolidated,0.1142,Low,False,1469.94,0.62,230,220-287,52.6
BP Whiting Business Unit,FLIGHT,Petroleum Refining,Medium,,324110,5220291,False,940.6,>=100 MW,41.6703,-87.4803,IN,375.22,False,44.89786,-86.12708,Unknown,unknown,154.3,4844,175,Other,Water,,,False,865.95,0.03,138,100-161,52.6
CHITWOOD GAS PLANT,FLIGHT,Natural Gas Processing,High,,211130,28355,False,5.1,1-10 MW,34.8563,-97.8277,OK,127.04,False,34.55721,-99.16901,Oklahoma,application,150.3,4990,995,Unconsolidated,Unconsolidated,0.4771,High,True,9.1,0.28,69,UNDER 100,52.6
"Carmeuse Lime, Inc. Buffington",FLIGHT,Lime,Medium,,327410,896323,False,161.5,>=100 MW,41.60206,-87.41084,IN,380.93,False,44.89786,-86.12708,Unknown,unknown,154.3,4844,175,Other,Water,,,False,866.58,2.14,-999999,NOT AVAILABLE,52.6
Cleveland-Cliffs Burns Harbor LLC,FLIGHT,Iron & Steel,Medium,,331110,7644163,False,1377.3,>=100 MW,41.634,-87.131,IN,371.91,False,44.89786,-86.12708,Unknown,unknown,154.3,4844,175,Other,Water,,,False,888.07,0.31,138,100-161,52.6
Cleveland-Cliffs Steel LLC,FLIGHT,Iron & Steel,Medium,,331110,5783021,False,1042.0,>=100 MW,41.68,-87.4264,IN,372.93,False,44.89786,-86.12708,Unknown,unknown,154.3,4844,175,Other,Water,,,False,870.27,0.07,138,100-161,52.6
Cleveland-Cliffs Steel LLC,FLIGHT,Iron & Steel,Medium,,331110,703787,False,126.8,>=100 MW,41.65116,-87.45917,IN,376.76,False,44.89786,-86.12708,Unknown,unknown,154.3,4844,175,Other,Water,,,False,866.23,0.28,138,100-161,52.6
HOLCIM (US) INC. D/B/A LAFARGE ALPENA,FLIGHT,Cement,Medium,,327310,1769013,False,318.7,>=100 MW,45.0722,-83.4048,MI,214.97,False,44.89786,-86.12708,Unknown,unknown,154.3,4844,175,Other,Water,,,False,1354.16,0.03,-999999,NOT AVAILABLE,52.6
Indiana Harbor Coke Company,FLIGHT,Petroleum Refining,Medium,,324199,1065052,False,191.9,>=100 MW,41.65632,-87.45014,IN,376.01,False,44.89786,-86.12708,Unknown,unknown,154.3,4844,175,Other,Water,,,False,867.17,0.66,138,100-161,52.6
SSAB ALABAMA INCORPORATED,FLIGHT,Iron & Steel,Medium,,331110,335797,False,60.5,50-100 MW,30.94305,-88.01282,AL,58.69,False,31.23567,-87.49992,Alabama,application,152.1,4923,4902,Unconsolidated,Unconsolidated,0.1495,Low,False,112.82,0.36,230,220-287,52.6
St Marys Cement INC,FLIGHT,Cement,Medium,,327310,1425742,False,256.9,>=100 MW,45.31695,-85.29935,MI,79.95,False,44.89786,-86.12708,Unknown,unknown,154.3,4844,175,Other,Water,,,False,1258.21,0.18,138,100-161,52.6
US Steel Corp - Gary Works,FLIGHT,Iron & Steel,Medium,,331110,10928816,False,1969.2,>=100 MW,41.6133,-87.3281,IN,377.94,False,44.89786,-86.12708,Unknown,unknown,154.3,4844,175,Other,Water,,,False,873.03,0.24,-999999,NOT AVAILABLE,52.6
WILLIAMS MOBILE BAY GAS PROCESSING FACILITY,FLIGHT,Natural Gas Processing,High,,211130,136214,False,24.5,20-50 MW,30.40056,-88.17722,AL,113.16,False,31.23567,-87.49992,Alabama,application,152.1,4923,4902,Unconsolidated,Unconsolidated,0.1495,Low,False,158.12,1.37,-999999,100-161,52.6
Lafarge Ravena Cement Plant,FLIGHT,Cement,Medium,,327310,1120895,False,202.0,>=100 MW,42.5461,-73.67215,NY,60.23,False,42.64172,-72.94787,Massachusetts,federal,153.3,4897,3,Metamorphic,Metamorphic,0.1421,Low,False,1793.35,3.49,115,100-161,52.5
Amber Junction Compressor Station,FLIGHT,Natural Gas Processing,High,,486210,26699,False,4.8,1-10 MW,35.1602,-97.85754,OK,137.17,False,34.55721,-99.16901,Oklahoma,application,150.3,4990,995,Unconsolidated,Unconsolidated,0.4771,High,True,6.18,3.46,138,100-161,52.4
Davenport Plant,FLIGHT,Cement,Medium,,327310,841277,False,151.6,>=100 MW,41.45906,-90.69525,IA,294.78,False,38.81881,-90.38287,Missouri,federal,152.8,4900,985,Unconsolidated,Unconsolidated,0.2824,Moderate,False,646.91,3.03,161,100-161,52.4
EQUISTAR CHEMICALS LP,FLIGHT,Petrochemicals,Medium,,325199,502998,False,90.6,50-100 MW,41.807,-90.296,IA,332.35,False,38.81881,-90.38287,Missouri,federal,152.8,4900,985,Unconsolidated,Unconsolidated,0.2824,Moderate,False,697.85,1.74,69,UNDER 100,52.4
Liberty Steel Georgetown Holdings LLC,FLIGHT,Iron & Steel,Medium,,331110,13381,False,2.4,1-10 MW,33.36792,-79.29486,SC,2.97,True,33.36647,-79.26291,South Carolina,federal,164.2,4528,570,Other,Water,0.1943,Low,False,905.19,1.24,115,100-161,52.4
"NAVAJO REFINING COMPANY, LLC - Artesia Refinery",FLIGHT,Petroleum Refining,Medium,,324110,777339,False,140.1,>=100 MW,32.84859,-104.39438,NM,47.93,True,33.11579,-104.79763,New Mexico,federal,152.5,4913,1351,Sedimentary,Limestone,0.277,Moderate,False,58.47,0.15,115,100-161,52.4
CARMEUSE OHIO INC - MAPLEGROVE LIME PLANT,FLIGHT,Lime,Medium,,327410,485544,False,87.5,50-100 MW,41.2246,-83.2084,OH,123.77,False,41.13763,-81.73401,Ohio,federal,152.1,4930,2024,Sedimentary,Shale,0.1617,Low,False,1139.41,6.41,138,100-161,52.3
CEMEX CONSTRUCTION MATERIALS ATLANTIC LLC,FLIGHT,Cement,Medium,,327310,441463,False,79.5,50-100 MW,36.02251,-83.83441,TN,136.83,False,35.4346,-85.1661,Tennessee,federal,153.7,4875,2887,Sedimentary,Conglomerate,0.2135,Moderate,False,658.8,1.18,69,UNDER 100,52.3
CLEVELAND-CLIFFS STEEL CORPORATION DEARBORN WORKS,FLIGHT,Iron & Steel,Medium,,331110,1006823,False,181.4,>=100 MW,42.30174,-83.16293,MI,175.55,False,41.13763,-81.73401,Ohio,federal,152.1,4930,2024,Sedimentary,Shale,0.1617,Low,False,1212.06,0.44,230,220-287,52.3
DETROIT REFINERY,FLIGHT,Petroleum Refining,Medium,,324110,928748,False,167.3,>=100 MW,42.28056,-83.15278,MI,173.26,False,41.13763,-81.73401,Ohio,federal,152.1,4930,2024,Sedimentary,Shale,0.1617,Low,False,1211.83,0.21,120,100-161,52.3
Delaware City Refinery,FLIGHT,Petroleum Refining,Medium,,324110,3416063,False,615.5,>=100 MW,39.5936,-75.6337,DE,53.76,False,39.57086,-75.00712,New Jersey,federal,152.1,4925,979,Unconsolidated,Unconsolidated,0.1142,Low,False,1470.54,0.05,138,100-161,52.3
GRAYMONT (WI) LLC,FLIGHT,Lime,Medium,,327410,521551,False,94.0,50-100 MW,46.72901,-92.0776,WI,93.2,False,45.90059,-91.89299,Wisconsin,federal,152.3,4927,43,Sedimentary,Sandstone,0.2231,Moderate,False,741.26,2.32,-999999,NOT AVAILABLE,52.3
Heidelberg Materials,FLIGHT,Cement,Medium,,327310,444881,False,80.2,50-100 MW,40.73452,-86.43344,IN,356.26,False,38.50546,-89.42189,Illinois,federal,151.8,4936,2139,Sedimentary,Shale,0.2194,Moderate,False,891.91,1.9,-999999,UNDER 100,52.3
Heidelberg Materials US Cement LLC,FLIGHT,Cement,Medium,,327310,833267,False,150.1,>=100 MW,38.73907,-86.45703,IN,258.86,False,38.50546,-89.42189,Illinois,federal,151.8,4936,2139,Sedimentary,Shale,0.2194,Moderate,False,758.37,0.71,-999999,NOT AVAILABLE,52.3
Heidelberg Materials US Cement LLC,FLIGHT,Cement,Medium,,327310,1857878,False,334.8,>=100 MW,39.56028,-77.17142,MD,103.75,False,38.6308,-77.06637,Maryland,federal,151.7,4940,475,Unconsolidated,Unconsolidated,0.1446,Low,False,1359.57,0.64,138,100-161,52.3
IronUnits LLC,FLIGHT,Iron & Steel,Medium,,331110,802938,False,144.7,>=100 MW,41.67532,-83.47791,OH,157.25,False,41.13763,-81.73401,Ohio,federal,152.1,4930,2024,Sedimentary,Shale,0.1617,Low,False,1160.36,0.58,138,100-161,52.3
KANEKA North America LLC,FLIGHT,Petrochemicals,Medium,,325211,53425,False,9.6,1-10 MW,29.6209,-95.08687,TX,199.28,False,29.98226,-97.10976,Texas,primacy,153.2,4864,3824,,,0.4857,High,True,10.62,1.49,138,100-161,52.3
LONE STAR INDUSTRIES INC,FLIGHT,Cement,Medium,,327310,1028904,False,185.4,>=100 MW,39.61662,-86.86863,IN,252.7,False,38.50546,-89.42189,Illinois,federal,151.8,4936,2139,Sedimentary,Shale,0.2194,Moderate,False,812.43,0.83,-999999,UNDER 100,52.3
"MARTIN MARIETTA MAGNESIA SPECIALTIES, LLC",FLIGHT,Lime,Medium,,327410,1314750,False,236.9,>=100 MW,41.46286,-83.36746,OH,141.16,False,41.13763,-81.73401,Ohio,federal,152.1,4930,2024,Sedimentary,Shale,0.1617,Low,False,1153.59,6.19,345,345,52.3
"NGPL Station 102, Balko OK",FLIGHT,Natural Gas Processing,High,,486210,20780,False,3.7,1-10 MW,36.5567,-100.8839,OK,191.75,False,37.44006,-102.73838,Colorado,application,152.8,4901,1942,Sedimentary,Shale,0.2441,Moderate,True,4.22,1.84,115,100-161,52.3
Ohio Refining Company LLC,FLIGHT,Petroleum Refining,Medium,,324110,887438,False,159.9,>=100 MW,41.6786,-83.4539,OH,155.53,False,41.13763,-81.73401,Ohio,federal,152.1,4930,2024,Sedimentary,Shale,0.1617,Low,False,1162.34,0.7,138,100-161,52.3
Robinson Refinery,FLIGHT,Petroleum Refining,Medium,,324110,1826459,False,329.1,>=100 MW,39,-87.7222,IL,157.31,False,38.50546,-89.42189,Illinois,federal,151.8,4936,2139,Sedimentary,Shale,0.2194,Moderate,False,722.53,0.33,138,100-161,52.3
STEEL DYNAMICS INC,FLIGHT,Iron & Steel,Medium,,331110,982503,False,177.0,>=100 MW,41.36428,-84.91408,IN,267.03,False,41.13763,-81.73401,Ohio,federal,152.1,4930,2024,Sedimentary,Shale,0.1617,Low,False,1036.84,0.82,345,345,52.3
Cobra Pipeline Company,FLIGHT,Natural Gas Processing,High,,486210,,False,,,41.65123,-81.40441,OH,18.29,True,41.63899,-81.18488,Ohio,federal,153.0,4900,1992,Sedimentary,Sandstone,0.1405,Low,False,1268.88,0.23,138,100-161,52.2
EDGINGTON OIL COMPANY,FLIGHT,Petroleum Refining,Medium,,324110,,False,,,33.87461,-118.16412,CA,7.74,True,33.9305,-118.11413,California,federal,203.1,3476,28,Unconsolidated,Unconsolidated,0.7992,Severe,False,892.83,0.4,66,UNDER 100,52.2
FORELAND REFINING CORP EAGLE SPRINGS REFINERY,FLIGHT,Petroleum Refining,Medium,,324110,15487,False,2.8,1-10 MW,38.6226,-115.6198,NV,9.95,True,38.6308,-115.50575,Nevada,federal,208.4,3321,1463,Unconsolidated,Unconsolidated,0.1211,Low,False,574.64,33.3,500,500,52.2
HEIDELBERG MATERIALS US CEMENT LLC/ NAZARETH,FLIGHT,Cement,Medium,,327310,646387,False,116.5,>=100 MW,40.72966,-75.30078,PA,84.38,False,40.32291,-74.45799,New Jersey,federal,151.4,4949,136,Unconsolidated,Unconsolidated,0.1264,Low,False,1564.6,1.62,69,UNDER 100,52.2
KEYSTONE CEMENT COMPANY,FLIGHT,Cement,Medium,,327310,684874,False,123.4,>=100 MW,40.71536,-75.40086,PA,90.86,False,40.32291,-74.45799,New Jersey,federal,151.4,4949,136,Unconsolidated,Unconsolidated,0.1264,Low,False,1556.82,0.05,69,UNDER 100,52.2
KOSMOS CEMENT CO,FLIGHT,Cement,Medium,,327310,1320866,False,238.0,>=100 MW,38.0347,-85.90601,KY,261.79,False,35.68528,-85.71523,Tennessee,federal,151.5,4948,2070,Sedimentary,Limestone,0.2031,Moderate,False,716.41,0.3,-999999,NOT AVAILABLE,52.2
NORTH STAR BLUESCOPE STEEL LLC *,FLIGHT,Iron & Steel,Medium,,331110,442491,False,79.7,50-100 MW,41.5684,-84.03759,OH,198.15,False,41.13763,-81.73401,Ohio,federal,152.1,4930,2024,Sedimentary,Shale,0.1617,Low,False,1112.85,10.49,138,100-161,52.2
Northern Border Pipeline Glasgow CS#1,FLIGHT,Natural Gas Processing,High,,486210,,False,,,48.17592,-106.59291,MT,18.62,True,48.03139,-106.7196,Montana,federal,155.2,4794,2509,Sedimentary,Shale,0.2274,Moderate,False,250.17,1.03,69,UNDER 100,52.2
"SABIC INNOVATIVE PLASTICS MT. VERNON, LLC",FLIGHT,Petrochemicals,Medium,,325211,557714,False,100.5,>=100 MW,37.9072,-87.9271,IN,102.0,False,37.37739,-88.87275,Illinois,federal,151.5,4946,4094,Sedimentary,Limestone,0.2635,Moderate,False,620.64,0.27,69,UNDER 100,52.2
United Refining Company,FLIGHT,Petroleum Refining,Medium,,324110,625206,False,112.6,>=100 MW,41.8359,-79.1374,PA,161.18,False,41.57632,-81.04759,Ohio,federal,151.5,4949,2202,Sedimentary,Shale,0.1828,Low,False,1410.93,0.48,115,100-161,52.2
ARGOS USA -Martinsburg,FLIGHT,Cement,Medium,,327310,846192,False,152.5,>=100 MW,39.43488,-77.97791,WV,104.98,False,38.6308,-77.34094,Virginia,federal,150.8,4970,118,,,0.1825,Low,False,1295.98,1.89,138,100-161,52.1
CARMEUSE LIME BLACK RIVER OPERATION,FLIGHT,Lime,Medium,,327410,886781,False,159.8,>=100 MW,38.83745,-84.24302,KY,322.86,False,41.01228,-81.73401,Ohio,federal,151.0,4966,2053,Sedimentary,Shale,0.1819,Low,False,874.13,0.39,-999999,NOT AVAILABLE,52.1
CEMEX MIAMI,FLIGHT,Cement,Medium,,327310,575920,False,103.8,>=100 MW,25.78646,-80.42111,FL,97.52,False,26.66071,-80.49846,Florida,federal,150.6,4977,4950,Unconsolidated,Unconsolidated,0.5119,High,False,1047.07,0.31,230,220-287,52.1
CHEMOURS WASHINGTON WORKS,FLIGHT,Petrochemicals,Medium,,325211,782338,False,141.0,>=100 MW,39.27194,-81.66167,WV,193.61,False,41.01228,-81.73401,Ohio,federal,151.0,4966,2053,Sedimentary,Shale,0.1819,Low,False,1055.46,0.95,138,100-161,52.1
CONTINENTAL CEMENT COMPANY LLC,FLIGHT,Cement,Medium,,327310,548811,False,98.9,50-100 MW,39.67913,-91.31424,MO,123.34,False,38.75614,-90.52015,Missouri,federal,150.9,4968,1102,Sedimentary,Limestone,0.2825,Moderate,False,474.19,9.13,138,100-161,52.1
"Catlettsburg Refining, LLC",FLIGHT,Petroleum Refining,Medium,,324110,2238478,False,403.3,>=100 MW,38.375,-82.6042,KY,240.48,False,36.87602,-80.63574,Virginia,federal,150.7,4978,0,Metamorphic,Gneiss,0.1364,Low,False,926.56,0.05,69,UNDER 100,52.1
Cleveland-Cliffs Steel Corporation - Middletown Works,FLIGHT,Iron & Steel,Medium,,331110,3512088,False,632.8,>=100 MW,39.4968,-84.3901,OH,281.41,False,41.01228,-81.73401,Ohio,federal,151.0,4966,2053,Sedimentary,Shale,0.1819,Low,False,925.11,0.61,138,100-161,52.1
Fairborn Cement Company LLC,FLIGHT,Cement,Medium,,327310,478200,False,86.2,50-100 MW,39.7779,-83.9661,OH,233.59,False,41.01228,-81.73401,Ohio,federal,151.0,4966,2053,Sedimentary,Shale,0.1819,Low,False,971.91,0.73,69,UNDER 100,52.1
GRAYMONT PA INC/PLEASANT GAP PLT,FLIGHT,Lime,Medium,,327410,742587,False,133.8,>=100 MW,40.92406,-77.72232,PA,257.07,False,38.6308,-77.34094,Virginia,federal,150.8,4970,118,,,0.1825,Low,False,1419.74,5.73,230,220-287,52.1
"HAVERHILL COKE COMPANY, LLC",FLIGHT,Petroleum Refining,Medium,,324199,921343,False,166.0,>=100 MW,38.5973,-82.8271,OH,271.58,False,36.87602,-80.63574,Virginia,federal,150.7,4978,0,Metamorphic,Gneiss,0.1364,Low,False,934.1,0.15,69,UNDER 100,52.1
"Holcim (US), Inc.",FLIGHT,Cement,Medium,,327310,451527,False,81.4,50-100 MW,39.6524,-77.6805,MD,117.31,False,38.6308,-77.34094,Virginia,federal,150.8,4970,118,,,0.1825,Low,False,1330.97,0.82,138,100-161,52.1
LEHIGH CEMENT CO LLC,FLIGHT,Cement,Medium,,327310,446400,False,80.4,50-100 MW,43.1788,-93.2118,IA,223.28,False,42.20303,-95.59964,Iowa,federal,150.8,4972,687,Sedimentary,Sandstone,0.231,Moderate,False,711.51,5.09,-999999,NOT AVAILABLE,52.1
Lima Refinery,FLIGHT,Petroleum Refining,Medium,,324110,1205035,False,217.1,>=100 MW,40.7234,-84.1133,OH,202.63,False,41.01228,-81.73401,Ohio,federal,151.0,4966,2053,Sedimentary,Shale,0.1819,Low,False,1050.5,1.39,138,100-161,52.1
PLATFORM HARVEST,FLIGHT,Natural Gas Processing,High,,211120,,False,,,34.46833,-120.68083,CA,27.18,True,34.61988,-120.44795,California,federal,211.9,3250,63,Sedimentary,Sandstone,0.7473,Severe,False,1078.7,28.37,115,100-161,52.1
ROANOKE CEMENT CO - CLOVERDALE,FLIGHT,Cement,Medium,,327310,799497,False,144.1,>=100 MW,37.4604,-79.9948,VA,61.46,False,36.93869,-80.22389,Virginia,federal,150.9,4970,0,Metamorphic,Metamorphic,0.1208,Low,False,1023.51,0.47,-999999,100-161,52.1
Rodman Gas Plant,FLIGHT,Natural Gas Processing,High,,211130,23473,False,4.2,1-10 MW,36.27231,-98.06834,OK,215.22,False,34.55721,-99.16901,Oklahoma,application,150.3,4990,995,Unconsolidated,Unconsolidated,0.4771,High,True,25.12,11.62,138,100-161,52.1
TARMAC PENNSUCO COMPLEX,FLIGHT,Cement,Medium,,327310,1048280,False,188.9,>=100 MW,25.8739,-80.3756,FL,88.34,False,26.66071,-80.49846,Florida,federal,150.6,4977,4950,Unconsolidated,Unconsolidated,0.5119,High,False,1044.16,0.42,-999999,100-161,52.1
Central Plains Cement Company LLC,FLIGHT,Cement,Medium,,327310,745107,False,134.3,>=100 MW,39.14418,-94.39482,MO,323.84,False,38.06677,-90.932,Missouri,federal,150.1,4996,329,,,0.2073,Moderate,False,255.97,4.34,161,100-161,52.0
Eastman Chemical Company,FLIGHT,Petrochemicals,Medium,,325211,3679916,False,663.0,>=100 MW,36.5192,-82.535,TN,171.41,False,36.75068,-80.63574,Virginia,federal,150.0,5000,0,Metamorphic,Gneiss,0.1087,Low,False,781.68,0.56,138,100-161,52.0
Flint Hills Resources Pine Bend Refinery,FLIGHT,Petroleum Refining,Medium,,324110,3945753,False,710.9,>=100 MW,44.76443,-93.03948,MN,85.89,False,45.33656,-92.30484,Wisconsin,federal,150.3,4990,54,Sedimentary,Sandstone,0.1185,Low,False,735.97,0.29,-999999,NOT AVAILABLE,52.0
Heidelberg Materials/EVANSVILLE CEMENT PLT & QUARRY,FLIGHT,Cement,Medium,,327310,558292,False,100.6,>=100 MW,40.47247,-75.89525,PA,114.71,False,39.6962,-75.00712,New Jersey,federal,150.0,5000,728,Unconsolidated,Unconsolidated,0.1142,Low,False,1507.16,2.62,-999999,NOT AVAILABLE,52.0
"SNG Station 5283 Hall Gate, GA",FLIGHT,Natural Gas Processing,High,,486210,31743,False,5.7,1-10 MW,33.05843,-83.05138,GA,21.39,True,33.11579,-82.83228,Georgia,federal,153.4,4869,124,Unconsolidated,Unconsolidated,0.2602,Moderate,False,555.75,6.13,115,100-161,52.0
Shell Chemical Appalachia LLC,FLIGHT,Petrochemicals,Medium,,325110,1579719,False,284.6,>=100 MW,40.67159,-80.33631,PA,74.76,False,41.07495,-81.04759,Ohio,federal,150.1,4998,2692,Sedimentary,Shale,0.1369,Low,False,1247.34,0.01,-999999,UNDER 100,52.0
"St. Paul Park Refining Company, LLC",FLIGHT,Petroleum Refining,Medium,,324110,883680,False,159.2,>=100 MW,44.85058,-93.00214,MN,76.92,False,45.33656,-92.30484,Wisconsin,federal,150.3,4990,54,Sedimentary,Sandstone,0.1185,Low,False,734.46,1.79,345,345,52.0
TAMINCO US LLC,FLIGHT,Petrochemicals,Medium,,325199,48424,False,8.7,1-10 MW,30.25083,-91.09228,LA,240.2,False,32.36374,-91.61842,Louisiana,primacy,154.4,4827,4846,Unconsolidated,Unconsolidated,0.493,High,True,2.68,0.25,138,100-161,52.0
US Steel (Clairton Coke),FLIGHT,Petroleum Refining,Medium,,324199,769566,False,138.7,>=100 MW,40.3097,-79.8819,PA,130.0,False,41.07495,-81.04759,Ohio,federal,150.1,4998,2692,Sedimentary,Shale,0.1369,Low,False,1242.4,0.02,-999999,NOT AVAILABLE,52.0
US Steel (Edgar Thomson),FLIGHT,Iron & Steel,Medium,,331110,3576537,False,644.4,>=100 MW,40.3925,-79.8564,PA,125.82,False,41.07495,-81.04759,Ohio,federal,150.1,4998,2692,Sedimentary,Shale,0.1369,Low,False,1250.65,0.02,-999999,NOT AVAILABLE,52.0
"Kinder Morgan Altamont LLC Bluebell Gas Plant, Roosevelt, UT",FLIGHT,Natural Gas Processing,High,,211130,55609,False,10.0,10-20 MW,40.38154,-110.08625,UT,33.11,True,40.63626,-110.28897,Utah,application,150.1,4998,0,Unconsolidated,Unconsolidated,0.1785,Low,False,62.18,1.56,69,UNDER 100,51.9
Coalgate/Tupelo/Stonewall Gas Plant,FLIGHT,Natural Gas Processing,High,,211130,127236,False,22.9,20-50 MW,34.58644,-96.28796,OK,77.59,False,34.18119,-95.59964,Oklahoma,application,152.2,4916,172,Sedimentary,Sandstone,0.2281,Moderate,False,122.3,1.42,345,345,51.8
FLORIDA GAS TRANSMISSION COMPANY - W PALM,FLIGHT,Natural Gas Processing,High,,486210,25342,False,4.6,1-10 MW,26.69238,-80.15219,FL,21.04,True,26.72338,-80.36118,Florida,federal,153.4,4877,4914,Unconsolidated,Unconsolidated,0.5119,High,False,1005.32,1.92,-999999,NOT AVAILABLE,51.8
McAlester Compressor Station,FLIGHT,Natural Gas Processing,High,,213112,,False,,,34.8787,-95.81951,OK,28.31,True,35.05858,-95.59964,Oklahoma,application,150.6,4978,4437,Sedimentary,Shale,0.1688,Low,False,164.59,5.72,-999999,100-161,51.8
"NGPL Station 801, Ratliff City, OK",FLIGHT,Natural Gas Processing,High,,486210,19817,False,3.6,1-10 MW,34.4633,-97.53108,OK,150.44,False,34.55721,-99.16901,Oklahoma,application,150.3,4990,995,Unconsolidated,Unconsolidated,0.4771,High,True,8.29,2.44,138,100-161,51.8
Georgia-Pacific Gypsum LLC,FLIGHT,Minerals,Medium,,327420,36578,False,6.6,1-10 MW,38.0134,-121.79162,CA,15.74,True,38.06677,-121.95807,California,federal,230.8,2956,3,Other,Water,0.5641,High,False,1086.41,0.47,60,UNDER 100,51.7
"Georgia-Pacific Wood Products, LLC Fordyce OSB",FLIGHT,Minerals,Medium,,327420,42167,False,7.6,1-10 MW,33.75415,-92.37515,AR,6.33,True,33.74249,-92.44212,Arkansas,federal,165.0,4478,1847,Unconsolidated,Unconsolidated,0.271,Moderate,False,161.12,1.48,115,100-161,51.7
HERCULES CEMENT STOCKERTOWN PLT QUARRY,FLIGHT,Cement,Medium,,327310,438412,False,79.0,50-100 MW,40.75361,-75.26028,PA,83.01,False,40.32291,-74.45799,New Jersey,federal,151.4,4949,136,Unconsolidated,Unconsolidated,0.1264,Low,False,1568.92,0.84,69,UNDER 100,51.7
Solvay USA Inc.,FLIGHT,Petrochemicals,Medium,,325199,44341,False,8.0,1-10 MW,30.513,-91.18817,LA,209.8,False,32.36374,-91.61842,Louisiana,primacy,154.4,4827,4846,Unconsolidated,Unconsolidated,0.493,High,True,14.84,0.83,69,UNDER 100,51.7
ANR Pipeline Meade CS,FLIGHT,Natural Gas Processing,High,,486210,12625,False,2.3,1-10 MW,37.07865,-100.47068,KS,204.67,False,37.44006,-102.73838,Colorado,application,152.8,4901,1942,Sedimentary,Shale,0.2441,Moderate,True,27.09,17.51,-999999,NOT AVAILABLE,51.6
EQUISTAR CHEMICALS LIMITED PARTNERSHIP BAYPORT PLANT,FLIGHT,Petrochemicals,Medium,,325199,46137,False,8.3,1-10 MW,29.62717,-95.08019,TX,199.76,False,29.98226,-97.10976,Texas,primacy,153.2,4864,3824,,,0.4857,High,True,11.57,1.27,138,100-161,51.6
INEOS NOVA LLC Texas City Site,FLIGHT,Petrochemicals,Medium,,325199,45654,False,8.2,1-10 MW,29.36105,-94.93035,TX,221.6,False,29.98226,-97.10976,Texas,primacy,153.2,4864,3824,,,0.4857,High,True,10.98,0.63,138,100-161,51.6
PLATFORM HIDALGO,FLIGHT,Natural Gas Processing,High,,211120,,False,,,34.48667,-120.70333,CA,27.68,True,34.61988,-120.44795,California,federal,211.9,3250,63,Sedimentary,Sandstone,0.7473,Severe,False,1079.94,28.62,115,100-161,51.6
US GYPSUM - JACKSONVILLE PLANT,FLIGHT,Minerals,Medium,,327420,43097,False,7.8,1-10 MW,30.38179,-81.63793,FL,5.88,True,30.42095,-81.59673,Florida,federal,160.3,4645,1534,,,0.1624,Low,False,694.63,1.58,138,100-161,51.6
WESTLAKE POLYMERS LP - POLYETHYLENE I & II PLANTS,FLIGHT,Petrochemicals,Medium,,325211,26894,False,4.8,1-10 MW,30.19662,-93.32629,LA,124.62,False,31.23567,-93.81496,Texas,primacy,164.4,4463,4529,Sedimentary,Shale,0.2286,Moderate,True,13.15,0.16,138,100-161,51.6
INEOS US Chemicals Company CR Plant,FLIGHT,Petrochemicals,Medium,,325110,75045,False,13.5,10-20 MW,32.9701,-79.8905,SC,7.23,True,32.92778,-79.94933,South Carolina,federal,150.1,4998,807,Unconsolidated,Unconsolidated,0.1477,Low,False,844.12,1.81,230,220-287,51.5
SEAWATER TREATMENT PLANT,FLIGHT,Natural Gas Processing,High,,211120,165230,False,29.8,20-50 MW,70.41213,-148.53119,AK,2749.9,False,48.90878,-122.64449,Washington,federal,194.0,3771,33,Unconsolidated,Unconsolidated,0.0927,Very low/none,False,3281.23,601.82,138,100-161,51.5
ALBEMARLE CORPORATION HOUSTON PLANT,FLIGHT,Petrochemicals,Medium,,325199,43256,False,7.8,1-10 MW,29.7425,-95.16551,TX,189.37,False,29.98226,-97.10976,Texas,primacy,153.2,4864,3824,,,0.4857,High,True,19.92,1.73,138,100-161,51.4
LUBRIZOL BAYPORT PLANT,FLIGHT,Petrochemicals,Medium,,325199,20146,False,3.6,1-10 MW,29.63847,-95.05281,TX,200.17,False,31.23567,-94.08952,Texas,primacy,167.3,4361,4815,,,0.2174,Moderate,True,14.2,0.78,138,100-161,51.4
US GYPSUM - GALENA PARK PLANT,FLIGHT,Minerals,Medium,,327420,43575,False,7.9,1-10 MW,29.72261,-95.24271,TX,182.36,False,29.98226,-97.10976,Texas,primacy,153.2,4864,3824,,,0.4857,High,True,18.63,1.09,69,UNDER 100,51.4
BASF CORP - PASADENA PLANT,FLIGHT,Petrochemicals,Medium,,325110,42022,False,7.6,1-10 MW,29.73164,-95.15208,TX,190.83,False,29.98226,-97.10976,Texas,primacy,153.2,4864,3824,,,0.4857,High,True,18.87,0.55,138,100-161,51.3
EVONIK SUPERABSORBER LLC,FLIGHT,Petrochemicals,Medium,,325199,40427,False,7.3,1-10 MW,30.04505,-90.61046,LA,275.07,False,32.36374,-91.61842,Louisiana,primacy,154.4,4827,4846,Unconsolidated,Unconsolidated,0.493,High,True,26.36,2.35,230,220-287,51.3
Gold Bond - SAV Plant,FLIGHT,Minerals,Medium,,327420,30704,False,5.5,1-10 MW,32.10819,-81.14691,GA,3.62,True,32.11306,-81.18488,Georgia,federal,151.3,4947,1215,Unconsolidated,Unconsolidated,0.1506,Low,False,719.53,0.19,-999999,UNDER 100,51.3
Greka Refining Company,FLIGHT,Petroleum Refining,Medium,,324110,,False,,,34.92961,-120.512,CA,8.79,True,34.87056,-120.44795,California,federal,203.7,3290,253,Unconsolidated,Unconsolidated,0.7572,Severe,False,1047.54,6.07,115,100-161,51.3
"Cargill, Incorporated",FLIGHT,Ethanol,High,,325193,233855,False,42.1,20-50 MW,42.5063,-94.3121,IA,111.04,False,42.20303,-95.59964,Iowa,federal,150.8,4972,687,Sedimentary,Sandstone,0.231,Moderate,False,617.17,0.38,161,100-161,51.2
Indorama Ventures Oxides LLC,FLIGHT,Petrochemicals,Medium,,325110,41123,False,7.4,1-10 MW,29.41877,-95.23907,TX,191.24,False,29.98226,-97.10976,Texas,primacy,153.2,4864,3824,,,0.4857,High,True,4.55,1.81,138,100-161,51.2
NIPPON CHEMICAL TEXAS INC,FLIGHT,Petrochemicals,Medium,,325110,40842,False,7.4,1-10 MW,29.60861,-95.05194,TX,202.87,False,29.98226,-97.10976,Texas,primacy,153.2,4864,3824,,,0.4857,High,True,11.65,0.25,138,100-161,51.2
TAMCO,FLIGHT,Iron & Steel,Medium,,331110,,False,,,34.09787,-117.52936,CA,5.71,True,34.05585,-117.565,California,federal,182.5,3979,400,Unconsolidated,Unconsolidated,0.682,High,False,829.45,0.79,66,UNDER 100,51.2
TRICOR REFINING LLC,FLIGHT,Petroleum Refining,Medium,,324110,35101,False,6.3,1-10 MW,35.4185,-119.0112,CA,6.88,True,35.4346,-118.93783,California,federal,169.8,4359,1439,Unconsolidated,Unconsolidated,0.1854,Low,False,901.24,0.12,115,100-161,51.2
"Alpek Polyester USA, LLC Columbia Site",FLIGHT,Petrochemicals,Medium,,325211,67108,False,12.1,10-20 MW,33.86639,-81.01271,SC,7.53,True,33.80516,-81.04759,South Carolina,federal,153.3,4878,107,Unconsolidated,Unconsolidated,0.1483,Low,False,761.71,0.64,230,220-287,51.0
GRAIN PROCESSING CORP,FLIGHT,Ethanol,High,,311221,229633,False,41.4,20-50 MW,38.6335,-87.2262,IN,191.41,False,38.50546,-89.42189,Illinois,federal,151.8,4936,2139,Sedimentary,Shale,0.2194,Moderate,False,718.86,0.6,69,UNDER 100,51.0
PHILLIPS 66 SANTA MARIA REFINERY,FLIGHT,Petroleum Refining,Medium,,324110,12029,False,2.2,1-10 MW,35.03889,-120.58972,CA,13.77,True,34.99591,-120.44795,California,federal,227.8,3268,67,Unconsolidated,Unconsolidated,0.7248,Severe,False,1050.7,0.24,115,100-161,51.0
Alon Bakersfield Refining - Area 3,FLIGHT,Petroleum Refining,Medium,,324110,,False,,,35.39361,-119.0525,CA,3.16,True,35.37193,-119.07512,California,federal,163.6,4393,2832,Unconsolidated,Unconsolidated,0.1932,Low,False,905.6,1.18,230,220-287,50.9
CHIEF ETHANOL FUELS INC,FLIGHT,Ethanol,High,,325193,121111,False,21.8,20-50 MW,40.585,-98.31889,NE,99.76,False,41.13763,-97.38433,Nebraska,application,150.2,4994,856,Sedimentary,Shale,0.4155,High,False,442.02,0.64,115,100-161,50.9
SunCoke Energy Middletown Operations,FLIGHT,Petroleum Refining,Medium,,324199,429704,False,77.4,50-100 MW,39.47215,-84.39693,OH,283.55,False,41.01228,-81.73401,Ohio,federal,151.0,4966,2053,Sedimentary,Shale,0.1819,Low,False,922.56,0.1,69,UNDER 100,50.9
"Diamond Green Diesel, LLC",FLIGHT,Petrochemicals,Medium,,325199,34709,False,6.3,1-10 MW,29.99944,-90.38469,LA,287.9,False,32.36374,-91.61842,Louisiana,primacy,154.4,4827,4846,Unconsolidated,Unconsolidated,0.493,High,True,9.4,0.99,-999999,NOT AVAILABLE,50.8
E ENERGY ADAMS,FLIGHT,Ethanol,High,,325193,118294,False,21.3,20-50 MW,40.4842,-96.5459,NE,101.28,False,41.13763,-97.38433,Nebraska,application,150.2,4994,856,Sedimentary,Shale,0.4155,High,False,391.44,6.72,345,345,50.7
HOMELAND ENERGY SOLUTIONS LLC,FLIGHT,Ethanol,High,,325193,229718,False,41.4,20-50 MW,43.07337,-92.13831,IA,252.0,False,45.33656,-92.30484,Wisconsin,federal,150.3,4990,54,Sedimentary,Sandstone,0.1185,Low,False,731.89,7.64,345,345,50.7
INEOS US Chemicals Company,FLIGHT,Petrochemicals,Medium,,325110,35992,False,6.5,1-10 MW,29.36105,-94.93035,TX,221.6,False,29.98226,-97.10976,Texas,primacy,153.2,4864,3824,,,0.4857,High,True,10.98,0.63,138,100-161,50.7
ISP TECHNOLOGIES TEXAS CITY PLANT,FLIGHT,Petrochemicals,Medium,,325199,35438,False,6.4,1-10 MW,29.42859,-94.96856,TX,215.77,False,29.98226,-97.10976,Texas,primacy,153.2,4864,3824,,,0.4857,High,True,2.62,0.57,138,100-161,50.7
TRANSCO STATION 110,FLIGHT,Natural Gas Processing,High,,486210,117241,False,21.1,20-50 MW,33.15131,-85.51241,AL,98.56,False,32.36374,-85.02881,Alabama,application,150.7,4974,123,Unconsolidated,Unconsolidated,0.1685,Low,False,343.1,6.6,115,100-161,50.7
"Green Plains Wood River, LLC.",FLIGHT,Ethanol,High,,325193,116859,False,21.1,20-50 MW,40.81568,-98.6076,NE,108.75,False,41.13763,-97.38433,Nebraska,application,150.2,4994,856,Sedimentary,Shale,0.4155,High,False,453.52,3.23,-999999,NOT AVAILABLE,50.6
"Monument Chemical Port Arthur, LLC (previously known as KMTEX)",FLIGHT,Petrochemicals,Medium,,325199,10012,False,1.8,1-10 MW,29.82928,-93.96673,TX,156.83,False,31.23567,-94.08952,Texas,primacy,167.3,4361,4815,,,0.2174,Moderate,True,4.24,0.92,138,100-161,50.5
Abengoa Bioenergy Biomass of Kansas,FLIGHT,Ethanol,High,,325193,,False,,,36.99616,-101.38267,KS,129.8,False,37.44006,-102.73838,Colorado,application,152.8,4901,1942,Sedimentary,Shale,0.2441,Moderate,True,12.0,16.15,-999999,NOT AVAILABLE,50.4
DRY TRAIL GAS PLANT,FLIGHT,Natural Gas Processing,High,,211130,,False,,,36.9056,-101.6164,OK,115.82,False,37.44006,-102.73838,Colorado,application,152.8,4901,1942,Sedimentary,Shale,0.2441,Moderate,True,1.03,12.72,69,UNDER 100,50.4
INEOS POLYPROPYLENE,FLIGHT,Petrochemicals,Medium,,325211,9652,False,1.7,1-10 MW,29.71629,-95.08965,TX,194.24,False,31.23567,-94.08952,Texas,primacy,167.3,4361,4815,,,0.2174,Moderate,True,19.11,0.79,138,100-161,50.4
MC 437,FLIGHT,Natural Gas Processing,High,,211120,225532,False,40.6,20-50 MW,28.5735,-87.9342,LA,257.55,False,30.54629,-86.53893,Florida,federal,150.6,4980,4785,Unconsolidated,Unconsolidated,0.0994,Very low/none,False,279.3,178.75,-999999,NOT AVAILABLE,50.4
NORTHERN NATURAL GAS COMPANY - SUBLETTE,FLIGHT,Natural Gas Processing,High,,486210,,False,,,37.29945,-100.8691,KS,165.93,False,37.44006,-102.73838,Colorado,application,152.8,4901,1942,Sedimentary,Shale,0.2441,Moderate,True,22.45,3.44,69,UNDER 100,50.4
STRAIGHT COMPRESSOR STATION,FLIGHT,Natural Gas Processing,High,,211111,,False,,,36.8739,-101.4497,OK,130.4,False,37.44006,-102.73838,Colorado,application,152.8,4901,1942,Sedimentary,Shale,0.2441,Moderate,True,2.01,2.79,-999999,NOT AVAILABLE,50.4
XTO-Tyrone Gas Plant,FLIGHT,Natural Gas Processing,High,,211111,,False,,,36.9955,-101.0875,OK,154.31,False,37.44006,-102.73838,Colorado,application,152.8,4901,1942,Sedimentary,Shale,0.2441,Moderate,True,27.59,13.16,-999999,NOT AVAILABLE,50.4
BAZOR RIDGE GAS PLANT,FLIGHT,Natural Gas Processing,High,,211112,,False,,,31.5436,-88.64131,MS,108.39,False,31.61169,-87.49992,Alabama,application,151.7,4936,4034,Sedimentary,Shale,0.1102,Low,True,23.77,1.07,-999999,100-161,50.3
"TGP Station 538 Heidelberg, MS",FLIGHT,Natural Gas Processing,High,,486210,,False,,,31.82881,-88.96103,MS,140.29,False,31.61169,-87.49992,Alabama,application,151.7,4936,4034,Sedimentary,Shale,0.1102,Low,True,4.29,2.7,115,100-161,50.3
TRANSCO STATION 77,FLIGHT,Natural Gas Processing,High,,486210,,False,,,31.59808,-89.41245,MS,181.13,False,31.61169,-87.49992,Alabama,application,151.7,4936,4034,Sedimentary,Shale,0.1102,Low,True,25.42,3.12,69,UNDER 100,50.3
"Ferroglobe USA Bridgeport, LLC, FKA-TENNESSEE ALLOYS CORPORATION",FLIGHT,Iron & Steel,Medium,,331110,158998,False,28.6,20-50 MW,34.94458,-85.69987,AL,26.46,True,34.93323,-85.9898,Alabama,application,152.6,4906,2124,Sedimentary,Shale,0.1574,Low,False,456.41,0.23,161,100-161,50.2
"Chesapeake Operating LLC, 220 - Gulf Coast Basin",FLIGHT,Natural Gas Processing,High,,211120,,False,,,35.53376,-97.52976,OK,162.44,False,35.62261,-95.73693,Oklahoma,application,150.9,4965,1538,Sedimentary,Sandstone,0.2621,Moderate,True,23.92,4.03,69,UNDER 100,50.1
Columbus Compressor Station,FLIGHT,Natural Gas Processing,High,,486210,221168,False,39.9,20-50 MW,39.71401,-82.87173,OH,173.58,False,41.01228,-81.73401,Ohio,federal,151.0,4966,2053,Sedimentary,Shale,0.1819,Low,False,1024.37,3.55,138,100-161,50.1
Crescent Gas Plant,FLIGHT,Natural Gas Processing,High,,211130,,False,,,35.97553,-97.65481,OK,174.67,False,35.74795,-95.73693,Oklahoma,application,150.8,4970,1341,Sedimentary,Sandstone,0.1588,Low,True,12.1,6.53,138,100-161,50.1
DOVER HENNESSEY GAS PLANT,FLIGHT,Natural Gas Processing,High,,211130,,False,,,36.06527,-97.93749,OK,201.31,False,35.74795,-95.73693,Oklahoma,application,150.8,4970,1341,Sedimentary,Sandstone,0.1588,Low,True,13.34,1.65,138,100-161,50.1
KANSAS ETHANOL LLC,FLIGHT,Ethanol,High,,325193,111343,False,20.1,20-50 MW,38.28959,-98.19522,KS,324.19,False,41.13763,-97.38433,Nebraska,application,150.2,4994,856,Sedimentary,Shale,0.4155,High,False,213.92,2.05,230,220-287,50.1
Linde Decatur,FLIGHT,Industrial Gas,High,,325120,111220,False,20.0,20-50 MW,34.62946,-87.01574,AL,95.84,False,34.80789,-85.9898,Alabama,application,150.8,4972,2134,Sedimentary,Limestone,0.1702,Low,False,359.92,0.17,161,100-161,50.1
Onshore Treating Facility,FLIGHT,Natural Gas Processing,High,,211130,108635,False,19.6,10-20 MW,30.4319,-88.1825,AL,110.61,False,31.23567,-87.49992,Alabama,application,152.1,4923,4902,Unconsolidated,Unconsolidated,0.1495,Low,False,154.68,0.35,-999999,100-161,50.1
PANHANDLE EASTERN PIPE LINE CO - CASHION,FLIGHT,Natural Gas Processing,High,,486210,,False,,,35.78946,-97.74456,OK,181.19,False,35.74795,-95.73693,Oklahoma,application,150.8,4970,1341,Sedimentary,Sandstone,0.1588,Low,True,4.06,1.76,138,100-161,50.1
BRADLEY COMPRESSOR STATION,FLIGHT,Natural Gas Processing,High,,211111,,False,,,34.8242,-97.6622,OK,140.93,False,34.55721,-99.16901,Oklahoma,application,150.3,4990,995,Unconsolidated,Unconsolidated,0.4771,High,True,0.81,2.12,69,UNDER 100,50.0
Blue Mountain Midstream - Chisholm Trail Plant,FLIGHT,Natural Gas Processing,High,,211130,,False,,,35.30664,-97.7594,OK,153.15,False,34.55721,-99.16901,Oklahoma,application,150.3,4990,995,Unconsolidated,Unconsolidated,0.4771,High,True,1.94,4.23,138,100-161,50.0
Crossroads Compressor Station,FLIGHT,Natural Gas Processing,High,,211111,,False,,,34.643,-97.599,OK,144.02,False,34.55721,-99.16901,Oklahoma,application,150.3,4990,995,Unconsolidated,Unconsolidated,0.4771,High,True,2.31,8.52,138,100-161,50.0
ELMORE CITY GAS PLANT,FLIGHT,Natural Gas Processing,High,,211130,,False,,,34.56228,-97.43957,OK,158.37,False,34.55721,-99.16901,Oklahoma,application,150.3,4990,995,Unconsolidated,Unconsolidated,0.4771,High,True,16.83,0.39,69,UNDER 100,50.0
Finley Compressor Station,FLIGHT,Natural Gas Processing,High,,211111,,False,,,34.702,-97.661,OK,138.91,False,34.55721,-99.16901,Oklahoma,application,150.3,4990,995,Unconsolidated,Unconsolidated,0.4771,High,True,3.8,10.53,69,UNDER 100,50.0
Lightning Compressor Station,FLIGHT,Natural Gas Processing,High,,211111,,False,,,34.65313,-97.58212,OK,145.63,False,34.55721,-99.16901,Oklahoma,application,150.3,4990,995,Unconsolidated,Unconsolidated,0.4771,High,True,3.69,7.99,138,100-161,50.0
Lindsay Compressor Station,FLIGHT,Natural Gas Processing,High,,486210,,False,,,34.74046,-97.68588,OK,137.19,False,34.55721,-99.16901,Oklahoma,application,150.3,4990,995,Unconsolidated,Unconsolidated,0.4771,High,True,6.15,5.75,69,UNDER 100,50.0
OFS CS Lindsay Booster,FLIGHT,Natural Gas Processing,High,,211111,,False,,,34.84757,-97.56292,OK,150.33,False,34.55721,-99.16901,Oklahoma,application,150.3,4990,995,Unconsolidated,Unconsolidated,0.4771,High,True,9.35,4.96,138,100-161,50.0
Skipper Compressor Station,FLIGHT,Natural Gas Processing,High,,211111,,False,,,34.6515,-97.6348,OK,140.81,False,34.55721,-99.16901,Oklahoma,application,150.3,4990,995,Unconsolidated,Unconsolidated,0.4771,High,True,1.14,11.65,138,100-161,50.0
TARGA KETCHUM RANCH COMPRESSOR STATION,FLIGHT,Natural Gas Processing,High,,211111,,False,,,34.5235,-97.7152,OK,133.21,False,34.55721,-99.16901,Oklahoma,application,150.3,4990,995,Unconsolidated,Unconsolidated,0.4771,High,True,3.46,7.31,138,100-161,50.0
Thunder Compressor Station,FLIGHT,Natural Gas Processing,High,,211111,,False,,,34.6604,-97.6172,OK,142.48,False,34.55721,-99.16901,Oklahoma,application,150.3,4990,995,Unconsolidated,Unconsolidated,0.4771,High,True,0.8,11.06,138,100-161,50.0
USA Compression - Morris Compressor Station,FLIGHT,Natural Gas Processing,High,,486210,,False,,,34.81246,-97.73431,OK,134.22,False,34.55721,-99.16901,Oklahoma,application,150.3,4990,995,Unconsolidated,Unconsolidated,0.4771,High,True,5.08,2.58,69,UNDER 100,50.0
USA Compression - Purdy Compressor Station,FLIGHT,Natural Gas Processing,High,,486210,,False,,,34.69885,-97.63359,OK,141.37,False,34.55721,-99.16901,Oklahoma,application,150.3,4990,995,Unconsolidated,Unconsolidated,0.4771,High,True,1.28,11.95,69,UNDER 100,50.0
Yellow Jacket Compressor Station,FLIGHT,Natural Gas Processing,High,,211111,,False,,,34.6919,-97.5972,OK,144.6,False,34.55721,-99.16901,Oklahoma,application,150.3,4990,995,Unconsolidated,Unconsolidated,0.4771,High,True,2.17,10.64,69,UNDER 100,50.0
Chandlersville Compressor Station,FLIGHT,Natural Gas Processing,High,,486210,218515,False,39.4,20-50 MW,39.84253,-81.94505,OH,131.29,False,41.01228,-81.73401,Ohio,federal,151.0,4966,2053,Sedimentary,Shale,0.1819,Low,False,1087.92,0.5,138,100-161,49.9
Exxon Mobil Corporation-Baton Rouge Resin Finishing Plant,FLIGHT,Petrochemicals,Medium,,325211,24493,False,4.4,1-10 MW,30.55991,-91.20212,LA,204.43,False,32.36374,-91.61842,Louisiana,primacy,154.4,4827,4846,Unconsolidated,Unconsolidated,0.493,High,True,15.9,0.12,69,UNDER 100,49.9
SHINTECH INCORPORATED,FLIGHT,Petrochemicals,Medium,,325211,119146,False,21.5,20-50 MW,28.99363,-95.35772,TX,197.94,False,29.6689,-97.24704,Texas,primacy,164.0,4489,4312,Sedimentary,Shale,0.3138,Moderate,False,52.98,0.86,138,100-161,49.9
KRATON CHEMICAL,FLIGHT,Petrochemicals,Medium,,325211,40658,False,7.3,1-10 MW,30.1676,-85.62089,FL,7.85,True,30.1076,-85.57795,Florida,federal,163.5,4556,3349,Other,Water,0.1727,Low,False,346.16,0.54,115,100-161,49.8
TGP Station 264 Charlton,FLIGHT,Natural Gas Processing,High,,486210,32834,False,5.9,1-10 MW,42.1218,-72.0021,MA,23.21,True,42.20303,-72.26145,Massachusetts,federal,150.4,4985,4,Metamorphic,Schist,0.136,Low,False,1879.15,0.86,115,100-161,49.8
Cargill Corn Milling,FLIGHT,Ethanol,High,,311221,23711,False,4.3,1-10 MW,35.0828,-90.1372,TN,22.52,True,35.05858,-90.38287,Arkansas,federal,150.6,4979,4079,Unconsolidated,Unconsolidated,0.4089,High,False,265.95,0.23,161,100-161,49.7
E I DU PONT DE NEMOURS LA PORTE PLANT,FLIGHT,Petrochemicals,Medium,,325199,,False,,,29.70026,-95.03697,TX,193.37,False,31.23567,-94.08952,Texas,primacy,167.3,4361,4815,,,0.2174,Moderate,True,20.53,0.65,138,100-161,49.6
"LYONDELLBASELL ACETYLS LLC, LA PORTE METHANOL PLANT",FLIGHT,Petrochemicals,Medium,,325199,,False,,,29.70231,-95.05492,TX,193.99,False,31.23567,-94.08952,Texas,primacy,167.3,4361,4815,,,0.2174,Moderate,True,19.64,1.26,138,100-161,49.6
TEXAS CITY REFINERY,FLIGHT,Petroleum Refining,Medium,,324110,,False,,,29.37611,-94.90806,TX,221.2,False,31.23567,-94.08952,Texas,primacy,167.3,4361,4815,,,0.2174,Moderate,True,10.58,0.05,138,100-161,49.6
"SIOUXLAND ETHANOL, LLC",FLIGHT,Ethanol,High,,325193,105130,False,18.9,10-20 MW,42.45924,-96.5995,NE,79.52,False,41.827,-96.14878,Nebraska,application,150.3,4990,590,Sedimentary,Shale,0.3265,Moderate,False,608.33,0.33,69,UNDER 100,49.5
"DAKOTA ETHANOL, LLC",FLIGHT,Ethanol,High,,325193,103284,False,18.6,10-20 MW,43.97639,-96.95333,SD,189.05,False,42.8924,-98.75716,Nebraska,application,150.8,4972,477,Sedimentary,Shale,,,False,533.24,0.14,69,UNDER 100,49.4
"WVA Manufacturing, LLC",FLIGHT,Iron & Steel,Medium,,331110,414450,False,74.7,50-100 MW,38.1381,-81.2784,WV,150.05,False,36.93869,-80.49846,Virginia,federal,150.5,4983,0,Metamorphic,Gneiss,0.1066,Low,False,985.39,0.16,138,100-161,49.4
SOLVAY Specialty Polymers USA - LLC,FLIGHT,Petrochemicals,Medium,,325211,25385,False,4.6,1-10 MW,35.70151,-101.35511,TX,142.38,False,35.37193,-102.87567,Texas,primacy,150.9,4970,1678,Sedimentary,Shale,0.2814,Moderate,True,6.28,0.88,46,UNDER 100,49.4
Aurora Ethanol Complex,FLIGHT,Ethanol,High,,325193,103041,False,18.6,10-20 MW,40.86801,-98.0364,NE,62.39,False,41.13763,-97.38433,Nebraska,application,150.2,4994,856,Sedimentary,Shale,0.4155,High,False,468.32,1.12,-999999,UNDER 100,49.3
Valero Linden Plant,FLIGHT,Ethanol,High,,325193,211216,False,38.1,20-50 MW,40.19778,-86.91083,IN,286.38,False,38.50546,-89.42189,Illinois,federal,151.8,4936,2139,Sedimentary,Shale,0.2194,Moderate,False,831.18,8.71,69,UNDER 100,49.3
MC 809 A,FLIGHT,Natural Gas Processing,High,,211120,212512,False,38.3,20-50 MW,28.15403,-89.10355,LA,364.04,False,30.54629,-86.53893,Florida,federal,150.6,4980,4785,Unconsolidated,Unconsolidated,0.0994,Very low/none,False,229.52,140.46,-999999,NOT AVAILABLE,49.2
PELICAN REFINING CO LLC,FLIGHT,Petroleum Refining,Medium,,324110,,False,,,30.2487,-93.12779,LA,127.89,False,31.23567,-93.81496,Texas,primacy,164.4,4463,4529,Sedimentary,Shale,0.2286,Moderate,True,15.48,0.99,69,UNDER 100,49.2
TPC GROUP,FLIGHT,Petrochemicals,Medium,,325199,,False,,,29.96415,-93.93014,TX,141.82,False,31.23567,-93.81496,Texas,primacy,164.4,4463,4529,Sedimentary,Shale,0.2286,Moderate,True,10.44,0.08,138,100-161,49.2
VINTON STEEL LLC,FLIGHT,Iron & Steel,Medium,,331110,42501,False,7.7,1-10 MW,31.96534,-106.58505,TX,12.93,True,31.98772,-106.7196,New Mexico,federal,192.1,3629,4084,Sedimentary,Sandstone,0.308,Moderate,False,241.29,0.15,69,UNDER 100,49.2
DKL Libby Gas Plant,FLIGHT,Natural Gas Processing,High,,211130,96752,False,17.4,10-20 MW,32.54069,-103.52235,NM,135.23,False,33.11579,-104.79763,New Mexico,federal,152.5,4913,1351,Sedimentary,Limestone,0.277,Moderate,True,28.69,21.25,115,100-161,49.1
GREEN PLAINS SHENANDOAH LLC,FLIGHT,Ethanol,High,,325193,101170,False,18.2,10-20 MW,40.7549,-95.3953,IA,134.81,False,41.827,-96.14878,Nebraska,application,150.3,4990,590,Sedimentary,Shale,0.3265,Moderate,False,413.04,2.36,69,UNDER 100,49.1
HUSKER AG L L C,FLIGHT,Ethanol,High,,325193,99897,False,18.0,10-20 MW,42.3512,-97.70688,NE,104.91,False,42.8924,-98.75716,Nebraska,application,150.8,4972,477,Sedimentary,Shale,,,False,617.12,0.2,69,UNDER 100,49.1
Husker Ag LLC (Plainview),Ethanol(EIA),Ethanol,High,,325193,99897,False,18.0,10-20 MW,42.3511,-97.7428,Nebraska,102.52,False,42.8924,-98.75716,Nebraska,application,150.8,4972,477,Sedimentary,Shale,,,False,617.85,2.6,69,UNDER 100,49.1
Buckeye Texas Processing LLC,FLIGHT,Petroleum Refining,Medium,,324110,110298,False,19.9,10-20 MW,27.81837,-97.50278,TX,146.39,False,28.97953,-98.20803,Texas,primacy,163.8,4506,4971,Sedimentary,Shale,0.8989,Severe,False,139.01,0.37,69,UNDER 100,49.0
Hidalgo Cryogenic Gas Plant,FLIGHT,Natural Gas Processing,High,,211130,97792,False,17.6,10-20 MW,31.83307,-104.24139,TX,84.32,False,32.11306,-105.0722,New Mexico,federal,151.6,4940,1242,Unconsolidated,Unconsolidated,0.2457,Moderate,True,22.49,10.26,138,100-161,49.0
THE ANDERSONS MARATHON HOLDINGS LLC,FLIGHT,Ethanol,High,,325193,206858,False,37.3,20-50 MW,42.25965,-84.78973,MI,282.69,False,41.13763,-81.73401,Ohio,federal,152.1,4930,2024,Sedimentary,Shale,0.1617,Low,False,1090.29,0.23,-999999,NOT AVAILABLE,49.0
"Sekisui Specialty Chemicals America, LLC - Pasadena",FLIGHT,Petrochemicals,Medium,,325211,16156,False,2.9,1-10 MW,29.71606,-95.19,TX,187.5,False,29.98226,-97.10976,Texas,primacy,153.2,4864,3824,,,0.4857,High,True,16.95,0.19,138,100-161,48.9
OHL NGLP Hutchinson Plant,FLIGHT,Natural Gas Processing,High,,211130,96000,False,17.3,10-20 MW,38.02875,-97.97694,KS,322.48,False,35.74795,-95.73693,Oklahoma,application,150.8,4970,1341,Sedimentary,Sandstone,0.1588,Low,False,179.4,0.26,-999999,NOT AVAILABLE,48.8
San Diego Gas and Electric -Moreno Station,FLIGHT,Natural Gas Processing,High,,486210,,False,,,33.90891,-117.12101,CA,22.84,True,33.86783,-116.87858,California,federal,160.9,4562,0,Igneous,Granite,0.7044,Severe,False,806.47,1.42,115,100-161,48.8
TRENTON AGRI PRODUCTS,FLIGHT,Ethanol,High,,325193,48700,False,8.8,1-10 MW,40.19618,-100.98,NE,35.62,True,40.32291,-101.36555,Nebraska,application,150.4,4985,1616,Sedimentary,Shale,0.547,High,False,343.88,2.58,69,UNDER 100,48.8
CMC Steel New Jersey,FLIGHT,Iron & Steel,Medium,,331110,75627,False,13.6,10-20 MW,40.48011,-74.32098,NJ,10.51,True,40.38558,-74.3207,New Jersey,federal,152.4,4914,138,Unconsolidated,Unconsolidated,0.1321,Low,False,1617.73,0.78,230,220-287,48.7
"SNG Station 5222 Enterprise, MS",FLIGHT,Natural Gas Processing,High,,486210,92963,False,16.8,10-20 MW,32.15161,-88.84389,MS,140.38,False,31.61169,-87.49992,Alabama,application,151.7,4936,4034,Sedimentary,Shale,0.1102,Low,False,41.84,0.94,230,220-287,48.7
"TOTALENERGIES PETROCHEMICALS & REFINING USA, INC. - CARVILLE POLYSTYRENE PLANT",FLIGHT,Petrochemicals,Medium,,325211,11214,False,2.0,1-10 MW,30.21891,-91.06633,LA,244.19,False,32.36374,-91.61842,Louisiana,primacy,154.4,4827,4846,Unconsolidated,Unconsolidated,0.493,High,True,1.06,0.99,138,100-161,48.7
Marion Ethanol LLC d/b/a Poet Biorefining - Marion,FLIGHT,Ethanol,High,,325193,205275,False,37.0,20-50 MW,40.61856,-83.15956,OH,127.7,False,41.01228,-81.73401,Ohio,federal,151.0,4966,2053,Sedimentary,Shale,0.1819,Low,False,1087.77,1.09,138,100-161,48.6
Rose Valley Gas Plant,FLIGHT,Natural Gas Processing,High,,486210,95284,False,17.2,10-20 MW,36.66771,-98.75314,OK,237.67,False,34.55721,-99.16901,Oklahoma,application,150.3,4990,995,Unconsolidated,Unconsolidated,0.4771,High,False,95.39,1.51,138,100-161,48.6
"HUNTSMAN ADVANCED MATERIALS AMERICAS, LLC",FLIGHT,Petrochemicals,Medium,,325211,19234,False,3.5,1-10 MW,41.04567,-81.54176,OH,5.64,True,41.07495,-81.59673,Ohio,federal,152.1,4928,2188,Sedimentary,Sandstone,0.151,Low,False,1210.07,0.83,138,100-161,48.4
Cargill Inc (Eddyville),Ethanol(EIA),Ethanol,High,,325193,203060,True,36.6,20-50 MW,41.1417,-92.6411,Iowa,272.58,False,42.20303,-95.59964,Iowa,federal,150.8,4972,687,Sedimentary,Sandstone,0.231,Moderate,False,521.92,0.31,161,100-161,48.4
"Holstein, MMS Platform ID 02481, Complex ID 1035-1",FLIGHT,Natural Gas Processing,High,,211120,88091,False,15.9,10-20 MW,27.32123,-90.53547,LA,525.42,False,31.23567,-87.49992,Alabama,application,152.1,4923,4902,Unconsolidated,Unconsolidated,0.1495,Low,False,280.47,201.06,-999999,NOT AVAILABLE,48.3
SPECIALTY MINERALS,FLIGHT,Lime,Medium,,327410,104307,False,18.8,10-20 MW,42.6432,-73.1135,MA,13.55,True,42.64172,-72.94787,Massachusetts,federal,153.3,4897,3,Metamorphic,Metamorphic,0.1421,Low,False,1836.47,1.26,115,100-161,48.3
CMC Steel SC,FLIGHT,Iron & Steel,Medium,,331110,131133,False,23.6,20-50 MW,33.96326,-81.0498,SC,16.37,True,33.86783,-81.18488,South Carolina,federal,155.2,4814,109,Unconsolidated,Unconsolidated,0.1573,Low,False,761.47,0.4,230,220-287,48.2
Valero Renewable Fuels LLC Charles City,FLIGHT,Ethanol,High,,325193,201940,False,36.4,20-50 MW,43.09645,-92.74499,IA,251.55,False,45.33656,-92.30484,Wisconsin,federal,150.3,4990,54,Sedimentary,Sandstone,0.1185,Low,False,715.19,5.1,69,UNDER 100,48.2
CHS-Rochelle,FLIGHT,Ethanol,High,,325193,192859,False,34.7,20-50 MW,41.89246,-89.03439,IL,341.16,False,44.96053,-89.01004,Wisconsin,federal,155.1,4827,29,Igneous,Granite,0.0741,Very low/none,False,778.97,0.79,138,100-161,48.1
HEARTLAND CORN PRODUCTS,FLIGHT,Ethanol,High,,325193,199565,False,36.0,20-50 MW,44.54194,-94.34167,MN,83.78,False,45.27389,-94.08952,Minnesota,federal,150.5,4983,56,,,0.2105,Moderate,False,657.31,0.7,69,UNDER 100,48.1
Texas Gas Transmission - Lake Cormorant Station,FLIGHT,Natural Gas Processing,High,,486210,49924,False,9.0,1-10 MW,34.89919,-90.16639,MS,26.52,True,35.05858,-90.38287,Arkansas,federal,150.6,4979,4079,Unconsolidated,Unconsolidated,0.4089,High,False,245.38,2.21,230,220-287,48.1
EXXONMOBIL CHEMICAL MONT BELVIEU PLASTICS PLANT,FLIGHT,Petrochemicals,Medium,,325211,93204,False,16.8,10-20 MW,29.8742,-94.9122,TX,170.66,False,31.23567,-94.08952,Texas,primacy,167.3,4361,4815,,,0.2174,Moderate,False,39.13,1.78,138,100-161,48.0
ABERDEEN ENERGY LLC,FLIGHT,Ethanol,High,,325193,197928,False,35.7,20-50 MW,45.44242,-98.78714,SD,160.2,False,44.89786,-100.67913,South Dakota,federal,150.3,4987,1248,Sedimentary,Shale,0.2374,Moderate,False,315.48,0.39,69,UNDER 100,47.9
KERN RIVER GAS TRANSMISSION CO: COYOTE CREEK COMPRESSOR STATION,FLIGHT,Natural Gas Processing,High,,486210,62383,False,11.2,10-20 MW,41.06821,-110.75993,WY,37.88,True,40.7616,-110.56354,Utah,application,151.5,4955,0,Sedimentary,Sandstone,0.1231,Low,False,102.45,23.17,115,100-161,47.9
THE ANDERSONS MARATHON HOLDINGS LLC,FLIGHT,Ethanol,High,,325193,197846,False,35.6,20-50 MW,40.08111,-84.59167,OH,262.7,False,41.01228,-81.73401,Ohio,federal,151.0,4966,2053,Sedimentary,Shale,0.1819,Low,False,968.57,0.85,69,UNDER 100,47.9
TRANSCO STATION 185,FLIGHT,Natural Gas Processing,High,,486210,15001,False,2.7,1-10 MW,38.8021,-77.5017,VA,23.61,True,38.6308,-77.34094,Virginia,federal,150.8,4970,118,,,0.1825,Low,False,1287.69,0.17,115,100-161,47.9
Valero Bloominburg Plant,FLIGHT,Ethanol,High,,325193,196764,False,35.5,20-50 MW,39.5975,-83.39044,OH,210.89,False,41.01228,-81.73401,Ohio,federal,151.0,4966,2053,Sedimentary,Shale,0.1819,Low,False,985.99,6.46,69,UNDER 100,47.9
Heron Lake Bioenergy LLC (Heron Lake),Ethanol(EIA),Ethanol,High,,325193,197340,True,35.6,20-50 MW,43.8074,-95.2884,Minnesota,180.18,False,42.20303,-95.59964,Iowa,federal,150.8,4972,687,Sedimentary,Sandstone,0.231,Moderate,False,643.42,0.31,161,100-161,47.9
ALTON STEEL COMPANY,FLIGHT,Iron & Steel,Medium,,331110,24279,False,4.4,1-10 MW,38.88321,-90.14503,IL,7.84,True,38.81881,-90.1083,Illinois,federal,159.6,4678,984,,,0.2823,Moderate,False,519.31,0.94,138,100-161,47.8
Cleveland-Cliffs Warren,FLIGHT,Petroleum Refining,Medium,,324199,162965,False,29.4,20-50 MW,41.21124,-80.81682,OH,19.34,True,41.2003,-81.04759,Ohio,federal,152.9,4900,2482,Sedimentary,Shale,0.2077,Moderate,False,1264.23,0.1,138,100-161,47.8
Green Plains York LLC,FLIGHT,Ethanol,High,,325193,86449,False,15.6,10-20 MW,40.69874,-97.5674,NE,51.17,False,41.13763,-97.38433,Nebraska,application,150.2,4994,856,Sedimentary,Shale,0.4155,High,False,437.49,4.36,115,100-161,47.8
Poet Biorefining Fairbank LLC,FLIGHT,Ethanol,High,,325193,196145,False,35.3,20-50 MW,42.63933,-92.03114,IA,296.89,False,42.20303,-95.59964,Iowa,federal,150.8,4972,687,Sedimentary,Sandstone,0.231,Moderate,False,692.33,5.74,161,100-161,47.8
Valero Fort Dodge Plant,FLIGHT,Ethanol,High,,325193,195687,False,35.3,20-50 MW,42.53139,-94.29333,IA,113.36,False,42.20303,-95.59964,Iowa,federal,150.8,4972,687,Sedimentary,Sandstone,0.231,Moderate,False,620.2,2.85,161,100-161,47.8
Verner,FLIGHT,Natural Gas Processing,High,,486210,,False,,,34.92527,-95.91388,OK,32.24,True,35.05858,-95.59964,Oklahoma,application,150.6,4978,4437,Sedimentary,Shale,0.1688,Low,False,156.44,12.69,-999999,100-161,47.8
"BD LAPLACE, LLC",FLIGHT,Iron & Steel,Medium,,331110,,False,,,30.03686,-90.46454,LA,281.04,False,32.36374,-91.61842,Louisiana,primacy,154.4,4827,4846,Unconsolidated,Unconsolidated,0.493,High,True,16.36,0.73,230,220-287,47.7
CONVENT REFINERY,FLIGHT,Petroleum Refining,Medium,,324110,40,False,0.0,<1 MW,30.10846,-90.89677,LA,259.99,False,32.36374,-91.61842,Louisiana,primacy,154.4,4827,4846,Unconsolidated,Unconsolidated,0.493,High,True,8.64,0.95,230,220-287,47.7
HEXION INC.,FLIGHT,Petrochemicals,Medium,,325199,,False,,,30.00242,-90.4235,LA,286.11,False,32.36374,-91.61842,Louisiana,primacy,154.4,4827,4846,Unconsolidated,Unconsolidated,0.493,High,True,11.01,0.93,-999999,NOT AVAILABLE,47.7
ONE EARTH ENERGY LLC,FLIGHT,Ethanol,High,,325193,184415,False,33.2,20-50 MW,40.47109,-88.39574,IL,233.6,False,38.75614,-89.97102,Illinois,federal,157.5,4753,1518,Sedimentary,Shale,0.2006,Moderate,False,730.75,0.25,138,100-161,47.7
PATRIOT RENEWABLE FUELS LLC,FLIGHT,Ethanol,High,,325193,180859,False,32.6,20-50 MW,41.3934,-89.87221,IL,286.98,False,38.81881,-90.1083,Illinois,federal,159.6,4678,984,,,0.2823,Moderate,False,690.11,14.37,138,100-161,47.7
SHELL CHEMICAL LP - NORCO CHEMICAL PLANT WEST SITE,FLIGHT,Petrochemicals,Medium,,325110,,False,,,29.99904,-90.42335,LA,286.46,False,32.36374,-91.61842,Louisiana,primacy,154.4,4827,4846,Unconsolidated,Unconsolidated,0.493,High,True,10.67,1.28,-999999,NOT AVAILABLE,47.7
ST ROSE FACILITY,FLIGHT,Petroleum Refining,Medium,,324110,,False,,,29.95222,-90.32856,LA,294.9,False,32.36374,-91.61842,Louisiana,primacy,154.4,4827,4846,Unconsolidated,Unconsolidated,0.493,High,True,5.46,0.69,230,220-287,47.7
THE ANDERSONS MARATHON HOLDINGS LLC,FLIGHT,Ethanol,High,,325193,72860,False,13.1,10-20 MW,41.99417,-95.39,IA,28.96,True,42.20303,-95.59964,Iowa,federal,150.8,4972,687,Sedimentary,Sandstone,0.231,Moderate,False,550.76,1.04,69,UNDER 100,47.7
FLORIDA GAS TRANSMISSION COMPANY - Mt VERNON,FLIGHT,Natural Gas Processing,High,,486210,80512,False,14.5,10-20 MW,31.11788,-88.0098,AL,50.24,False,31.23567,-87.49992,Alabama,application,152.1,4923,4902,Unconsolidated,Unconsolidated,0.1495,Low,False,98.61,2.38,230,220-287,47.6
GreenAmerica Biofuels Ord LLC,FLIGHT,Ethanol,High,,325193,84243,False,15.2,10-20 MW,41.5701,-98.821,NE,129.2,False,41.13763,-97.38433,Nebraska,application,150.2,4994,856,Sedimentary,Shale,0.4155,High,False,524.36,10.5,115,100-161,47.6
"LITTLE SIOUX CORN PROCESSORS, LLC",FLIGHT,Ethanol,High,,325193,193904,False,34.9,20-50 MW,42.82085,-95.7609,IA,69.96,False,42.20303,-95.59964,Iowa,federal,150.8,4972,687,Sedimentary,Sandstone,0.231,Moderate,False,642.58,0.16,69,UNDER 100,47.6
MC 807 A,FLIGHT,Natural Gas Processing,High,,211120,194361,False,35.0,20-50 MW,28.16952,-89.22288,LA,370.79,False,30.54629,-86.53893,Florida,federal,150.6,4980,4785,Unconsolidated,Unconsolidated,0.0994,Very low/none,False,221.6,135.72,-999999,NOT AVAILABLE,47.6
Monument Gas Plant,FLIGHT,Natural Gas Processing,High,,211130,83129,False,15.0,10-20 MW,32.62414,-103.29293,NM,149.84,False,33.49181,-104.52307,New Mexico,federal,150.5,4982,1089,Unconsolidated,Unconsolidated,0.7982,Severe,True,19.33,0.68,115,100-161,47.6
Symrise,FLIGHT,Petrochemicals,Medium,,325199,14586,False,2.6,1-10 MW,30.38013,-81.66431,FL,7.11,True,30.35828,-81.73401,Florida,federal,159.4,4674,1258,Unconsolidated,Unconsolidated,0.232,Moderate,False,692.22,2.22,69,UNDER 100,47.6
"TGP Station 546 Columbus, MS",FLIGHT,Natural Gas Processing,High,,486210,84340,False,15.2,10-20 MW,33.44875,-88.359,MS,88.56,False,34.18119,-88.73547,Mississippi,application,150.2,4994,2807,Sedimentary,Limestone,0.2061,Moderate,False,180.37,1.03,161,100-161,47.6
THE ANDERSONS MARATHON HOLDINGS LLC,FLIGHT,Ethanol,High,,325193,191801,False,34.6,20-50 MW,40.71902,-86.43598,IN,354.93,False,38.50546,-89.42189,Illinois,federal,151.8,4936,2139,Sedimentary,Shale,0.2194,Moderate,False,891.0,0.31,-999999,UNDER 100,47.6
Green America Biofuels Ord LLC (Ord),Ethanol(EIA),Ethanol,High,,325193,84243,False,15.2,10-20 MW,41.6056,-98.9281,Nebraska,138.93,False,41.13763,-97.38433,Nebraska,application,150.2,4994,856,Sedimentary,Shale,0.4155,High,False,525.21,2.95,-999999,NOT AVAILABLE,47.6
AL CORN CLEAN FUEL,FLIGHT,Ethanol,High,,325193,193607,False,34.9,20-50 MW,44.04941,-93.01738,MN,153.81,False,45.33656,-92.30484,Wisconsin,federal,150.3,4990,54,Sedimentary,Sandstone,0.1185,Low,False,775.83,0.39,161,100-161,47.5
Evonik Pasadena PMD Site,FLIGHT,Petrochemicals,Medium,,325199,,False,,,29.71307,-95.19333,TX,187.24,False,29.98226,-97.10976,Texas,primacy,153.2,4864,3824,,,0.4857,High,True,16.64,0.65,138,100-161,47.5
G5LT CDP Compressor Station,FLIGHT,Natural Gas Processing,High,,213112,,False,,,28.0191,-99.7248,TX,26.39,True,28.03947,-99.99271,Unknown,unknown,175.7,4134,4497,Sedimentary,Shale,0.2971,Moderate,False,316.32,45.57,138,100-161,47.5
KANEKA TEXAS Corporation,FLIGHT,Petrochemicals,Medium,,325211,,False,,,29.62165,-95.08513,TX,199.42,False,29.98226,-97.10976,Texas,primacy,153.2,4864,3824,,,0.4857,High,True,10.79,1.6,138,100-161,47.5
UNION CARBIDE TEXAS CITY,FLIGHT,Petrochemicals,Medium,,325110,,False,,,29.37556,-94.94944,TX,219.33,False,29.98226,-97.10976,Texas,primacy,153.2,4864,3824,,,0.4857,High,True,8.7,0.4,138,100-161,47.5
Valero Hartley Plant,FLIGHT,Ethanol,High,,325193,192779,False,34.7,20-50 MW,43.18294,-95.50569,IA,109.23,False,42.20303,-95.59964,Iowa,federal,150.8,4972,687,Sedimentary,Sandstone,0.231,Moderate,False,677.74,2.21,69,UNDER 100,47.5
CalPortland Company Colton Plant,FLIGHT,Cement,Medium,,327310,,False,,,34.0595,-117.3432,CA,10.18,True,34.11852,-117.42771,California,federal,186.5,3945,419,Unconsolidated,Unconsolidated,0.6155,High,False,816.28,0.89,66,UNDER 100,47.3
DSM CHEMICALS NORTH AMERICA INCORPORATED,FLIGHT,Petrochemicals,Medium,,325199,,False,,,33.44136,-81.93123,GA,5.73,True,33.42914,-81.87129,South Carolina,federal,156.6,4787,129,Unconsolidated,Unconsolidated,0.1433,Low,False,667.2,0.14,115,100-161,47.3
Maljamar Gas Plant,FLIGHT,Natural Gas Processing,High,,211130,76659,False,13.8,10-20 MW,32.81389,-103.77194,NM,101.41,False,33.11579,-104.79763,New Mexico,federal,152.5,4913,1351,Sedimentary,Limestone,0.277,Moderate,True,1.2,14.27,69,UNDER 100,47.3
TRUNKLINE GAS CO - DYERSBURG,FLIGHT,Natural Gas Processing,High,,486210,,False,,,35.94181,-89.31276,TN,23.69,True,35.74795,-89.42189,Tennessee,federal,156.8,4751,4234,Unconsolidated,Unconsolidated,0.3068,Moderate,False,373.82,0.53,69,UNDER 100,47.3
"TETRA Technologies, Inc.",FLIGHT,Petrochemicals,Medium,,325199,,False,,,33.17722,-92.71917,AR,7.11,True,33.24113,-92.71669,Arkansas,federal,165.3,4454,2497,Unconsolidated,Unconsolidated,0.2316,Moderate,False,132.16,2.12,115,100-161,47.2
VALERO ALBERT CITY PLANT,FLIGHT,Ethanol,High,,325193,189653,False,34.2,20-50 MW,42.77538,-94.94217,IA,83.41,False,42.20303,-95.59964,Iowa,federal,150.8,4972,687,Sedimentary,Sandstone,0.231,Moderate,False,639.75,0.36,69,UNDER 100,47.2
CHEVRON PHILLIPS CHEMICAL CO LP,FLIGHT,Petrochemicals,Medium,,325199,,False,,,35.69824,-101.35774,TX,142.06,False,35.37193,-102.87567,Texas,primacy,150.9,4970,1678,Sedimentary,Shale,0.2814,Moderate,True,6.04,0.44,46,UNDER 100,47.1
Falcon Gas Plant,FLIGHT,Natural Gas Processing,High,,211130,76311,False,13.7,10-20 MW,31.9816,-104.065,TX,96.05,False,32.11306,-105.0722,New Mexico,federal,151.6,4940,1242,Unconsolidated,Unconsolidated,0.2457,Moderate,True,6.31,9.54,345,345,47.1
TRANSCO STATION 105,FLIGHT,Natural Gas Processing,High,,486210,77693,False,14.0,10-20 MW,32.88333,-86.16667,AL,101.9,False,32.11306,-85.57795,Alabama,application,150.9,4964,917,Unconsolidated,Unconsolidated,0.2842,Moderate,False,275.22,2.23,-999999,NOT AVAILABLE,47.1
TRECORA HYDROCARBONS LLC,FLIGHT,Petrochemicals,Medium,,325110,83079,False,15.0,10-20 MW,30.3985,-94.2296,TX,94.05,False,31.23567,-94.08952,Texas,primacy,167.3,4361,4815,,,0.2174,Moderate,False,44.48,5.71,138,100-161,47.1
VALERO WELCOME PLANT,FLIGHT,Ethanol,High,,325193,188618,False,34.0,20-50 MW,43.66389,-94.58222,MN,182.34,False,42.20303,-95.59964,Iowa,federal,150.8,4972,687,Sedimentary,Sandstone,0.231,Moderate,False,697.42,1.62,69,UNDER 100,47.1
WD 73 A-D Platform,FLIGHT,Natural Gas Processing,High,,211120,73992,False,13.3,10-20 MW,28.9436,-89.7065,LA,331.68,False,31.23567,-87.49992,Alabama,application,152.1,4923,4902,Unconsolidated,Unconsolidated,0.1495,Low,False,123.83,42.61,-999999,NOT AVAILABLE,47.0
BIG RIVER RESOURCES GALVA LLC,FLIGHT,Ethanol,High,,325193,171305,False,30.9,20-50 MW,41.16969,-90.02447,IL,261.5,False,38.81881,-90.1083,Illinois,federal,159.6,4678,984,,,0.2823,Moderate,False,663.96,0.36,-999999,100-161,46.9
"Hankinson Renewable Energy, LLC",FLIGHT,Ethanol,High,,325193,186974,False,33.7,20-50 MW,46.07319,-96.88678,ND,234.79,False,45.27389,-94.08952,Minnesota,federal,150.5,4983,56,,,0.2105,Moderate,False,402.44,0.28,41,UNDER 100,46.9
MC 365 A (Corral),FLIGHT,Natural Gas Processing,High,,211130,72456,False,13.1,10-20 MW,28.60096,-89.31131,LA,341.02,False,31.23567,-87.49992,Alabama,application,152.1,4923,4902,Unconsolidated,Unconsolidated,0.1495,Low,False,177.5,87.07,-999999,NOT AVAILABLE,46.9
Steelhead Platform,FLIGHT,Natural Gas Processing,High,,211120,90006,False,16.2,10-20 MW,60.83125,-151.60426,AK,2241.58,False,48.6581,-123.19362,Unknown,unknown,208.7,3440,48,Other,Water,0.0675,Very low/none,False,3210.35,20.62,115,100-161,46.9
Columbia Gulf Transmission - Holcomb CS,FLIGHT,Natural Gas Processing,High,,486210,75243,False,13.6,10-20 MW,33.73566,-90.02899,MS,88.69,False,34.43187,-89.55917,Mississippi,application,150.1,4996,3171,Sedimentary,Shale,0.1779,Low,False,119.99,4.95,-999999,NOT AVAILABLE,46.8
Cowboy CDP,FLIGHT,Natural Gas Processing,High,,211120,73089,False,13.2,10-20 MW,32.16042,-103.83859,NM,116.27,False,32.11306,-105.0722,New Mexico,federal,151.6,4940,1242,Unconsolidated,Unconsolidated,0.2457,Moderate,True,22.75,2.44,345,345,46.8
Hanoverton,FLIGHT,Natural Gas Processing,High,,486210,170451,False,30.7,20-50 MW,40.73728,-80.94227,OH,38.58,True,41.07495,-81.04759,Ohio,federal,150.1,4998,2692,Sedimentary,Shale,0.1369,Low,False,1218.61,1.0,138,100-161,46.8
Main Pass 41 B O BB,FLIGHT,Natural Gas Processing,High,,211130,71460,False,12.9,10-20 MW,29.3999,-88.9697,LA,248.13,False,31.23567,-87.49992,Alabama,application,152.1,4923,4902,Unconsolidated,Unconsolidated,0.1495,Low,False,146.73,55.18,-999999,NOT AVAILABLE,46.8
"TGP Station 550 Hamilton, AL",FLIGHT,Natural Gas Processing,High,,486210,75719,False,13.6,10-20 MW,34.23758,-88.08161,AL,40.98,True,34.43187,-88.4609,Mississippi,application,150.2,4994,2130,Unconsolidated,Unconsolidated,0.2032,Moderate,False,260.7,11.61,161,100-161,46.8
"Chief Ethanol Fuels, Inc.",FLIGHT,Ethanol,High,,325193,71539,False,12.9,10-20 MW,40.74609,-99.76787,NE,134.79,False,40.82427,-101.36555,Nebraska,application,151.9,4929,1460,Sedimentary,Shale,0.5901,High,False,414.21,0.7,115,100-161,46.7
GUARDIAN ENERGY LLC,FLIGHT,Ethanol,High,,325193,184615,False,33.3,20-50 MW,44.11194,-93.67861,MN,133.22,False,45.27389,-94.08952,Minnesota,federal,150.5,4983,56,,,0.2105,Moderate,False,727.35,9.78,69,UNDER 100,46.7
Chief Ethanol Fuels Inc (Lexington),Ethanol(EIA),Ethanol,High,,325193,71539,False,12.9,10-20 MW,40.7669,-99.7225,Nebraska,138.46,False,40.82427,-101.36555,Nebraska,application,151.9,4929,1460,Sedimentary,Shale,0.5901,High,False,417.32,1.44,230,220-287,46.7
Glacial Lakes Energy,FLIGHT,Ethanol,High,,325193,183158,False,33.0,20-50 MW,44.8762,-97.1148,SD,241.62,False,45.27389,-94.08952,Minnesota,federal,150.5,4983,56,,,0.2105,Moderate,False,455.76,1.78,69,UNDER 100,46.6
ICM Biofuels LLC,FLIGHT,Ethanol,High,,325193,73283,False,13.2,10-20 MW,39.74025,-94.84682,MO,256.62,False,41.827,-96.14878,Nebraska,application,150.3,4990,590,Sedimentary,Shale,0.3265,Moderate,False,306.8,0.82,161,100-161,46.6
KAAPA ETHANOL LLC,FLIGHT,Ethanol,High,,325193,73391,False,13.2,10-20 MW,40.48336,-99.07722,NE,159.97,False,41.13763,-97.38433,Nebraska,application,150.2,4994,856,Sedimentary,Shale,0.4155,High,False,403.74,0.17,69,UNDER 100,46.6
Medusa,FLIGHT,Natural Gas Processing,High,,211120,69159,False,12.5,10-20 MW,28.3944,-89.456,LA,367.99,False,31.23567,-87.49992,Alabama,application,152.1,4923,4902,Unconsolidated,Unconsolidated,0.1495,Low,False,188.31,106.48,-999999,NOT AVAILABLE,46.6
Panther Creek Processing Facility,FLIGHT,Natural Gas Processing,High,,211130,72142,False,13.0,10-20 MW,34.64901,-96.17337,OK,69.39,False,35.05858,-95.59964,Oklahoma,application,150.6,4978,4437,Sedimentary,Shale,0.1688,Low,False,132.37,2.45,138,100-161,46.6
Symrise,FLIGHT,Petrochemicals,Medium,,325199,27209,False,4.9,1-10 MW,31.10807,-81.54968,GA,8.07,True,31.04766,-81.59673,Georgia,federal,151.8,4931,1521,Unconsolidated,Unconsolidated,0.2235,Moderate,False,687.5,1.77,-999999,NOT AVAILABLE,46.6
Waynoka Gas Plant,FLIGHT,Natural Gas Processing,High,,211130,73219,False,13.2,10-20 MW,36.6526,-98.7673,OK,235.81,False,34.55721,-99.16901,Oklahoma,application,150.3,4990,995,Unconsolidated,Unconsolidated,0.4771,High,False,95.98,0.31,138,100-161,46.6
BIG RIVER UNITED ENERGY LLC,FLIGHT,Ethanol,High,,325193,174051,False,31.4,20-50 MW,42.4872,-91.1633,IA,324.9,False,44.96053,-89.01004,Wisconsin,federal,155.1,4827,29,Igneous,Granite,0.0741,Very low/none,False,713.64,4.29,69,UNDER 100,46.5
Brooksville North Cement Plant,FLIGHT,Cement,Medium,,327310,,False,,,28.64355,-82.47203,FL,5.63,True,28.66617,-82.42043,Florida,federal,150.7,4975,1858,Sedimentary,Limestone,0.1775,Low,False,694.88,0.08,115,100-161,46.5
FLORIDA GAS TRANSMISSION COMPANY - WIGGINS,FLIGHT,Natural Gas Processing,High,,486210,68911,False,12.4,10-20 MW,30.9534,-89.03447,MS,149.45,False,31.23567,-87.49992,Alabama,application,152.1,4923,4902,Unconsolidated,Unconsolidated,0.1495,Low,False,90.46,14.35,-999999,100-161,46.5
OFS GPRP Custer Gas Plant,FLIGHT,Natural Gas Processing,High,,211130,70208,False,12.7,10-20 MW,35.64892,-98.89806,OK,123.87,False,34.55721,-99.16901,Oklahoma,application,150.3,4990,995,Unconsolidated,Unconsolidated,0.4771,High,False,100.04,9.24,138,100-161,46.4
"POET Biorefining- Menlo, LLC",FLIGHT,Ethanol,High,,325193,180626,False,32.5,20-50 MW,41.5236,-94.3819,IA,126.0,False,42.20303,-95.59964,Iowa,federal,150.8,4972,687,Sedimentary,Sandstone,0.231,Moderate,False,508.91,0.41,-999999,NOT AVAILABLE,46.4
US GYPSUM - BRIDGEPORT PLANT,FLIGHT,Minerals,Medium,,327420,90231,False,16.3,10-20 MW,34.9627,-85.72787,AL,24.1,True,34.93323,-85.9898,Alabama,application,152.6,4906,2124,Sedimentary,Shale,0.1574,Low,False,456.36,1.0,161,100-161,46.4
"Valero Renewable Fuels, LLC d/b/a Valero Bluffton Plant",FLIGHT,Ethanol,High,,325193,180313,False,32.5,20-50 MW,40.72214,-85.19372,IN,292.69,False,41.01228,-81.73401,Ohio,federal,151.0,4966,2053,Sedimentary,Shale,0.1819,Low,False,987.72,0.65,-999999,NOT AVAILABLE,46.4
Elite Octane,FLIGHT,Ethanol,High,,325193,177746,False,32.0,20-50 MW,41.41772,-95.03182,IA,96.84,False,41.88967,-96.01149,Iowa,federal,151.8,4938,622,Sedimentary,Shale,0.3542,Moderate,False,488.77,0.14,69,UNDER 100,46.3
Nucor Steel Gallatin LLC,FLIGHT,Iron & Steel,Medium,,331110,378216,False,68.1,50-100 MW,38.76667,-85.00417,KY,348.37,False,35.68528,-85.71523,Tennessee,federal,151.5,4948,2070,Sedimentary,Limestone,0.2031,Moderate,False,828.34,1.93,69,UNDER 100,46.3
Redcliff Plant,FLIGHT,Natural Gas Processing,High,,211130,69128,False,12.5,10-20 MW,36.23419,-99.15113,OK,186.48,False,34.55721,-99.16901,Oklahoma,application,150.3,4990,995,Unconsolidated,Unconsolidated,0.4771,High,False,122.09,8.16,138,100-161,46.3
"Sandhills Renewable Energy, LLC",FLIGHT,Ethanol,High,,325193,68479,False,12.3,10-20 MW,42.51899,-98.9596,NE,44.7,True,42.8924,-98.75716,Nebraska,application,150.8,4972,477,Sedimentary,Shale,,,False,556.96,0.23,69,UNDER 100,46.3
Front Runner,FLIGHT,Natural Gas Processing,High,,211120,64879,False,11.7,10-20 MW,27.6248,-90.441,LA,492.22,False,31.23567,-87.49992,Alabama,application,152.1,4923,4902,Unconsolidated,Unconsolidated,0.1495,Low,False,246.63,166.26,-999999,NOT AVAILABLE,46.2
GOLDEN TRIANGLE ENERGY LLC,FLIGHT,Ethanol,High,,325193,68591,False,12.4,10-20 MW,40.18925,-95.36789,MO,193.54,False,41.827,-96.14878,Nebraska,application,150.3,4990,590,Sedimentary,Shale,0.3265,Moderate,False,350.33,1.21,-999999,NOT AVAILABLE,46.2
US GYPSUM - NORFOLK PLANT,FLIGHT,Minerals,Medium,,327420,,False,,,36.82579,-76.28625,VA,6.8,True,36.87602,-76.24267,Virginia,federal,157.0,4757,761,Unconsolidated,Unconsolidated,0.1386,Low,False,1276.89,0.74,230,220-287,46.2
"Valero Renewable Fuels Company, LLC d/b/a Valero Mt. Vernon Plant",FLIGHT,Ethanol,High,,325193,177595,False,32.0,20-50 MW,37.93357,-87.87341,IN,107.54,False,37.37739,-88.87275,Illinois,federal,151.5,4946,4094,Sedimentary,Limestone,0.2635,Moderate,False,625.12,0.72,69,UNDER 100,46.2
JEWELL COAL & COKE,FLIGHT,Petroleum Refining,Medium,,324199,376576,False,67.9,50-100 MW,37.23437,-82.04302,VA,131.08,False,36.87602,-80.63574,Virginia,federal,150.7,4978,0,Metamorphic,Gneiss,0.1364,Low,False,867.42,1.08,69,UNDER 100,46.1
THE NUTRASWEET COMPANY,FLIGHT,Petrochemicals,Medium,,325199,,False,,,33.39258,-81.94314,GA,6.73,True,33.36647,-82.00858,Georgia,federal,155.8,4784,45,Unconsolidated,Unconsolidated,0.234,Moderate,False,664.77,3.3,115,100-161,46.1
Buffalo Creek Processing Plant,FLIGHT,Natural Gas Processing,High,,211130,66025,False,11.9,10-20 MW,35.32062,-99.78475,OK,101.76,False,34.55721,-99.16901,Oklahoma,application,150.3,4990,995,Unconsolidated,Unconsolidated,0.4771,High,False,140.91,0.24,138,100-161,46.0
Pratt Energy LLC,FLIGHT,Ethanol,High,,325193,65352,False,11.8,10-20 MW,37.68962,-98.70704,KS,319.84,False,38.56813,-102.18925,Colorado,application,150.4,4985,1855,Sedimentary,Shale,0.4181,High,False,169.04,0.88,115,100-161,46.0
ANSHUTZ RANCH EAST GAS PLANT,FLIGHT,Natural Gas Processing,High,,211130,,False,,,41.06722,-111.04083,WY,34.52,True,40.7616,-111.11267,Utah,application,152.7,4902,0,,,0.151,Low,False,121.82,0.16,115,100-161,45.9
Bushton Compressor Station,FLIGHT,Natural Gas Processing,High,,486210,64897,False,11.7,10-20 MW,38.49688,-98.41842,KS,306.63,False,41.13763,-97.38433,Nebraska,application,150.2,4994,856,Sedimentary,Shale,0.4155,High,False,243.15,7.92,-999999,NOT AVAILABLE,45.9
Nucor Steel Florida Inc.,FLIGHT,Iron & Steel,Medium,,331110,35012,False,6.3,1-10 MW,27.65525,-81.51858,FL,9.8,True,27.72611,-81.45944,Florida,federal,152.7,4900,3018,Unconsolidated,Unconsolidated,0.2289,Moderate,False,833.14,1.95,69,UNDER 100,45.8
"POET Biorefining Shell Rock, LLC.",FLIGHT,Ethanol,High,,325193,174101,False,31.4,20-50 MW,42.7363,-92.6174,IA,251.68,False,42.20303,-95.59964,Iowa,federal,150.8,4972,687,Sedimentary,Sandstone,0.231,Moderate,False,681.84,12.03,69,UNDER 100,45.8
POET Biorefining-Chancellor,FLIGHT,Ethanol,High,,325193,62194,False,11.2,10-20 MW,43.37023,-96.95807,SD,155.36,False,42.8924,-98.75716,Nebraska,application,150.8,4972,477,Sedimentary,Shale,,,False,583.76,1.26,69,UNDER 100,45.7
South Eddy Cryo Plant,FLIGHT,Natural Gas Processing,High,,211130,60793,False,11.0,10-20 MW,32.16129,-103.82836,NM,117.24,False,32.11306,-105.0722,New Mexico,federal,151.6,4940,1242,Unconsolidated,Unconsolidated,0.2457,Moderate,True,23.44,3.41,345,345,45.7
"TGP Station 542, Dekalb, MS",FLIGHT,Natural Gas Processing,High,,486210,60369,False,10.9,10-20 MW,32.64229,-88.657,MS,158.13,False,31.61169,-87.49992,Alabama,application,151.7,4936,4034,Sedimentary,Shale,0.1102,Low,False,99.15,1.97,161,100-161,45.7
Ewing Bank 873,FLIGHT,Natural Gas Processing,High,,211120,58435,False,10.5,10-20 MW,28.1011,-90.2019,LA,435.43,False,31.23567,-87.49992,Alabama,application,152.1,4923,4902,Unconsolidated,Unconsolidated,0.1495,Low,False,195.29,111.5,-999999,NOT AVAILABLE,45.6
MARTIN OPERATING PTNR LP,FLIGHT,Petroleum Refining,Medium,,324110,55520,False,10.0,10-20 MW,33.36414,-92.71692,AR,13.68,True,33.24113,-92.71669,Arkansas,federal,165.3,4454,2497,Unconsolidated,Unconsolidated,0.2316,Moderate,False,145.35,2.99,115,100-161,45.6
"White Springs Agricultural Chemical, Inc.",FLIGHT,Ammonia/Fertilizer,High,,325312,71449,False,12.9,10-20 MW,30.44083,-82.78806,FL,30.92,True,30.48362,-83.10685,Florida,federal,150.5,4981,1523,Unconsolidated,Unconsolidated,0.4873,High,False,586.38,0.57,115,100-161,45.6
"CIE Norfolk GNS, LLC",FLIGHT,Ethanol,High,,325193,61154,False,11.0,10-20 MW,42.06672,-97.3815,NE,103.31,False,41.13763,-97.38433,Nebraska,application,150.2,4994,856,Sedimentary,Shale,0.4155,High,False,579.22,0.85,345,345,45.5
Corpus Christi Terminal Condensate Splitter,FLIGHT,Petroleum Refining,Medium,,324110,71585,False,12.9,10-20 MW,27.8118,-97.43563,TX,150.23,False,28.97953,-98.20803,Texas,primacy,163.8,4506,4971,Sedimentary,Shale,0.8989,Severe,False,135.57,0.59,138,100-161,45.5
TRANSCO STATION 85,FLIGHT,Natural Gas Processing,High,,486210,57630,False,10.4,10-20 MW,32.06082,-88.36416,AL,95.7,False,31.61169,-87.49992,Alabama,application,151.7,4936,4034,Sedimentary,Shale,0.1102,Low,False,52.21,7.9,-999999,100-161,45.5
Washington Court House Compressor Station,FLIGHT,Natural Gas Processing,High,,486210,171079,False,30.8,20-50 MW,39.59414,-83.54023,OH,219.82,False,41.01228,-81.73401,Ohio,federal,151.0,4966,2053,Sedimentary,Shale,0.1819,Low,False,977.69,1.94,69,UNDER 100,45.5
Columbia Gas Transmission - Mount Olive,FLIGHT,Natural Gas Processing,High,,486210,169967,False,30.6,20-50 MW,38.73566,-81.67732,WV,225.03,False,36.93869,-80.49846,Virginia,federal,150.5,4983,0,Metamorphic,Gneiss,0.1066,Low,False,1009.31,9.09,-999999,NOT AVAILABLE,45.4
"GOLDEN GRAIN ENERGY, LLC",FLIGHT,Ethanol,High,,325193,169762,False,30.6,20-50 MW,43.11204,-93.23104,IA,218.47,False,42.20303,-95.59964,Iowa,federal,150.8,4972,687,Sedimentary,Sandstone,0.231,Moderate,False,703.95,0.27,161,100-161,45.4
"Indorama Ventures, Xylenes and PTA, LLC",FLIGHT,Petrochemicals,Medium,,325110,258727,False,46.6,20-50 MW,34.64,-87.0583,AL,99.42,False,34.80789,-85.9898,Alabama,application,150.8,4972,2134,Sedimentary,Limestone,0.1702,Low,False,357.84,0.47,161,100-161,45.4
SP 49 A,FLIGHT,Natural Gas Processing,High,,211120,56231,False,10.1,10-20 MW,28.88543,-89.06377,LA,301.56,False,31.23567,-87.49992,Alabama,application,152.1,4923,4902,Unconsolidated,Unconsolidated,0.1495,Low,False,170.53,69.9,-999999,NOT AVAILABLE,45.4
TPIC Basin 940 - Breton Sound 20-21,FLIGHT,Natural Gas Processing,High,,211120,56118,False,10.1,10-20 MW,29.57839,-89.11664,LA,240.82,False,31.23567,-87.49992,Alabama,application,152.1,4923,4902,Unconsolidated,Unconsolidated,0.1495,Low,False,126.44,47.46,-999999,NOT AVAILABLE,45.4
BIG RIVER RESOURCES WEST BURLINGTON LLC,FLIGHT,Ethanol,High,,325193,164883,False,29.7,20-50 MW,40.83081,-91.22068,IA,234.88,False,38.81881,-90.38287,Missouri,federal,152.8,4900,985,Unconsolidated,Unconsolidated,0.2824,Moderate,False,565.74,3.51,-999999,NOT AVAILABLE,45.3
GEORGIA-PACIFIC CHEMICALS LLC,FLIGHT,Petrochemicals,Medium,,325211,,False,,,33.13705,-91.967,AR,7.29,True,33.11579,-91.89299,Arkansas,federal,153.6,4859,2068,Unconsolidated,Unconsolidated,0.1838,Low,False,82.81,0.93,115,100-161,45.2
Hatters Pond Gas Plant,FLIGHT,Natural Gas Processing,High,,211130,53561,False,9.7,1-10 MW,30.89274,-88.06709,AL,66.12,False,31.23567,-87.49992,Alabama,application,152.1,4923,4902,Unconsolidated,Unconsolidated,0.1495,Low,False,114.19,1.16,230,220-287,45.2
Hickory Hills Gas Plant,FLIGHT,Natural Gas Processing,High,,211130,57354,False,10.3,10-20 MW,34.91155,-96.13466,OK,51.41,False,35.05858,-95.59964,Oklahoma,application,150.6,4978,4437,Sedimentary,Shale,0.1688,Low,False,136.26,12.24,345,345,45.2
LONE STAR IND INC DBA BUZZI UNICEM USA PRYOR CEMENT PLANT,FLIGHT,Cement,Medium,,327310,256257,False,46.2,20-50 MW,36.29621,-95.33116,OK,71.05,False,35.74795,-95.73693,Oklahoma,application,150.8,4970,1341,Sedimentary,Sandstone,0.1588,Low,False,81.54,1.34,69,UNDER 100,45.2
"NE Nitro Geneva, LLC",FLIGHT,Ammonia/Fertilizer,High,,325311,57632,False,10.4,10-20 MW,40.53892,-97.58003,NE,68.58,False,41.13763,-97.38433,Nebraska,application,150.2,4994,856,Sedimentary,Shale,0.4155,High,False,421.05,2.42,115,100-161,45.2
St. Paul Compressor Station,FLIGHT,Natural Gas Processing,High,,486210,165459,False,29.8,20-50 MW,39.42074,-85.61165,IN,344.76,False,38.50546,-89.42189,Illinois,federal,151.8,4936,2139,Sedimentary,Shale,0.2194,Moderate,False,860.16,3.49,69,UNDER 100,45.2
Reeve Agri Energy Inc (Garden City),Ethanol(EIA),Ethanol,High,,325193,57200,True,10.3,10-20 MW,37.8813,-100.8855,Kansas,137.12,False,38.56813,-102.18925,Colorado,application,150.4,4985,1855,Sedimentary,Shale,0.4181,High,False,86.48,1.33,115,100-161,45.2
"BONANZA BIOENERGY, LLC",FLIGHT,Ethanol,High,,325193,56157,False,10.1,10-20 MW,37.95864,-100.836,KS,136.2,False,38.56813,-102.18925,Colorado,application,150.4,4985,1855,Sedimentary,Shale,0.4181,High,False,94.76,0.06,-999999,NOT AVAILABLE,45.1
"CARDINAL ETHANOL, LLC",FLIGHT,Ethanol,High,,325193,166670,False,30.0,20-50 MW,40.18595,-84.86228,IN,279.62,False,41.01228,-81.73401,Ohio,federal,151.0,4966,2053,Sedimentary,Shale,0.1819,Low,False,966.07,9.39,69,UNDER 100,45.1
"EEC Station 5412 Hartwell, GA",FLIGHT,Natural Gas Processing,High,,486210,165744,False,29.9,20-50 MW,34.29062,-82.81212,GA,104.59,False,33.99318,-81.73401,South Carolina,federal,151.1,4960,85,Igneous,Volcanic,0.2242,Moderate,False,623.09,5.64,230,220-287,45.1
"NGPL Station 105 Glasco, KS",FLIGHT,Natural Gas Processing,High,,486210,56186,False,10.1,10-20 MW,39.36473,-97.79924,KS,200.26,False,41.13763,-97.38433,Nebraska,application,150.2,4994,856,Sedimentary,Shale,0.4155,High,False,303.04,8.63,230,220-287,45.1
ARCHER DANIELS MIDLAND,FLIGHT,Ethanol,High,,311221,165659,False,29.8,20-50 MW,44.47056,-95.78417,MN,160.66,False,45.27389,-94.08952,Minnesota,federal,150.5,4983,56,,,0.2105,Moderate,False,566.59,0.44,115,100-161,45.0
GC 254 A (Allegheny),FLIGHT,Natural Gas Processing,High,,211130,51775,False,9.3,1-10 MW,27.69157,-90.27554,LA,476.93,False,31.23567,-87.49992,Alabama,application,152.1,4923,4902,Unconsolidated,Unconsolidated,0.1495,Low,False,239.88,157.25,-999999,NOT AVAILABLE,45.0
HUNTSMAN PETROCHEMICAL LLC,FLIGHT,Petrochemicals,Medium,,325199,47865,False,8.6,1-10 MW,30.31136,-95.38708,TX,137.79,False,31.173,-96.42334,Texas,primacy,174.9,4119,4976,Unconsolidated,Unconsolidated,0.6963,High,False,85.46,5.16,69,UNDER 100,45.0
Mullinville Compressor Station,FLIGHT,Natural Gas Processing,High,,486210,55084,False,9.9,1-10 MW,37.57596,-99.47838,KS,261.68,False,38.56813,-102.18925,Colorado,application,150.4,4985,1855,Sedimentary,Shale,0.4181,High,False,126.96,2.67,-999999,NOT AVAILABLE,45.0
OFS GPRP Canadian Valley,FLIGHT,Natural Gas Processing,High,,211130,55212,False,9.9,1-10 MW,35.59127,-98.14106,OK,148.23,False,34.55721,-99.16901,Oklahoma,application,150.3,4990,995,Unconsolidated,Unconsolidated,0.4771,High,False,31.52,0.34,138,100-161,45.0
PANHANDLE EASTERN PIPE LINE CO - HAVEN,FLIGHT,Natural Gas Processing,High,,486210,54569,False,9.8,1-10 MW,37.90647,-97.80815,KS,302.62,False,35.74795,-95.73693,Oklahoma,application,150.8,4970,1341,Sedimentary,Sandstone,0.1588,Low,False,159.5,13.73,115,100-161,45.0
PureField Ingredients LLC,FLIGHT,Ethanol,High,,325193,54136,False,9.8,1-10 MW,38.90005,-98.84066,KS,267.96,False,40.32291,-101.36555,Nebraska,application,150.4,4985,1616,Sedimentary,Shale,0.547,High,False,262.61,0.05,-999999,NOT AVAILABLE,45.0
CARGILL INCORPORATED,FLIGHT,Ethanol,High,,311221,163393,False,29.4,20-50 MW,39.8242,-84.1747,OH,245.23,False,41.01228,-81.73401,Ohio,federal,151.0,4966,2053,Sedimentary,Shale,0.1819,Low,False,965.36,0.14,138,100-161,44.9
LOUIS DREYFUS COMMODITIES GRAND JUNCTION LLC,FLIGHT,Ethanol,High,,325193,163739,False,29.5,20-50 MW,42.0603,-94.23832,IA,113.37,False,42.20303,-95.59964,Iowa,federal,150.8,4972,687,Sedimentary,Sandstone,0.231,Moderate,False,569.75,0.68,-999999,NOT AVAILABLE,44.9
Majorsville Gas Plant,FLIGHT,Natural Gas Processing,High,,211130,164967,False,29.7,20-50 MW,39.96328,-80.51949,WV,131.43,False,41.07495,-81.04759,Ohio,federal,150.1,4998,2692,Sedimentary,Shale,0.1369,Low,False,1177.49,0.28,-999999,NOT AVAILABLE,44.9
"Pennsylvania Grain Processing, LLC",FLIGHT,Ethanol,High,,325193,164959,False,29.7,20-50 MW,41.02828,-78.42462,PA,220.0,False,41.07495,-81.04759,Ohio,federal,150.1,4998,2692,Sedimentary,Shale,0.1369,Low,False,1385.17,4.58,115,100-161,44.9
Sprague,FLIGHT,Natural Gas Processing,High,,486210,53555,False,9.6,1-10 MW,34.65138,-96.18033,OK,69.7,False,35.05858,-95.59964,Oklahoma,application,150.6,4978,4437,Sedimentary,Shale,0.1688,Low,False,131.72,1.88,138,100-161,44.9
Summit Sustainable Ingredients DBA Amber Wave,FLIGHT,Ethanol,High,,325193,53316,False,9.6,1-10 MW,39.76005,-99.30426,KS,186.3,False,40.32291,-101.36555,Nebraska,application,150.4,4985,1616,Sedimentary,Shale,0.547,High,False,322.18,0.16,-999999,NOT AVAILABLE,44.9
EASTMAN CHEMICAL CO SC OPERATIONS,FLIGHT,Petrochemicals,Medium,,325211,,False,,,33.86389,-81.00278,SC,7.73,True,33.80516,-81.04759,South Carolina,federal,153.3,4878,107,Unconsolidated,Unconsolidated,0.1483,Low,False,762.51,1.5,-999999,NOT AVAILABLE,44.8
Georgia-Pacific Gypsum,FLIGHT,Minerals,Medium,,327420,68769,False,12.4,10-20 MW,43.10142,-70.80188,NH,13.57,True,43.20576,-70.88862,New Hampshire,federal,150.8,4973,10,Metamorphic,Metamorphic,0.1537,Low,False,2020.61,0.47,345,345,44.8
"Nebraska Corn Processing, LLC",FLIGHT,Ethanol,High,,325193,51969,False,9.4,1-10 MW,40.28048,-100.163,NE,102.09,False,40.32291,-101.36555,Nebraska,application,150.4,4985,1616,Sedimentary,Shale,0.547,High,False,357.05,0.17,69,UNDER 100,44.8
Tyonek,FLIGHT,Natural Gas Processing,High,,211130,65951,False,11.9,10-20 MW,61.0767,-150.9478,AK,2220.99,False,48.6581,-123.19362,Unknown,unknown,208.7,3440,48,Other,Water,0.0675,Very low/none,False,3175.74,39.96,-999999,UNDER 100,44.8
EAST KANSAS AGRI-ENERGY,FLIGHT,Ethanol,High,,325193,50317,False,9.1,1-10 MW,38.27152,-95.23741,KS,284.09,False,35.74795,-95.73693,Oklahoma,application,150.8,4970,1341,Sedimentary,Sandstone,0.1588,Low,False,140.06,7.26,345,345,44.7
US STEEL - IRVIN WORKS,FLIGHT,Iron & Steel,Medium,,331110,362318,False,65.3,50-100 MW,40.3372,-79.9108,PA,126.14,False,41.07495,-81.04759,Ohio,federal,150.1,4998,2692,Sedimentary,Shale,0.1369,Low,False,1243.0,0.19,138,100-161,44.7
"EPNG Station 6560 Pecos River, NM",FLIGHT,Natural Gas Processing,High,,486210,49001,False,8.8,1-10 MW,32.06369,-104.01868,NM,99.4,False,32.11306,-105.0722,New Mexico,federal,151.6,4940,1242,Unconsolidated,Unconsolidated,0.2457,Moderate,True,7.61,2.52,345,345,44.6
Holcim US - Paulding Plant (INCLUDING SYSTECH ENV CORP),FLIGHT,Cement,Medium,,327310,358128,False,64.5,50-100 MW,41.1809,-84.6048,OH,240.37,False,41.13763,-81.73401,Ohio,federal,152.1,4930,2024,Sedimentary,Shale,0.1617,Low,False,1052.55,0.69,-999999,NOT AVAILABLE,44.6
"LINDE - WHITING, IN 1-4",FLIGHT,Industrial Gas,High,,325120,155040,False,27.9,20-50 MW,41.66863,-87.47283,IN,375.22,False,44.89786,-86.12708,Unknown,unknown,154.3,4844,175,Other,Water,,,False,866.36,0.56,138,100-161,44.6
Main Pass 42 D L M,FLIGHT,Natural Gas Processing,High,,211130,46949,False,8.5,1-10 MW,29.4007,-89.0349,LA,251.67,False,31.23567,-87.49992,Alabama,application,152.1,4923,4902,Unconsolidated,Unconsolidated,0.1495,Low,False,140.92,48.9,-999999,NOT AVAILABLE,44.6
"NGPL Station 107 Emerson, IA",FLIGHT,Natural Gas Processing,High,,486210,50807,False,9.2,1-10 MW,41.05989,-95.44908,IA,103.33,False,41.827,-96.14878,Nebraska,application,150.3,4990,590,Sedimentary,Shale,0.3265,Moderate,False,446.77,0.93,69,UNDER 100,44.6
NORTHERN NATURAL GAS COMPANY-PALMYRA,FLIGHT,Natural Gas Processing,High,,486210,50847,False,9.2,1-10 MW,40.74521,-96.3676,NE,95.9,False,41.13763,-97.38433,Nebraska,application,150.2,4994,856,Sedimentary,Shale,0.4155,High,False,417.06,4.69,69,UNDER 100,44.6
Hobbs Fractionation Facility,FLIGHT,Natural Gas Processing,High,,211130,48821,False,8.8,1-10 MW,32.77894,-102.95016,TX,166.53,False,33.49181,-104.52307,New Mexico,federal,150.5,4982,1089,Unconsolidated,Unconsolidated,0.7982,Severe,True,6.0,0.79,69,UNDER 100,44.5
"NGPL Station 103, Minneola, KS",FLIGHT,Natural Gas Processing,High,,486210,48759,False,8.8,1-10 MW,37.52219,-99.96112,KS,227.14,False,38.56813,-102.18925,Colorado,application,150.4,4985,1855,Sedimentary,Shale,0.4181,High,False,86.76,4.41,-999999,NOT AVAILABLE,44.5
Green Plains Fairmont LLC,FLIGHT,Ethanol,High,,325193,159508,False,28.7,20-50 MW,43.66402,-94.49256,MN,181.84,False,45.27389,-94.08952,Minnesota,federal,150.5,4983,56,,,0.2105,Moderate,False,703.05,0.69,69,UNDER 100,44.4
Houston Gas Plant,FLIGHT,Natural Gas Processing,High,,211130,159467,False,28.7,20-50 MW,40.25703,-80.25403,PA,112.92,False,41.07495,-81.04759,Ohio,federal,150.1,4998,2692,Sedimentary,Shale,0.1369,Low,False,1216.91,0.69,138,100-161,44.4
Lucedale (SESH) Compressor Station,FLIGHT,Natural Gas Processing,High,,486210,45364,False,8.2,1-10 MW,30.97222,-88.69917,MS,117.88,False,31.23567,-87.49992,Alabama,application,152.1,4923,4902,Unconsolidated,Unconsolidated,0.1495,Low,False,84.71,7.37,230,220-287,44.4
Reveille Gas Plant,FLIGHT,Natural Gas Processing,High,,211130,117330,False,21.1,20-50 MW,27.7104,-99.72761,TX,44.92,True,28.03947,-99.99271,Unknown,unknown,175.7,4134,4497,Sedimentary,Shale,0.2971,Moderate,False,327.99,25.0,138,100-161,44.4
United States Gypsum Company of Sweetwater,FLIGHT,Minerals,Medium,,327420,81738,False,14.7,10-20 MW,32.4918,-100.36169,TX,229.79,False,32.2384,-97.93346,Texas,primacy,150.4,4982,2225,,,0.2563,Moderate,False,36.0,0.33,69,UNDER 100,44.4
WESTERN PLAINS ENERGY LLC,FLIGHT,Ethanol,High,,325193,39373,False,7.1,1-10 MW,39.12461,-100.73804,KS,134.41,False,38.69347,-102.18925,Colorado,application,155.2,4800,1844,Unconsolidated,Unconsolidated,0.4825,High,False,224.38,8.01,115,100-161,44.3
30-30 Gas Plant,FLIGHT,Natural Gas Processing,High,,211130,44171,False,8.0,1-10 MW,33.05188,-102.88792,TX,155.44,False,33.86783,-104.2485,New Mexico,federal,151.3,4956,1765,Unconsolidated,Unconsolidated,0.3039,Moderate,True,1.66,3.25,230,220-287,44.2
"ARKEMA, INC.",FLIGHT,Industrial Gas,High,,325120,105680,False,19.0,10-20 MW,37.0567,-88.36573,KY,35.36,True,36.93869,-88.73547,Kentucky,federal,150.5,4982,4894,Unconsolidated,Unconsolidated,0.2555,Moderate,False,518.46,0.62,161,100-161,44.2
Allen,FLIGHT,Natural Gas Processing,High,,486210,45096,False,8.1,1-10 MW,34.86649,-96.35292,OK,71.89,False,35.05858,-95.59964,Oklahoma,application,150.6,4978,4437,Sedimentary,Shale,0.1688,Low,False,115.96,1.06,138,100-161,44.1
Kordsa Inc. - Chattanooga,FLIGHT,Petrochemicals,Medium,,325211,28776,False,5.2,1-10 MW,35.11386,-85.24333,TN,10.49,True,35.18392,-85.1661,Tennessee,federal,150.0,5000,2917,Sedimentary,Limestone,0.161,Low,False,497.78,1.75,-999999,NOT AVAILABLE,44.1
Natrium Extraction and Fractionation Facility,FLIGHT,Natural Gas Processing,High,,211130,156466,False,28.2,20-50 MW,39.75969,-80.86172,WV,147.09,False,41.07495,-81.04759,Ohio,federal,150.1,4998,2692,Sedimentary,Shale,0.1369,Low,False,1141.2,0.13,-999999,NOT AVAILABLE,44.1
TRANSCO STATION 95,FLIGHT,Natural Gas Processing,High,,486210,44667,False,8.0,1-10 MW,32.43319,-87.32657,AL,91.84,False,31.61169,-87.22535,Alabama,application,150.8,4969,2897,,,0.1581,Low,False,155.86,2.52,115,100-161,44.1
South Timbalier 151,FLIGHT,Natural Gas Processing,High,,211120,40826,False,7.4,1-10 MW,28.3657,-90.1459,LA,408.65,False,31.23567,-87.49992,Alabama,application,152.1,4923,4902,Unconsolidated,Unconsolidated,0.1495,Low,False,167.06,82.19,-999999,NOT AVAILABLE,44.0
US Steel (Fairfield Works),FLIGHT,Iron & Steel,Medium,,331110,243031,False,43.8,20-50 MW,33.4833,-86.9261,AL,170.64,False,34.80789,-85.9898,Alabama,application,150.8,4972,2134,Sedimentary,Limestone,0.1702,Low,False,259.59,2.14,115,100-161,44.0
NUCOR STEEL MEMPHIS INC,FLIGHT,Iron & Steel,Medium,,331110,141215,False,25.4,20-50 MW,35.04991,-90.15314,TN,20.93,True,35.05858,-90.38287,Arkansas,federal,150.6,4979,4079,Unconsolidated,Unconsolidated,0.4089,High,False,262.18,0.16,500,500,43.9
ALLISON GAS PLANT,FLIGHT,Natural Gas Processing,High,,211130,42329,False,7.6,1-10 MW,35.60785,-100.10148,TX,144.39,False,34.55721,-99.16901,Oklahoma,application,150.3,4990,995,Unconsolidated,Unconsolidated,0.4771,High,False,98.01,12.25,69,UNDER 100,43.8
"EPNG Station 6521 Eunice A, NM",FLIGHT,Natural Gas Processing,High,,486210,37477,False,6.8,1-10 MW,32.51181,-103.28738,NM,156.3,False,33.11579,-104.79763,New Mexico,federal,152.5,4913,1351,Sedimentary,Limestone,0.277,Moderate,True,18.67,1.02,115,100-161,43.8
LUBRIZOL CORPORATION,FLIGHT,Petrochemicals,Medium,,325199,33808,False,6.1,1-10 MW,41.72028,-81.27361,OH,11.66,True,41.63899,-81.18488,Ohio,federal,153.0,4900,1992,Sedimentary,Sandstone,0.1405,Low,False,1281.72,1.44,138,100-161,43.8
PANHANDLE EASTERN PIPE LINE CO - LOUISBURG,FLIGHT,Natural Gas Processing,High,,486210,41123,False,7.4,1-10 MW,38.60018,-94.67327,KS,330.85,False,35.74795,-95.73693,Oklahoma,application,150.8,4970,1341,Sedimentary,Sandstone,0.1588,Low,False,190.95,3.6,345,345,43.8
"SNG Station 5230 York, AL",FLIGHT,Natural Gas Processing,High,,486210,38671,False,7.0,1-10 MW,32.31585,-88.18279,AL,101.39,False,31.61169,-87.49992,Alabama,application,151.7,4936,4034,Sedimentary,Shale,0.1102,Low,False,84.64,0.36,-999999,100-161,43.8
ABSOLUTE ENERGY LLC,FLIGHT,Ethanol,High,,325193,151261,False,27.3,20-50 MW,43.49951,-92.91709,IA,209.98,False,45.33656,-92.30484,Wisconsin,federal,150.3,4990,54,Sedimentary,Sandstone,0.1185,Low,False,752.76,2.98,69,UNDER 100,43.7
Beatrice Compressor Station,FLIGHT,Natural Gas Processing,High,,486210,41033,False,7.4,1-10 MW,40.22036,-96.7461,NE,115.32,False,41.13763,-97.38433,Nebraska,application,150.2,4994,856,Sedimentary,Shale,0.4155,High,False,367.21,1.11,115,100-161,43.7
Pink Compressor Station,FLIGHT,Natural Gas Processing,High,,486210,39428,False,7.1,1-10 MW,35.27481,-97.11559,OK,130.73,False,35.62261,-95.73693,Oklahoma,application,150.9,4965,1538,Sedimentary,Sandstone,0.2621,Moderate,False,60.15,0.75,138,100-161,43.7
ANR Pipeline Maitland CS,FLIGHT,Natural Gas Processing,High,,486210,39487,False,7.1,1-10 MW,40.17538,-95.12236,MO,202.84,False,41.827,-96.14878,Nebraska,application,150.3,4990,590,Sedimentary,Shale,0.3265,Moderate,False,350.63,3.67,69,UNDER 100,43.6
ConocoPhillips Alaska Inc - KRU STP,FLIGHT,Natural Gas Processing,High,,211120,77507,False,14.0,10-20 MW,70.5103,-149.8664,AK,2792.35,False,48.90878,-122.64449,Washington,federal,194.0,3771,33,Unconsolidated,Unconsolidated,0.0927,Very low/none,False,3331.54,619.57,138,100-161,43.6
DCP MIDSTREAM LP/CIMARRON PLT,FLIGHT,Natural Gas Processing,High,,211130,39828,False,7.2,1-10 MW,36.1819,-98.9942,OK,181.35,False,34.55721,-99.16901,Oklahoma,application,150.3,4990,995,Unconsolidated,Unconsolidated,0.4771,High,False,108.03,9.15,138,100-161,43.6
G P GYPSUM SWEETWATER WALLBOARD PLANT,FLIGHT,Minerals,Medium,,327420,71878,False,13.0,10-20 MW,32.48052,-100.3364,TX,227.3,False,32.2384,-97.93346,Texas,primacy,150.4,4982,2225,,,0.2563,Moderate,False,38.15,0.84,69,UNDER 100,43.6
MOBILE BAY NGL RECOVERY PLANT,FLIGHT,Natural Gas Processing,High,,211130,36455,False,6.6,1-10 MW,30.38948,-88.17295,AL,113.95,False,31.23567,-87.49992,Alabama,application,152.1,4923,4902,Unconsolidated,Unconsolidated,0.1495,Low,False,159.41,1.58,-999999,100-161,43.6
STATION #9 - ROSWELL CMP STN,FLIGHT,Natural Gas Processing,High,,486210,25555,False,4.6,1-10 MW,33.30324,-104.31032,NM,28.81,True,33.49181,-104.52307,New Mexico,federal,150.5,4982,1089,Unconsolidated,Unconsolidated,0.7982,Severe,False,39.55,14.69,69,UNDER 100,43.6
TRANSCO STATION 165/166,FLIGHT,Natural Gas Processing,High,,486210,150128,False,27.1,20-50 MW,36.83236,-79.33587,VA,72.23,False,37.06404,-78.57649,Virginia,federal,150.2,4992,0,,,0.2373,Moderate,False,1034.16,5.17,115,100-161,43.6
WELTY COMPRESSOR STATION,FLIGHT,Natural Gas Processing,High,,486210,38496,False,6.9,1-10 MW,35.54081,-96.55699,OK,74.72,False,35.62261,-95.73693,Oklahoma,application,150.9,4965,1538,Sedimentary,Sandstone,0.2621,Moderate,False,111.87,10.24,69,UNDER 100,43.6
AJAX PLANT,FLIGHT,Natural Gas Processing,High,,211130,38739,False,7.0,1-10 MW,35.5464,-100.11626,TX,139.76,False,34.55721,-99.16901,Oklahoma,application,150.3,4990,995,Unconsolidated,Unconsolidated,0.4771,High,False,102.02,11.93,138,100-161,43.5
Bellmon Gas Plant,FLIGHT,Natural Gas Processing,High,,211130,37100,False,6.7,1-10 MW,36.62188,-97.42638,OK,180.09,False,35.74795,-95.73693,Oklahoma,application,150.8,4970,1341,Sedimentary,Sandstone,0.1588,Low,False,39.78,10.4,69,UNDER 100,43.5
Matheson - SARALAND PLANT,FLIGHT,Industrial Gas,High,,325120,35477,False,6.4,1-10 MW,30.79089,-88.05873,AL,72.68,False,31.23567,-87.49992,Alabama,application,152.1,4923,4902,Unconsolidated,Unconsolidated,0.1495,Low,False,124.06,2.15,115,100-161,43.5
NORTHWEST PIPELINE GP - PEGRAM C/S,FLIGHT,Natural Gas Processing,High,,486210,,False,,,42.12391,-111.15939,ID,30.56,True,42.07768,-111.52453,Idaho,federal,176.8,4179,2481,Sedimentary,Dolostone,0.0651,Very low/none,False,93.0,6.28,69,UNDER 100,43.5
PANHANDLE EASTERN PIPE LINE CO - ALVA N HOPETON,FLIGHT,Natural Gas Processing,High,,486210,38821,False,7.0,1-10 MW,36.7261,-98.6909,OK,245.01,False,34.55721,-99.16901,Oklahoma,application,150.3,4990,995,Unconsolidated,Unconsolidated,0.4771,High,False,92.7,1.51,138,100-161,43.5
"SNG Station 5259 Auburn, AL",FLIGHT,Natural Gas Processing,High,,486210,37774,False,6.8,1-10 MW,32.51415,-85.47086,AL,44.73,True,32.36374,-85.02881,Alabama,application,150.7,4974,123,Unconsolidated,Unconsolidated,0.1685,Low,False,321.63,1.96,115,100-161,43.5
AIR PRODUCTS AND CHEMICALS INC - CATLETTSBURG HYDROGEN PLANT,FLIGHT,Industrial Gas,High,,325120,147006,False,26.5,20-50 MW,38.37673,-82.60581,KY,240.71,False,36.87602,-80.63574,Virginia,federal,150.7,4978,0,Metamorphic,Gneiss,0.1364,Low,False,926.63,0.28,69,UNDER 100,43.4
CARMEUSE LIME INC - River Rouge,FLIGHT,Lime,Medium,,327410,345457,False,62.2,50-100 MW,42.2774,-83.128,MI,171.61,False,41.13763,-81.73401,Ohio,federal,152.1,4930,2024,Sedimentary,Shale,0.1617,Low,False,1213.54,0.68,120,100-161,43.4
Catcher Ranch Gas Plant,FLIGHT,Natural Gas Processing,High,,486210,36862,False,6.6,1-10 MW,34.87403,-96.05206,OK,46.05,True,35.05858,-95.59964,Oklahoma,application,150.6,4978,4437,Sedimentary,Shale,0.1688,Low,False,143.39,12.14,345,345,43.4
HOBART PLANT,FLIGHT,Natural Gas Processing,High,,211130,37060,False,6.7,1-10 MW,35.76876,-100.37997,TX,173.97,False,34.55721,-99.16901,Oklahoma,application,150.3,4990,995,Unconsolidated,Unconsolidated,0.4771,High,False,67.68,6.14,69,UNDER 100,43.4
Macksville Compressor Station,FLIGHT,Natural Gas Processing,High,,486210,36720,False,6.6,1-10 MW,38.07284,-98.96804,KS,286.34,False,38.56813,-102.18925,Colorado,application,150.4,4985,1855,Sedimentary,Shale,0.4181,High,False,193.27,1.82,69,UNDER 100,43.4
WTX - CS Red River CS No. 1 (Wheeler),FLIGHT,Natural Gas Processing,High,,486210,37277,False,6.7,1-10 MW,35.4144,-100.2286,TX,135.66,False,34.55721,-99.16901,Oklahoma,application,150.3,4990,995,Unconsolidated,Unconsolidated,0.4771,High,False,106.62,1.89,138,100-161,43.4
CARGILL INCORPORATED,FLIGHT,Ethanol,High,,311221,34714,False,6.3,1-10 MW,34.34765,-86.28739,AL,57.98,False,34.80789,-85.9898,Alabama,application,150.8,4972,2134,Sedimentary,Limestone,0.1702,Low,False,371.0,0.49,-999999,UNDER 100,43.3
Chaparral Gas Plant,FLIGHT,Natural Gas Processing,High,,211130,31230,False,5.6,1-10 MW,32.63026,-103.87354,NM,101.12,False,32.80243,-104.93492,New Mexico,federal,153.4,4880,1666,Sedimentary,Limestone,0.4265,High,True,21.48,7.55,115,100-161,43.3
Eastern Gas Transmission and Storage - Leidy and Finnefrock Stations (Stor and Tran),FLIGHT,Natural Gas Processing,High,,486210,137148,False,24.7,20-50 MW,41.42571,-77.85304,PA,266.3,False,41.45098,-81.04759,Ohio,federal,156.2,4797,2287,Sedimentary,Shale,0.1641,Low,False,1450.23,11.97,230,220-287,43.3
Northridge Gas Plant,FLIGHT,Natural Gas Processing,High,,211130,36272,False,6.5,1-10 MW,34.8527,-96.229,OK,61.76,False,35.05858,-95.59964,Oklahoma,application,150.6,4978,4437,Sedimentary,Shale,0.1688,Low,False,127.12,2.48,345,345,43.3
East Bay Central Facility,FLIGHT,Natural Gas Processing,High,,211120,32124,False,5.8,1-10 MW,29.0548,-89.3064,LA,298.28,False,31.23567,-87.49992,Alabama,application,152.1,4923,4902,Unconsolidated,Unconsolidated,0.1495,Low,False,140.42,40.55,-999999,NOT AVAILABLE,43.2
MC 194 A,FLIGHT,Natural Gas Processing,High,,211120,31373,False,5.7,1-10 MW,28.79111,-89.05639,LA,310.39,False,31.23567,-87.49992,Alabama,application,152.1,4923,4902,Unconsolidated,Unconsolidated,0.1495,Low,False,178.3,78.54,-999999,NOT AVAILABLE,43.2
Southern Star-Blackwell Compressor Station,FLIGHT,Natural Gas Processing,High,,486210,34638,False,6.2,1-10 MW,36.82424,-97.30087,OK,184.31,False,35.74795,-95.73693,Oklahoma,application,150.8,4970,1341,Sedimentary,Sandstone,0.1588,Low,False,55.15,0.71,138,100-161,43.2
TRANSCO STATION 084,FLIGHT,Natural Gas Processing,High,,486210,32774,False,5.9,1-10 MW,32.05055,-88.38196,AL,96.57,False,31.61169,-87.49992,Alabama,application,151.7,4936,4034,Sedimentary,Shale,0.1102,Low,False,50.22,9.93,-999999,100-161,43.2
Columbia Gas Transmission - White Oak Compressor Station,FLIGHT,Natural Gas Processing,High,,486210,143526,False,25.9,20-50 MW,39.03049,-81.16356,WV,221.8,False,41.01228,-81.45944,Ohio,federal,150.8,4973,2321,Sedimentary,Shale,0.1804,Low,False,1063.45,25.41,138,100-161,43.1
EPNG Caprock Compressor Station,FLIGHT,Natural Gas Processing,High,,486210,33334,False,6.0,1-10 MW,33.33125,-103.57399,NM,84.66,False,33.67982,-104.38578,New Mexico,federal,150.9,4965,1650,Unknown,Sedimentary,0.2754,Moderate,True,0.57,3.47,69,UNDER 100,43.1
EQUISTAR CHEMICALS LP MATAGOR DA FACILITY,FLIGHT,Petrochemicals,Medium,,325211,35528,False,6.4,1-10 MW,28.7875,-95.94306,TX,159.81,False,29.48089,-97.38433,Texas,primacy,169.4,4310,4657,,,0.1831,Low,False,38.73,0.38,138,100-161,43.1
"Shenzi, GC-653",FLIGHT,Natural Gas Processing,High,,211130,145125,False,26.1,20-50 MW,27.30062,-90.135,LA,502.66,False,30.54629,-86.53893,Florida,federal,150.6,4980,4785,Unconsolidated,Unconsolidated,0.0994,Very low/none,False,284.45,200.58,-999999,NOT AVAILABLE,43.1
Nesika Energy LLC (Scandia),Ethanol(EIA),Ethanol,High,,325193,34320,True,6.2,1-10 MW,39.7864,-97.8212,Kansas,154.73,False,41.13763,-97.38433,Nebraska,application,150.2,4994,856,Sedimentary,Shale,0.4155,High,False,348.02,1.97,69,UNDER 100,43.1
Columbia Gas Transmission LLC - Lone Oak Compressor Station,FLIGHT,Natural Gas Processing,High,,486210,143748,False,25.9,20-50 MW,39.88009,-80.58538,WV,138.49,False,41.07495,-81.04759,Ohio,federal,150.1,4998,2692,Sedimentary,Shale,0.1369,Low,False,1166.84,0.63,138,100-161,43.0
Ewing Bank 834 A,FLIGHT,Natural Gas Processing,High,,211120,29155,False,5.3,1-10 MW,28.16034,-89.94834,LA,415.74,False,31.23567,-87.49992,Alabama,application,152.1,4923,4902,Unconsolidated,Unconsolidated,0.1495,Low,False,193.6,107.56,-999999,NOT AVAILABLE,43.0
MUSTANG MOTORCYCLE PRODUCTS LLC,FLIGHT,Petrochemicals,Medium,,325211,,False,,,42.17959,-72.36675,MA,9.06,True,42.20303,-72.26145,Massachusetts,federal,150.4,4985,4,Metamorphic,Schist,0.136,Low,False,1857.41,1.27,115,100-161,43.0
"Marquis Energy - Wisconsin, LLC",FLIGHT,Ethanol,High,,325193,136084,False,24.5,20-50 MW,43.99187,-90.07219,WI,136.76,False,44.96053,-89.01004,Wisconsin,federal,155.1,4827,29,Igneous,Granite,0.0741,Very low/none,False,902.04,2.12,138,100-161,43.0
"NGPL Station 106 Beatrice, NE",FLIGHT,Natural Gas Processing,High,,486210,33330,False,6.0,1-10 MW,40.31732,-96.7463,NE,105.88,False,41.13763,-97.38433,Nebraska,application,150.2,4994,856,Sedimentary,Shale,0.4155,High,False,377.58,3.34,115,100-161,43.0
PASCAGOULA GAS PLANT,FLIGHT,Natural Gas Processing,High,,211130,29578,False,5.3,1-10 MW,30.38409,-88.49842,MS,134.39,False,31.23567,-87.49992,Alabama,application,152.1,4923,4902,Unconsolidated,Unconsolidated,0.1495,Low,False,151.96,0.16,115,100-161,43.0
WETUMKA GAS PROCESSING PLT,FLIGHT,Natural Gas Processing,High,,211130,32565,False,5.9,1-10 MW,35.14,-96.16917,OK,52.6,False,35.05858,-95.59964,Oklahoma,application,150.6,4978,4437,Sedimentary,Shale,0.1688,Low,False,138.26,3.72,138,100-161,43.0
ANR Pipeline Sardis CS,FLIGHT,Natural Gas Processing,High,,486210,32427,False,5.8,1-10 MW,34.42298,-90.1175,MS,51.22,False,34.43187,-89.55917,Mississippi,application,150.1,4996,3171,Sedimentary,Shale,0.1779,Low,False,193.23,1.75,230,220-287,42.9
FutureFuel Chemical Company,FLIGHT,Petrochemicals,Medium,,325199,164909,False,29.7,20-50 MW,35.72234,-91.52498,AR,24.08,True,35.93596,-91.48114,Arkansas,federal,151.1,4960,1086,Sedimentary,Sandstone,0.1979,Low,False,351.75,0.33,161,100-161,42.9
Mobile Bay - Northwest Gulf Platform,FLIGHT,Natural Gas Processing,High,,211120,28474,False,5.1,1-10 MW,30.18827,-88.12161,AL,130.75,False,31.23567,-87.49992,Alabama,application,152.1,4923,4902,Unconsolidated,Unconsolidated,0.1495,Low,False,182.13,23.39,-999999,100-161,42.9
Monopod Platform,FLIGHT,Natural Gas Processing,High,,211120,45559,False,8.2,1-10 MW,60.8963,-151.581,AK,2243.41,False,48.6581,-123.19362,Unknown,unknown,208.7,3440,48,Other,Water,0.0675,Very low/none,False,3209.25,26.04,115,100-161,42.9
Newman,FLIGHT,Natural Gas Processing,High,,486210,,False,,,34.97363,-95.99504,OK,37.23,True,35.05858,-95.59964,Oklahoma,application,150.6,4978,4437,Sedimentary,Shale,0.1688,Low,False,149.75,18.7,138,100-161,42.9
"POET Biorefining- Iowa Falls, LLC",FLIGHT,Ethanol,High,,325193,142205,False,25.6,20-50 MW,42.50719,-93.28041,IA,193.55,False,42.20303,-95.59964,Iowa,federal,150.8,4972,687,Sedimentary,Sandstone,0.231,Moderate,False,638.75,1.21,-999999,NOT AVAILABLE,42.9
TPIC Basin 940 - Main Pass 69 B South,FLIGHT,Natural Gas Processing,High,,211120,28333,False,5.1,1-10 MW,29.241,-89.0764,LA,268.56,False,31.23567,-87.49992,Alabama,application,152.1,4923,4902,Unconsolidated,Unconsolidated,0.1495,Low,False,145.67,46.58,-999999,NOT AVAILABLE,42.9
Cunningham Underground Storage & Compressor Station,FLIGHT,Natural Gas Processing,High,,486210,29881,False,5.4,1-10 MW,37.6831,-98.4648,KS,324.66,False,35.74795,-95.73693,Oklahoma,application,150.8,4970,1341,Sedimentary,Sandstone,0.1588,Low,False,158.65,0.13,115,100-161,42.8
"NGPL Station 154, Pampa, TX",FLIGHT,Natural Gas Processing,High,,486210,30423,False,5.5,1-10 MW,35.54687,-100.66481,TX,175.07,False,34.55721,-99.16901,Oklahoma,application,150.3,4990,995,Unconsolidated,Unconsolidated,0.4771,High,False,69.68,11.05,46,UNDER 100,42.8
OGS SF Depew,FLIGHT,Natural Gas Processing,High,,486210,29764,False,5.4,1-10 MW,35.746,-96.5121,OK,69.96,False,35.74795,-95.73693,Oklahoma,application,150.8,4970,1341,Sedimentary,Sandstone,0.1588,Low,False,115.3,3.18,69,UNDER 100,42.8
Proman USA (Pampa) LLC,FLIGHT,Petrochemicals,Medium,,325199,63529,False,11.4,10-20 MW,35.48346,-101.04677,TX,166.17,False,35.37193,-102.87567,Texas,primacy,150.9,4970,1678,Sedimentary,Shale,0.2814,Moderate,False,38.96,1.41,115,100-161,42.8
Thompsonville Gas Plant,FLIGHT,Natural Gas Processing,High,,211130,98892,False,17.8,10-20 MW,27.25744,-98.93699,TX,135.55,False,28.03947,-99.99271,Unknown,unknown,175.7,4134,4497,Sedimentary,Shale,0.2971,Moderate,False,284.93,9.31,345,345,42.8
GALLUP REFINERY,FLIGHT,Petroleum Refining,Medium,,324110,,False,,,35.49028,-108.425,NM,9.48,True,35.4346,-108.50429,New Mexico,federal,151.5,4946,239,Sedimentary,Sandstone,0.1794,Low,False,96.22,0.54,115,100-161,42.7
Blessing Station,FLIGHT,Natural Gas Processing,High,,486210,27456,False,4.9,1-10 MW,33.40564,-85.97309,TX,145.59,False,32.36374,-85.02881,Alabama,application,150.7,4974,123,Unconsolidated,Unconsolidated,0.1685,Low,False,320.59,1.04,-999999,UNDER 100,42.6
"CENTRAL INDIANA ETHANOL, LLC",FLIGHT,Ethanol,High,,325193,138983,False,25.0,20-50 MW,40.56492,-85.72772,IN,339.85,False,41.01228,-81.73401,Ohio,federal,151.0,4966,2053,Sedimentary,Shale,0.1819,Low,False,939.39,0.26,138,100-161,42.6
GI 43 AA (Complex ID # 20021),FLIGHT,Natural Gas Processing,High,,211120,25057,False,4.5,1-10 MW,29.00096,-89.85892,LA,336.47,False,31.23567,-87.49992,Alabama,application,152.1,4923,4902,Unconsolidated,Unconsolidated,0.1495,Low,False,110.27,28.56,-999999,NOT AVAILABLE,42.6
Gulf South Pipeline - Kiln Station,FLIGHT,Natural Gas Processing,High,,486210,25443,False,4.6,1-10 MW,30.42992,-89.45601,MS,207.14,False,31.23567,-87.49992,Alabama,application,152.1,4923,4902,Unconsolidated,Unconsolidated,0.1495,Low,False,104.56,0.32,115,100-161,42.6
POET BIOREFINING ALEXANDRIA,FLIGHT,Ethanol,High,,325193,138337,False,24.9,20-50 MW,40.29435,-85.65444,IN,340.19,False,41.01228,-81.73401,Ohio,federal,151.0,4966,2053,Sedimentary,Shale,0.1819,Low,False,934.66,0.62,69,UNDER 100,42.6
SEADRIFT COKE L.P.,FLIGHT,Petroleum Refining,Medium,,324199,34746,False,6.3,1-10 MW,28.51343,-96.79465,TX,121.68,False,29.16754,-97.79618,Texas,primacy,166.1,4452,4501,Sedimentary,Shale,0.3189,Moderate,False,35.73,2.01,138,100-161,42.6
Sendero Carlsbad Plant,FLIGHT,Natural Gas Processing,High,,211130,133402,False,24.0,20-50 MW,32.26681,-104.12084,NM,89.52,False,32.2384,-105.0722,New Mexico,federal,154.1,4849,1512,Unconsolidated,Unconsolidated,0.2401,Moderate,False,32.16,11.77,69,UNDER 100,42.6
TRUNKLINE GAS CO - INDEPENDENCE,FLIGHT,Natural Gas Processing,High,,486210,28317,False,5.1,1-10 MW,34.73992,-89.81083,MS,41.28,True,34.43187,-89.55917,Mississippi,application,150.1,4996,3171,Sedimentary,Shale,0.1779,Low,False,233.08,13.4,115,100-161,42.6
"WTG HUGOTON, LP",FLIGHT,Natural Gas Processing,High,,486210,24045,False,4.3,1-10 MW,37.20105,-101.16168,KS,141.93,False,37.44006,-102.73838,Colorado,application,152.8,4901,1942,Sedimentary,Shale,0.2441,Moderate,False,34.4,6.1,69,UNDER 100,42.6
Walker Ridge 29 (Big Foot),FLIGHT,Natural Gas Processing,High,,211120,138798,False,25.0,20-50 MW,26.932,-90.5208,LA,558.68,False,30.54629,-86.53893,Florida,federal,150.6,4980,4785,Unconsolidated,Unconsolidated,0.0994,Very low/none,False,323.71,243.65,-999999,NOT AVAILABLE,42.6
Grand Isle 115 A,FLIGHT,Natural Gas Processing,High,,211120,23811,False,4.3,1-10 MW,28.30761,-90.02197,LA,406.49,False,31.23567,-87.49992,Alabama,application,152.1,4923,4902,Unconsolidated,Unconsolidated,0.1495,Low,False,175.94,90.06,-999999,NOT AVAILABLE,42.5
Grayling Platform,FLIGHT,Natural Gas Processing,High,,211120,41053,False,7.4,1-10 MW,60.83919,-151.61531,AK,2242.48,False,48.6581,-123.19362,Unknown,unknown,208.7,3440,48,Other,Water,0.0675,Very low/none,False,3210.96,21.68,115,100-161,42.5
NORTHERN NATURAL GAS-CLIFTON,FLIGHT,Natural Gas Processing,High,,486210,27393,False,4.9,1-10 MW,39.54987,-97.25516,KS,176.89,False,41.13763,-97.38433,Nebraska,application,150.2,4994,856,Sedimentary,Shale,0.4155,High,False,308.32,7.2,115,100-161,42.5
OFS GPRP Antelope Hills Gas Plant,FLIGHT,Natural Gas Processing,High,,211130,27535,False,5.0,1-10 MW,35.83036,-99.78317,OK,152.17,False,34.55721,-99.16901,Oklahoma,application,150.3,4990,995,Unconsolidated,Unconsolidated,0.4771,High,False,98.62,23.44,138,100-161,42.5
OGT CS Salt Creek,FLIGHT,Natural Gas Processing,High,,486210,26235,False,4.7,1-10 MW,35.74592,-96.52178,OK,70.83,False,35.74795,-95.73693,Oklahoma,application,150.8,4970,1341,Sedimentary,Sandstone,0.1588,Low,False,114.43,3.15,69,UNDER 100,42.5
QUAD CNTY CORN PROCESSORS,FLIGHT,Ethanol,High,,325193,70827,False,12.8,10-20 MW,42.47684,-95.41516,IA,34.01,True,42.20303,-95.59964,Iowa,federal,150.8,4972,687,Sedimentary,Sandstone,0.231,Moderate,False,604.35,6.5,69,UNDER 100,42.5
"SNG Station 5245 Selma, AL",FLIGHT,Natural Gas Processing,High,,486210,22743,False,4.1,1-10 MW,32.52691,-86.92989,AL,88.84,False,31.7997,-86.53893,Alabama,application,152.8,4898,1723,Unconsolidated,Unconsolidated,0.1583,Low,False,193.6,0.06,115,100-161,42.5
Byars Lake Compressor Station,FLIGHT,Natural Gas Processing,High,,486210,25740,False,4.6,1-10 MW,34.86408,-97.10418,OK,138.8,False,35.05858,-95.59964,Oklahoma,application,150.6,4978,4437,Sedimentary,Shale,0.1688,Low,False,48.02,9.94,69,UNDER 100,42.4
Graymont WESTERN LIME EDEN,FLIGHT,Lime,Medium,,327410,328455,False,59.2,50-100 MW,43.7046,-88.38491,WI,148.24,False,44.96053,-89.01004,Wisconsin,federal,155.1,4827,29,Igneous,Granite,0.0741,Very low/none,False,959.03,5.37,138,100-161,42.4
Kosciusko,FLIGHT,Natural Gas Processing,High,,486210,26503,False,4.8,1-10 MW,33.12322,-89.58748,MS,129.21,False,34.18119,-89.01004,Mississippi,application,150.2,4991,3311,Sedimentary,Limestone,0.1482,Low,False,78.0,1.65,115,100-161,42.4
MAIN PASS 61 A,FLIGHT,Natural Gas Processing,High,,211120,23029,False,4.1,1-10 MW,29.31623,-88.92044,LA,253.29,False,31.23567,-87.49992,Alabama,application,152.1,4923,4902,Unconsolidated,Unconsolidated,0.1495,Low,False,154.95,59.98,-999999,NOT AVAILABLE,42.4
Mills Ranch Compressor Station,FLIGHT,Natural Gas Processing,High,,211130,26741,False,4.8,1-10 MW,35.4006,-100.1297,TX,128.28,False,34.55721,-99.16901,Oklahoma,application,150.3,4990,995,Unconsolidated,Unconsolidated,0.4771,High,False,113.28,3.06,230,220-287,42.4
"SNG Station 5110 Toca, LA",FLIGHT,Natural Gas Processing,High,,486210,22923,False,4.1,1-10 MW,29.86738,-89.83055,LA,270.09,False,31.23567,-87.49992,Alabama,application,152.1,4923,4902,Unconsolidated,Unconsolidated,0.1495,Low,False,52.02,11.56,115,100-161,42.4
Tiger Plant,FLIGHT,Natural Gas Processing,High,,211130,23625,False,4.3,1-10 MW,31.99276,-104.05647,TX,96.66,False,32.11306,-105.0722,New Mexico,federal,151.6,4940,1242,Unconsolidated,Unconsolidated,0.2457,Moderate,True,5.65,8.36,345,345,42.4
"CMC Steel Oklahoma, LLC",FLIGHT,Iron & Steel,Medium,,331110,55566,False,10.0,10-20 MW,33.99767,-96.40401,OK,54.64,False,33.55448,-96.14878,Texas,primacy,152.3,4910,1175,Sedimentary,Limestone,0.3808,Moderate,False,121.83,1.41,138,100-161,42.3
Cogar Compressor Station,FLIGHT,Natural Gas Processing,High,,486210,25436,False,4.6,1-10 MW,35.36272,-98.16746,OK,127.88,False,34.55721,-99.16901,Oklahoma,application,150.3,4990,995,Unconsolidated,Unconsolidated,0.4771,High,False,34.4,3.06,345,345,42.3
Dolly Varden Platform,FLIGHT,Natural Gas Processing,High,,211120,38361,False,6.9,1-10 MW,60.80718,-151.63512,AK,2242.01,False,48.6581,-123.19362,Unknown,unknown,208.7,3440,48,Other,Water,0.0675,Very low/none,False,3211.96,19.82,115,100-161,42.3
EES COKE BATTERY,FLIGHT,Petroleum Refining,Medium,,324199,332283,False,59.9,50-100 MW,42.2831,-83.11396,MI,171.3,False,41.13763,-81.73401,Ohio,federal,152.1,4930,2024,Sedimentary,Shale,0.1617,Low,False,1214.85,0.08,120,100-161,42.3
Ewing Bank 910 A,FLIGHT,Natural Gas Processing,High,,211120,21902,False,3.9,1-10 MW,28.05352,-90.54765,LA,460.33,False,31.23567,-87.49992,Alabama,application,152.1,4923,4902,Unconsolidated,Unconsolidated,0.1495,Low,False,199.13,121.86,-999999,NOT AVAILABLE,42.3
Green Plains Mount Vernon LLC,FLIGHT,Ethanol,High,,325193,133621,False,24.1,20-50 MW,37.90526,-87.72255,IN,117.05,False,37.37739,-88.87275,Illinois,federal,151.5,4946,4094,Sedimentary,Limestone,0.2635,Moderate,False,627.35,0.26,345,345,42.3
Mississippi Lime Company - Bonne Terre,FLIGHT,Lime,Medium,,327410,136129,False,24.5,20-50 MW,37.88913,-90.53011,MO,22.69,True,38.06677,-90.65744,Missouri,federal,155.1,4838,272,Sedimentary,Dolostone,0.2308,Moderate,False,456.4,3.36,138,100-161,42.3
South Timbalier 52,FLIGHT,Natural Gas Processing,High,,211120,21372,False,3.9,1-10 MW,28.8673,-90.4906,LA,390.1,False,31.23567,-87.49992,Alabama,application,152.1,4923,4902,Unconsolidated,Unconsolidated,0.1495,Low,False,108.5,39.23,-999999,NOT AVAILABLE,42.3
ANR Pipeline Greensburg CS,FLIGHT,Natural Gas Processing,High,,486210,23791,False,4.3,1-10 MW,37.61422,-99.39687,KS,266.38,False,38.56813,-102.18925,Colorado,application,150.4,4985,1855,Sedimentary,Shale,0.4181,High,False,135.27,4.83,-999999,NOT AVAILABLE,42.2
"Argos, MMS Platform ID 02481, Complex ID 2665-1",FLIGHT,Natural Gas Processing,High,,211120,134118,False,24.2,20-50 MW,27.17326,-90.36563,LA,528.64,False,30.54629,-86.53893,Florida,federal,150.6,4980,4785,Unconsolidated,Unconsolidated,0.0994,Very low/none,False,296.98,215.35,-999999,NOT AVAILABLE,42.2
EAST PAINTER FACILITY,FLIGHT,Natural Gas Processing,High,,211130,,False,,,41.3118,-110.8683,WY,60.9,False,41.07495,-111.52453,Utah,application,164.6,4537,1696,Unconsolidated,Unconsolidated,0.1806,Low,False,92.08,0.38,115,100-161,42.2
Mobile 823 A,FLIGHT,Natural Gas Processing,High,,211120,20517,False,3.7,1-10 MW,30.18895,-88.16313,AL,132.54,False,31.23567,-87.49992,Alabama,application,152.1,4923,4902,Unconsolidated,Unconsolidated,0.1495,Low,False,180.78,22.51,-999999,100-161,42.2
Wheeler Gas Plant,FLIGHT,Natural Gas Processing,High,,486210,23932,False,4.3,1-10 MW,35.4117,-100.1297,TX,129.18,False,34.55721,-99.16901,Oklahoma,application,150.3,4990,995,Unconsolidated,Unconsolidated,0.4771,High,False,112.33,4.19,230,220-287,42.2
Columbia Gulf Transmission - Morehead CS,FLIGHT,Natural Gas Processing,High,,486210,132810,False,23.9,20-50 MW,38.24951,-83.43838,KY,290.41,False,36.87602,-80.63574,Virginia,federal,150.7,4978,0,Metamorphic,Gneiss,0.1364,Low,False,870.65,1.77,138,100-161,42.1
LUFKIN INDUSTRIES INC,FLIGHT,Iron & Steel,Medium,,331511,,False,,,31.33726,-94.73351,TX,38.78,True,31.48635,-94.36409,Texas,primacy,175.9,4194,4846,Sedimentary,Sandstone,0.2568,Moderate,False,159.2,3.64,138,100-161,42.1
OFS GPRP Woodward Gas Plant,FLIGHT,Natural Gas Processing,High,,211130,22681,False,4.1,1-10 MW,36.4414,-99.4775,OK,211.37,False,34.55721,-99.16901,Oklahoma,application,150.3,4990,995,Unconsolidated,Unconsolidated,0.4771,High,False,88.45,0.72,69,UNDER 100,42.1
"SNG Station 4310 Muldon Storage, MS",FLIGHT,Natural Gas Processing,High,,486210,23359,False,4.2,1-10 MW,33.74518,-88.66082,MS,48.97,True,34.18119,-88.73547,Mississippi,application,150.2,4994,2807,Sedimentary,Limestone,0.2061,Moderate,False,184.46,2.36,161,100-161,42.1
West Bay Compressor Station,FLIGHT,Natural Gas Processing,High,,211120,19293,False,3.5,1-10 MW,29.1336,-89.3886,TX,295.94,False,31.23567,-87.49992,Alabama,application,152.1,4923,4902,Unconsolidated,Unconsolidated,0.1495,Low,False,128.6,28.89,-999999,NOT AVAILABLE,42.1
Arkoma,FLIGHT,Natural Gas Processing,High,,486210,21560,False,3.9,1-10 MW,34.63339,-96.17768,OK,70.84,False,35.05858,-95.59964,Oklahoma,application,150.6,4978,4437,Sedimentary,Shale,0.1688,Low,False,132.07,2.61,345,345,42.0
MC 807 B,FLIGHT,Natural Gas Processing,High,,211120,132762,False,23.9,20-50 MW,28.15988,-89.23913,LA,372.67,False,30.54629,-86.53893,Florida,federal,150.6,4980,4785,Unconsolidated,Unconsolidated,0.0994,Very low/none,False,221.65,136.42,-999999,NOT AVAILABLE,42.0
North Hobbs Reinjection Compression Facility (RCF) and West Injection Battery (WIB),FLIGHT,Natural Gas Processing,High,,211120,21862,False,3.9,1-10 MW,32.68204,-103.14912,NM,156.5,False,33.49181,-104.52307,New Mexico,federal,150.5,4982,1089,Unconsolidated,Unconsolidated,0.7982,Severe,True,7.21,5.49,115,100-161,42.0
"South Bend Ethanol, LLC.",FLIGHT,Ethanol,High,,325193,125746,False,22.7,20-50 MW,41.6552,-86.2962,IN,360.83,False,44.89786,-86.12708,Unknown,unknown,154.3,4844,175,Other,Water,,,False,948.76,0.27,138,100-161,42.0
CALUMET GAS PROCESSING PLT,FLIGHT,Natural Gas Processing,High,,211130,21134,False,3.8,1-10 MW,35.66711,-98.15412,OK,154.12,False,34.55721,-99.16901,Oklahoma,application,150.3,4990,995,Unconsolidated,Unconsolidated,0.4771,High,False,32.85,2.81,69,UNDER 100,41.9
Ingredion Inc.,FLIGHT,Ethanol,High,,311221,20413,False,3.7,1-10 MW,39.12599,-94.57328,MO,327.3,False,41.13763,-97.38433,Nebraska,application,150.2,4994,856,Sedimentary,Shale,0.4155,High,False,248.11,0.33,161,100-161,41.9
Myer Mountain Compressor Station,FLIGHT,Natural Gas Processing,High,,486210,,False,,,35.07195,-96.0194,OK,38.23,True,35.05858,-95.59964,Oklahoma,application,150.6,4978,4437,Sedimentary,Shale,0.1688,Low,False,149.53,12.31,345,345,41.9
"POET BIOREFINING LEIPSIC, LLC",FLIGHT,Ethanol,High,,325193,127985,False,23.1,20-50 MW,41.11959,-83.97102,OH,187.37,False,41.13763,-81.73401,Ohio,federal,152.1,4930,2024,Sedimentary,Shale,0.1617,Low,False,1093.97,0.4,-999999,NOT AVAILABLE,41.9
"STEEL DYNAMICS. INC. (SDI), STRUCTUAL AND RAIL DIVISION",FLIGHT,Iron & Steel,Medium,,331110,328103,False,59.1,50-100 MW,41.12435,-85.39566,IN,306.65,False,41.13763,-81.73401,Ohio,federal,152.1,4930,2024,Sedimentary,Shale,0.1617,Low,False,989.2,0.61,69,UNDER 100,41.9
TRANSCO STATION 100,FLIGHT,Natural Gas Processing,High,,486210,20671,False,3.7,1-10 MW,32.67078,-86.71826,AL,93.25,False,31.92505,-86.26437,Alabama,application,150.0,5000,996,Unconsolidated,Unconsolidated,0.1779,Low,False,218.56,0.26,115,100-161,41.9
Texas Gas Transmission - Calvert City Station,FLIGHT,Natural Gas Processing,High,,486210,22686,False,4.1,1-10 MW,36.96389,-88.38361,KY,30.44,True,36.75068,-88.59818,Kentucky,federal,152.1,4928,4639,Unconsolidated,Unconsolidated,0.3016,Moderate,False,508.28,1.75,161,100-161,41.9
US Nitrogen LLC,FLIGHT,Ammonia/Fertilizer,High,,325311,125932,False,22.7,20-50 MW,36.1939,-83.00266,TN,212.56,False,35.4346,-85.1661,Tennessee,federal,153.7,4875,2887,Sedimentary,Conglomerate,0.2135,Moderate,False,726.34,0.3,-999999,NOT AVAILABLE,41.9
ANR Pipeline Enterprise CS,FLIGHT,Natural Gas Processing,High,,486210,19838,False,3.6,1-10 MW,38.82909,-97.09359,KS,257.89,False,41.13763,-97.38433,Nebraska,application,150.2,4994,856,Sedimentary,Shale,0.4155,High,False,228.84,10.29,115,100-161,41.8
"ELEMENT, LLC",FLIGHT,Ethanol,High,,325193,19119,False,3.4,1-10 MW,37.78682,-97.53099,KS,277.36,False,35.74795,-95.73693,Oklahoma,application,150.8,4970,1341,Sedimentary,Sandstone,0.1588,Low,False,134.3,0.97,138,100-161,41.8
EW 826 A (Complex ID # 23800),FLIGHT,Natural Gas Processing,High,,211120,16572,False,3.0,1-10 MW,28.16327,-90.35859,LA,439.22,False,31.23567,-87.49992,Alabama,application,152.1,4923,4902,Unconsolidated,Unconsolidated,0.1495,Low,False,187.01,105.85,-999999,NOT AVAILABLE,41.8
ST 37 A & J_21897,FLIGHT,Natural Gas Processing,High,,211120,16348,False,2.9,1-10 MW,28.92849,-90.35328,LA,375.72,False,31.23567,-87.49992,Alabama,application,152.1,4923,4902,Unconsolidated,Unconsolidated,0.1495,Low,False,102.19,25.06,-999999,NOT AVAILABLE,41.8
King's Quay,FLIGHT,Natural Gas Processing,High,,211120,128957,False,23.2,20-50 MW,27.51964,-90.09797,LA,482.63,False,30.54629,-86.53893,Florida,federal,150.6,4980,4785,Unconsolidated,Unconsolidated,0.0994,Very low/none,False,260.73,176.39,-999999,NOT AVAILABLE,41.7
"SNG Station 4152 Tarrant, AL",FLIGHT,Natural Gas Processing,High,,486210,17574,False,3.2,1-10 MW,33.59355,-86.76997,AL,152.91,False,34.80789,-85.9898,Alabama,application,150.8,4972,2134,Sedimentary,Limestone,0.1702,Low,False,278.4,0.23,115,100-161,41.7
Southern Pines Energy Center,FLIGHT,Natural Gas Processing,High,,486210,15754,False,2.8,1-10 MW,31.22707,-88.68313,MS,112.5,False,31.23567,-87.49992,Alabama,application,152.1,4923,4902,Unconsolidated,Unconsolidated,0.1495,Low,False,56.64,1.33,115,100-161,41.7
EAST VACUUM LIQUID RECOVERY PLANT/CO2 PLANT,FLIGHT,Natural Gas Processing,High,,211120,17375,False,3.1,1-10 MW,32.79704,-103.45337,NM,126.04,False,33.49181,-104.52307,New Mexico,federal,150.5,4982,1089,Unconsolidated,Unconsolidated,0.7982,Severe,True,0.87,0.74,69,UNDER 100,41.6
POET Biorefining - Shelbyville,FLIGHT,Ethanol,High,,325193,125949,False,22.7,20-50 MW,39.56604,-85.82205,IN,332.5,False,38.50546,-89.42189,Illinois,federal,151.8,4936,2139,Sedimentary,Shale,0.2194,Moderate,False,865.3,0.9,138,100-161,41.6
"POET RESEARCH CENTER, INC.",FLIGHT,Ethanol,High,,325193,16316,False,2.9,1-10 MW,43.1468,-97.7264,SD,88.44,False,42.8924,-98.75716,Nebraska,application,150.8,4972,477,Sedimentary,Shale,,,False,567.34,1.14,-999999,NOT AVAILABLE,41.6
Petal Gas Storage Compressor Station,FLIGHT,Natural Gas Processing,High,,486210,13841,False,2.5,1-10 MW,31.37981,-89.26058,MS,168.03,False,31.23567,-87.49992,Alabama,application,152.1,4923,4902,Unconsolidated,Unconsolidated,0.1495,Low,False,46.41,4.56,69,UNDER 100,41.6
"SNG Station 4132 Louisville, MS",FLIGHT,Natural Gas Processing,High,,486210,17882,False,3.2,1-10 MW,33.13361,-89.06889,MS,116.61,False,34.18119,-89.01004,Mississippi,application,150.2,4991,3311,Sedimentary,Limestone,0.1482,Low,False,108.09,2.03,161,100-161,41.6
Southern Star-Montezuma Station,FLIGHT,Natural Gas Processing,High,,486210,17407,False,3.1,1-10 MW,37.5858,-100.4511,KS,187.29,False,38.56813,-102.18925,Colorado,application,150.4,4985,1855,Sedimentary,Shale,0.4181,High,False,61.16,3.3,-999999,NOT AVAILABLE,41.6
MGP Ingridents Inc (Atchison),Ethanol(EIA),Ethanol,High,,325193,17160,True,3.1,1-10 MW,39.5606,-95.134,Kansas,259.05,False,41.13763,-97.38433,Nebraska,application,150.2,4994,856,Sedimentary,Shale,0.4155,High,False,282.72,0.12,69,UNDER 100,41.6
Bluestone Gas Processing Plant,FLIGHT,Natural Gas Processing,High,,211130,127802,False,23.0,20-50 MW,40.80509,-80.08011,PA,86.63,False,41.07495,-81.04759,Ohio,federal,150.1,4998,2692,Sedimentary,Shale,0.1369,Low,False,1272.6,0.15,138,100-161,41.5
Columbia Gulf Transmission - Grayson CS,FLIGHT,Natural Gas Processing,High,,486210,126081,False,22.7,20-50 MW,38.35004,-82.90781,KY,258.67,False,36.87602,-80.63574,Virginia,federal,150.7,4978,0,Metamorphic,Gneiss,0.1364,Low,False,907.98,3.76,69,UNDER 100,41.5
GI 47 A (Complex ID # 20046),FLIGHT,Natural Gas Processing,High,,211120,12595,False,2.3,1-10 MW,28.94554,-90.0311,LA,352.33,False,31.23567,-87.49992,Alabama,application,152.1,4923,4902,Unconsolidated,Unconsolidated,0.1495,Low,False,108.1,23.5,-999999,NOT AVAILABLE,41.5
Main Pass 61B Platform,FLIGHT,Natural Gas Processing,High,,211120,12644,False,2.3,1-10 MW,29.2976,-88.9205,LA,255.05,False,31.23567,-87.49992,Alabama,application,152.1,4923,4902,Unconsolidated,Unconsolidated,0.1495,Low,False,155.86,60.18,-999999,NOT AVAILABLE,41.5
"NGPL Station 184, Sayre OK",FLIGHT,Natural Gas Processing,High,,486210,16305,False,2.9,1-10 MW,35.30766,-99.64143,OK,93.9,False,34.55721,-99.16901,Oklahoma,application,150.3,4990,995,Unconsolidated,Unconsolidated,0.4771,High,False,150.92,1.74,138,100-161,41.5
TATE & LYLE SAGAMORE,FLIGHT,Ethanol,High,,311221,124457,False,22.4,20-50 MW,40.43921,-86.8601,IN,307.52,False,38.50546,-89.42189,Illinois,federal,151.8,4936,2139,Sedimentary,Shale,0.2194,Moderate,False,845.62,0.35,138,100-161,41.5
"TGP Station 63 Batesville, MS",FLIGHT,Natural Gas Processing,High,,486210,15889,False,2.9,1-10 MW,34.29608,-90.07311,MS,49.53,True,34.43187,-89.55917,Mississippi,application,150.1,4996,3171,Sedimentary,Shale,0.1779,Low,False,179.89,0.73,115,100-161,41.5
TRANSCO STATION 517,FLIGHT,Natural Gas Processing,High,,486210,125620,False,22.6,20-50 MW,41.26968,-76.42972,PA,196.54,False,40.32291,-74.45799,New Jersey,federal,151.4,4949,136,Unconsolidated,Unconsolidated,0.1264,Low,False,1526.48,7.45,-999999,NOT AVAILABLE,41.5
TRANSCO STATION 607,FLIGHT,Natural Gas Processing,High,,486210,125258,False,22.6,20-50 MW,41.29916,-76.22288,PA,183.97,False,40.32291,-74.45799,New Jersey,federal,151.4,4949,136,Unconsolidated,Unconsolidated,0.1264,Low,False,1541.85,15.12,500,500,41.5
GI 41 B (Complex ID #20575),FLIGHT,Natural Gas Processing,High,,211120,12338,False,2.2,1-10 MW,28.99848,-89.95895,LA,343.23,False,31.23567,-87.49992,Alabama,application,152.1,4923,4902,Unconsolidated,Unconsolidated,0.1495,Low,False,105.71,24.19,-999999,NOT AVAILABLE,41.4
MC 773 A (Devils Tower),FLIGHT,Natural Gas Processing,High,,211130,125954,False,22.7,20-50 MW,28.20876,-88.73474,LA,335.88,False,30.54629,-86.53893,Florida,federal,150.6,4980,4785,Unconsolidated,Unconsolidated,0.0994,Very low/none,False,247.29,149.89,-999999,NOT AVAILABLE,41.4
MP 310 A (Complex ID # 23083),FLIGHT,Natural Gas Processing,High,,211120,12459,False,2.2,1-10 MW,29.18745,-88.68342,LA,254.56,False,31.23567,-87.49992,Alabama,application,152.1,4923,4902,Unconsolidated,Unconsolidated,0.1495,Low,False,181.92,84.99,-999999,NOT AVAILABLE,41.4
South Timbalier 311 A,FLIGHT,Natural Gas Processing,High,,211120,12479,False,2.2,1-10 MW,28.12003,-90.53239,TX,453.66,False,31.23567,-87.49992,Alabama,application,152.1,4923,4902,Unconsolidated,Unconsolidated,0.1495,Low,False,191.68,114.35,-999999,NOT AVAILABLE,41.4
"TGP Station 106 Clay City, KY",FLIGHT,Natural Gas Processing,High,,486210,123716,False,22.3,20-50 MW,37.92325,-83.98489,KY,292.66,False,35.68528,-85.71523,Tennessee,federal,151.5,4948,2070,Sedimentary,Limestone,0.2031,Moderate,False,811.45,4.78,69,UNDER 100,41.4
West Delta 106 A,FLIGHT,Natural Gas Processing,High,,211120,12452,False,2.2,1-10 MW,28.83156,-89.55784,LA,332.71,False,31.23567,-87.49992,Alabama,application,152.1,4923,4902,Unconsolidated,Unconsolidated,0.1495,Low,False,142.48,58.63,-999999,NOT AVAILABLE,41.4
"Nakika, MMS Platform ID 02481, Complex ID 1001-1",FLIGHT,Natural Gas Processing,High,,211120,124984,False,22.5,20-50 MW,28.52115,-88.28879,LA,281.71,False,30.54629,-86.53893,Florida,federal,150.6,4980,4785,Unconsolidated,Unconsolidated,0.0994,Very low/none,False,254.45,153.1,-999999,NOT AVAILABLE,41.3
PINE LAKE CORN PROCESSORS,FLIGHT,Ethanol,High,,325193,124046,False,22.4,20-50 MW,42.45709,-93.05623,IA,210.97,False,42.20303,-95.59964,Iowa,federal,150.8,4972,687,Sedimentary,Sandstone,0.231,Moderate,False,639.7,11.86,161,100-161,41.3
"SNG Station 5236 Gallion, AL",FLIGHT,Natural Gas Processing,High,,486210,11252,False,2.0,1-10 MW,32.49685,-87.71605,AL,100.51,False,31.61169,-87.49992,Alabama,application,151.7,4936,4034,Sedimentary,Shale,0.1102,Low,False,129.93,0.39,-999999,NOT AVAILABLE,41.3
Arapaho,FLIGHT,Natural Gas Processing,High,,211130,12704,False,2.3,1-10 MW,35.7481,-99.202,OK,132.45,False,34.55721,-99.16901,Oklahoma,application,150.3,4990,995,Unconsolidated,Unconsolidated,0.4771,High,False,127.44,6.65,69,UNDER 100,41.2
Bertrand Compressor Station,FLIGHT,Natural Gas Processing,High,,486210,12437,False,2.2,1-10 MW,40.5087,-99.47838,NE,161.09,False,40.32291,-101.36555,Nebraska,application,150.4,4985,1616,Sedimentary,Shale,0.547,High,False,394.98,2.86,69,UNDER 100,41.2
Black River Gas Processing Plant,FLIGHT,Natural Gas Processing,High,,211130,117141,False,21.1,20-50 MW,32.26518,-104.12617,NM,89.01,False,32.2384,-105.0722,New Mexico,federal,154.1,4849,1512,Unconsolidated,Unconsolidated,0.2401,Moderate,False,32.19,11.37,69,UNDER 100,41.2
Linde Inc.,FLIGHT,Industrial Gas,High,,325120,121190,False,21.8,20-50 MW,39.58001,-75.61006,DE,51.69,False,39.57086,-75.00712,New Jersey,federal,152.1,4925,979,Unconsolidated,Unconsolidated,0.1142,Low,False,1471.45,2.07,230,220-287,41.2
MISSISSIPPI LIME CO - VERONA PLANT,FLIGHT,Lime,Medium,,327410,322597,False,58.1,50-100 MW,38.8279,-84.7588,KY,354.27,False,41.01228,-81.73401,Ohio,federal,151.0,4966,2053,Sedimentary,Shale,0.1819,Low,False,846.53,5.64,-999999,NOT AVAILABLE,41.2
POET BIOREFINING,FLIGHT,Ethanol,High,,325193,120280,False,21.7,20-50 MW,41.17562,-83.3806,OH,137.92,False,41.13763,-81.73401,Ohio,federal,152.1,4930,2024,Sedimentary,Shale,0.1617,Low,False,1126.65,0.18,138,100-161,41.2
"POET Biorefining - North Manchester, LLC",FLIGHT,Ethanol,High,,325193,123005,False,22.2,20-50 MW,40.9461,-85.7834,IN,339.98,False,41.01228,-81.73401,Ohio,federal,151.0,4966,2053,Sedimentary,Shale,0.1819,Low,False,951.43,0.31,-999999,NOT AVAILABLE,41.2
"SNG Station 4165 DeArmanville, AL",FLIGHT,Natural Gas Processing,High,,486210,12221,False,2.2,1-10 MW,33.61958,-85.77823,AL,133.56,False,34.80789,-85.9898,Alabama,application,150.8,4972,2134,Sedimentary,Limestone,0.1702,Low,False,349.1,1.14,115,100-161,41.2
TRANSCO STATION 83,FLIGHT,Natural Gas Processing,High,,486210,10253,False,1.8,1-10 MW,31.08413,-88.3195,AL,79.78,False,31.23567,-87.49992,Alabama,application,152.1,4923,4902,Unconsolidated,Unconsolidated,0.1495,Low,False,83.28,8.55,-999999,NOT AVAILABLE,41.2
Canute (El Paso) Compressor Station,FLIGHT,Natural Gas Processing,High,,486210,12198,False,2.2,1-10 MW,35.42348,-99.27883,OK,96.84,False,34.55721,-99.16901,Oklahoma,application,150.3,4990,995,Unconsolidated,Unconsolidated,0.4771,High,False,134.77,4.18,138,100-161,41.1
Custer Compressor Station,FLIGHT,Natural Gas Processing,High,,486210,11577,False,2.1,1-10 MW,35.63873,-99.02356,OK,120.99,False,34.55721,-99.16901,Oklahoma,application,150.3,4990,995,Unconsolidated,Unconsolidated,0.4771,High,False,111.37,9.78,138,100-161,41.1
Danville,FLIGHT,Natural Gas Processing,High,,486210,120841,False,21.8,20-50 MW,37.58,-84.75,KY,227.6,False,35.68528,-85.71523,Tennessee,federal,151.5,4948,2070,Sedimentary,Limestone,0.2031,Moderate,False,738.07,3.26,69,UNDER 100,41.1
"Seaboard Energy Kansas, LLC",FLIGHT,Petrochemicals,Medium,,325199,95996,False,17.3,10-20 MW,36.99616,-101.38267,KS,129.8,False,37.44006,-102.73838,Colorado,application,152.8,4901,1942,Sedimentary,Shale,0.2441,Moderate,True,12.0,16.15,-999999,NOT AVAILABLE,41.1
West Delta 31E,FLIGHT,Natural Gas Processing,High,,211120,8883,False,1.6,1-10 MW,29.1484,-89.6759,LA,312.4,False,31.23567,-87.49992,Alabama,application,152.1,4923,4902,Unconsolidated,Unconsolidated,0.1495,Low,False,108.2,26.94,-999999,NOT AVAILABLE,41.1
Granite Point Platform,FLIGHT,Natural Gas Processing,High,,211120,24329,False,4.4,1-10 MW,60.95833,-151.33139,AK,2234.03,False,48.6581,-123.19362,Unknown,unknown,208.7,3440,48,Other,Water,0.0675,Very low/none,False,3195.94,29.46,115,100-161,41.0
King Salmon Platform,FLIGHT,Natural Gas Processing,High,,211120,24085,False,4.3,1-10 MW,60.86484,-151.6081,AK,2243.3,False,48.6581,-123.19362,Unknown,unknown,208.7,3440,48,Other,Water,0.0675,Very low/none,False,3210.63,23.75,115,100-161,41.0
Southeast,FLIGHT,Natural Gas Processing,High,,486210,121779,False,21.9,20-50 MW,41.3844,-73.5446,NY,49.78,True,41.38831,-72.94787,Connecticut,federal,150.1,4996,0,,,0.1441,Low,False,1727.18,7.33,115,100-161,41.0
ZYBACH CRYOGENIC PLANT,FLIGHT,Natural Gas Processing,High,,211130,11289,False,2.0,1-10 MW,35.605,-100.14833,TX,146.68,False,34.55721,-99.16901,Oklahoma,application,150.3,4990,995,Unconsolidated,Unconsolidated,0.4771,High,False,95.3,8.1,69,UNDER 100,41.0
COLUMBIA GULF TRANSMISSION COMPANY HAMPSHIRE CS,FLIGHT,Natural Gas Processing,High,,486210,116534,False,21.0,20-50 MW,35.6426,-87.2638,TN,95.81,False,35.62261,-88.32362,Tennessee,federal,152.7,4903,2228,Unconsolidated,Unconsolidated,0.1564,Low,False,429.55,9.0,161,100-161,40.9
PANHANDLE EASTERN PIPE LINE CO - OLPE,FLIGHT,Natural Gas Processing,High,,486210,8517,False,1.5,1-10 MW,38.2889,-96.18943,KS,285.38,False,35.74795,-95.73693,Oklahoma,application,150.8,4970,1341,Sedimentary,Sandstone,0.1588,Low,False,148.16,1.07,345,345,40.9
BADGER STATE ETHANOL,FLIGHT,Ethanol,High,,325193,111351,False,20.1,20-50 MW,42.5949,-89.66691,WI,268.28,False,44.96053,-89.01004,Wisconsin,federal,155.1,4827,29,Igneous,Granite,0.0741,Very low/none,False,797.71,1.25,69,UNDER 100,40.8
Owingsville,FLIGHT,Natural Gas Processing,High,,486210,118716,False,21.4,20-50 MW,38.26352,-83.79085,KY,317.98,False,36.87602,-80.63574,Virginia,federal,150.7,4978,0,Metamorphic,Gneiss,0.1364,Low,False,850.82,11.96,69,UNDER 100,40.8
Riverton Facility,FLIGHT,Lime,Medium,,327410,318257,False,57.3,50-100 MW,38.79375,-79.48164,WV,101.61,False,38.38012,-78.43921,Virginia,federal,150.9,4969,0,Metamorphic,Metamorphic,0.1487,Low,False,1150.35,5.21,-999999,NOT AVAILABLE,40.8
ANR Pipeline Alden CS,FLIGHT,Natural Gas Processing,High,,486210,7025,False,1.3,1-10 MW,38.22602,-98.29037,KS,332.91,False,41.13763,-97.38433,Nebraska,application,150.2,4994,856,Sedimentary,Shale,0.4155,High,False,211.24,11.51,230,220-287,40.7
Columbia Gas Transmission LLC- Sherwood Compressor Station,FLIGHT,Natural Gas Processing,High,,486210,118220,False,21.3,20-50 MW,39.26706,-80.73173,WV,202.81,False,41.07495,-81.04759,Ohio,federal,150.1,4998,2692,Sedimentary,Shale,0.1369,Low,False,1108.08,4.22,-999999,NOT AVAILABLE,40.7
Northern Natural Gas - Tescott Compressor Station,FLIGHT,Natural Gas Processing,High,,486210,7626,False,1.4,1-10 MW,39.05222,-97.86389,KS,235.45,False,41.13763,-97.38433,Nebraska,application,150.2,4994,856,Sedimentary,Shale,0.4155,High,False,272.55,25.02,34,UNDER 100,40.7
"TGP Station 563 Joelton, TN",FLIGHT,Natural Gas Processing,High,,486210,116264,False,20.9,20-50 MW,36.3466,-86.8675,TN,127.07,False,35.68528,-85.71523,Tennessee,federal,151.5,4948,2070,Sedimentary,Limestone,0.2031,Moderate,False,513.98,10.37,69,UNDER 100,40.7
COLUMBIA GULF TRANSMISSION LLC HARTSVILLE CS,FLIGHT,Natural Gas Processing,High,,486210,115698,False,20.8,20-50 MW,36.46052,-86.17637,TN,95.65,False,35.68528,-85.71523,Tennessee,federal,151.5,4948,2070,Sedimentary,Limestone,0.2031,Moderate,False,561.33,3.08,161,100-161,40.6
"COLUMBIA GULF TRANSMISSION LLC, INVERNESS COMPRESSOR STATION",FLIGHT,Natural Gas Processing,High,,486210,115242,False,20.8,20-50 MW,33.35852,-90.57307,MS,87.01,False,33.55448,-91.48114,Arkansas,federal,151.2,4954,1442,Unconsolidated,Unconsolidated,0.365,Moderate,False,75.06,4.09,230,220-287,40.6
POET BIOREFINING - PORTLAND,FLIGHT,Ethanol,High,,325193,115876,False,20.9,20-50 MW,40.41393,-85.01926,IN,284.76,False,41.01228,-81.73401,Ohio,federal,151.0,4966,2053,Sedimentary,Shale,0.1819,Low,False,981.01,0.87,-999999,NOT AVAILABLE,40.6
WILLOW LAKE COMPRESSOR STATION,FLIGHT,Natural Gas Processing,High,,211130,,False,,,32.19588,-104.14379,NM,87.47,False,32.2384,-105.0722,New Mexico,federal,154.1,4849,1512,Unconsolidated,Unconsolidated,0.2401,Moderate,True,26.21,14.97,69,UNDER 100,40.6
Mobley  Gas Plant,FLIGHT,Natural Gas Processing,High,,211130,116149,False,20.9,20-50 MW,39.49953,-80.56176,WV,179.96,False,41.07495,-81.04759,Ohio,federal,150.1,4998,2692,Sedimentary,Shale,0.1369,Low,False,1136.92,5.98,-999999,NOT AVAILABLE,40.5
DCP MIDSTREAM - EUNICE GAS PLANT,FLIGHT,Natural Gas Processing,High,,211130,,False,,,32.5144,-103.2819,NM,156.64,False,33.11579,-104.79763,New Mexico,federal,152.5,4913,1351,Sedimentary,Limestone,0.277,Moderate,True,18.16,1.34,115,100-161,40.4
Hugoton Compressor Station,FLIGHT,Natural Gas Processing,High,,211130,,False,,,37.16652,-101.32745,KS,128.45,False,37.44006,-102.73838,Colorado,application,152.8,4901,1942,Sedimentary,Shale,0.2441,Moderate,False,31.34,3.76,69,UNDER 100,40.4
Hugoton Gathering Plant #3,FLIGHT,Natural Gas Processing,High,,211130,,False,,,37.20075,-101.521,KS,110.89,False,37.44006,-102.73838,Colorado,application,152.8,4901,1942,Sedimentary,Shale,0.2441,Moderate,False,33.93,1.97,115,100-161,40.4
Mid American Steel & Wire,FLIGHT,Iron & Steel,Medium,,331110,33828,False,6.1,1-10 MW,34.07091,-96.75503,OK,80.22,False,33.55448,-96.14878,Texas,primacy,152.3,4910,1175,Sedimentary,Limestone,0.3808,Moderate,False,89.08,2.64,138,100-161,40.4
"NGPL Station 156, Mountain View, OK",FLIGHT,Natural Gas Processing,High,,486210,4481,False,0.8,<1 MW,35.13271,-98.74094,OK,74.97,False,34.55721,-99.16901,Oklahoma,application,150.3,4990,995,Unconsolidated,Unconsolidated,0.4771,High,False,86.44,3.63,345,345,40.4
Riviera Resources - Satanta Gas Plant,FLIGHT,Natural Gas Processing,High,,211112,,False,,,37.4589,-101.17016,KS,138.45,False,37.44006,-102.73838,Colorado,application,152.8,4901,1942,Sedimentary,Shale,0.2441,Moderate,False,51.48,11.55,115,100-161,40.4
SOUTHWEST GAS STORAGE - BORCHERS,FLIGHT,Natural Gas Processing,High,,486210,,False,,,37.21293,-100.34524,KS,213.1,False,37.44006,-102.73838,Colorado,application,152.8,4901,1942,Sedimentary,Shale,0.2441,Moderate,False,40.67,17.79,115,100-161,40.4
BLACK BAY CENTRAL FACILITY,FLIGHT,Natural Gas Processing,High,,211120,,False,,,29.57,-89.5124,LA,267.49,False,31.23567,-87.49992,Alabama,application,152.1,4923,4902,Unconsolidated,Unconsolidated,0.1495,Low,False,91.07,16.87,-999999,NOT AVAILABLE,40.3
BUSHMILLS ETHANOL INC.,FLIGHT,Ethanol,High,,325193,113085,False,20.4,20-50 MW,45.13784,-94.80712,MN,58.22,False,45.27389,-94.08952,Minnesota,federal,150.5,4983,56,,,0.2105,Moderate,False,593.0,2.56,69,UNDER 100,40.3
"CHATOM GAS PRODUCTION, TREATING, AND PROCESSING FACILITY",FLIGHT,Natural Gas Processing,High,,211130,,False,,,31.46422,-88.40288,AL,87.13,False,31.61169,-87.49992,Alabama,application,151.7,4936,4034,Sedimentary,Shale,0.1102,Low,False,45.03,8.37,-999999,100-161,40.3
Chunchula Gas Plant,FLIGHT,Natural Gas Processing,High,,211111,,False,,,30.94717,-88.16743,AL,71.2,False,31.23567,-87.49992,Alabama,application,152.1,4923,4902,Unconsolidated,Unconsolidated,0.1495,Low,False,103.83,2.36,230,220-287,40.3
"EPL Oil & Gas, Inc. - SP 77 A",FLIGHT,Natural Gas Processing,High,,211120,,False,,,28.8308,-89.4061,LA,324.3,False,31.23567,-87.49992,Alabama,application,152.1,4923,4902,Unconsolidated,Unconsolidated,0.1495,Low,False,152.03,60.06,-999999,NOT AVAILABLE,40.3
"EPL Oil and Gas, Inc. - WD 29 A, E, F, H, I (Complex ID # 21273)",FLIGHT,Natural Gas Processing,High,,211120,,False,,,29.14078,-89.6083,LA,308.73,False,31.23567,-87.49992,Alabama,application,152.1,4923,4902,Unconsolidated,Unconsolidated,0.1495,Low,False,113.21,25.16,-999999,NOT AVAILABLE,40.3
"EPL Oil and Gas, Inc.. - ST 26 A, A-QRT (Complex ID # 20632)",FLIGHT,Natural Gas Processing,High,,211111,,False,,,28.98535,-89.6083,LA,322.07,False,31.23567,-87.49992,Alabama,application,152.1,4923,4902,Unconsolidated,Unconsolidated,0.1495,Low,False,126.12,42.06,-999999,NOT AVAILABLE,40.3
"EPL Oil and Gas, Inc.. - ST 26 C, D, F (Complex ID # 21782)",FLIGHT,Natural Gas Processing,High,,211111,,False,,,28.97847,-90.1763,LA,359.52,False,31.23567,-87.49992,Alabama,application,152.1,4923,4902,Unconsolidated,Unconsolidated,0.1495,Low,False,99.97,14.01,-999999,NOT AVAILABLE,40.3
EW 921 A (Morpeth),FLIGHT,Natural Gas Processing,High,,211130,,False,,,28.0348,-90.02281,LA,431.4,False,31.23567,-87.49992,Alabama,application,152.1,4923,4902,Unconsolidated,Unconsolidated,0.1495,Low,False,205.5,120.0,-999999,NOT AVAILABLE,40.3
Ewing Banks 305 A,FLIGHT,Natural Gas Processing,High,,211111,,False,,,28.66576,-89.96945,LA,371.82,False,31.23567,-87.49992,Alabama,application,152.1,4923,4902,Unconsolidated,Unconsolidated,0.1495,Low,False,139.28,53.28,-999999,NOT AVAILABLE,40.3
Grand Isle 22 L,FLIGHT,Natural Gas Processing,High,,211120,,False,,,29.0676,-89.9776,LA,338.9,False,31.23567,-87.49992,Alabama,application,152.1,4923,4902,Unconsolidated,Unconsolidated,0.1495,Low,False,98.07,16.35,-999999,NOT AVAILABLE,40.3
Green Canyon 205 A,FLIGHT,Natural Gas Processing,High,,211120,,False,,,27.77925,-90.5189,LA,482.71,False,31.23567,-87.49992,Alabama,application,152.1,4923,4902,Unconsolidated,Unconsolidated,0.1495,Low,False,229.52,150.73,-999999,NOT AVAILABLE,40.3
Gulf South Pipeline - Airport Jct Station,FLIGHT,Natural Gas Processing,High,,486210,,False,,,30.63589,-88.36104,AL,105.8,False,31.23567,-87.49992,Alabama,application,152.1,4923,4902,Unconsolidated,Unconsolidated,0.1495,Low,False,127.66,2.97,500,500,40.3
Linn Energy - West Main Compressor Station,FLIGHT,Natural Gas Processing,High,,211111,,False,,,37.5246,-101.25238,KS,131.09,False,37.5654,-102.73838,Colorado,application,152.1,4924,1863,Sedimentary,Sandstone,0.3525,Moderate,False,61.75,8.97,115,100-161,40.3
MISSISSIPPI CANYON 711 (INNOVATOR),FLIGHT,Natural Gas Processing,High,,211111,,False,,,28.2207,-89.6151,LA,392.54,False,31.23567,-87.49992,Alabama,application,152.1,4923,4902,Unconsolidated,Unconsolidated,0.1495,Low,False,198.21,113.15,-999999,NOT AVAILABLE,40.3
MISSISSIPPI PHOSPHATES CORP,FLIGHT,Ammonia/Fertilizer,High,,325312,,False,,,30.36057,-88.49952,MS,136.32,False,31.23567,-87.49992,Alabama,application,152.1,4923,4902,Unconsolidated,Unconsolidated,0.1495,Low,False,154.52,0.54,115,100-161,40.3
MP 153 B (Complex ID # 20341),FLIGHT,Natural Gas Processing,High,,211120,,False,,,29.1174,-88.84451,LA,268.67,False,31.23567,-87.49992,Alabama,application,152.1,4923,4902,Unconsolidated,Unconsolidated,0.1495,Low,False,172.04,72.39,-999999,NOT AVAILABLE,40.3
MP 296 B (Complex ID # 22749),FLIGHT,Natural Gas Processing,High,,211120,,False,,,29.23359,-88.66495,LA,249.17,False,31.23567,-87.49992,Alabama,application,152.1,4923,4902,Unconsolidated,Unconsolidated,0.1495,Low,False,181.28,85.73,-999999,NOT AVAILABLE,40.3
MP 311 B (Complex ID # 22523),FLIGHT,Natural Gas Processing,High,,211120,,False,,,29.1834,-88.73689,LA,257.3,False,31.23567,-87.49992,Alabama,application,152.1,4923,4902,Unconsolidated,Unconsolidated,0.1495,Low,False,177.51,80.05,-999999,NOT AVAILABLE,40.3
Main Pass 108 A,FLIGHT,Natural Gas Processing,High,,211120,,False,,,29.55274,-88.66004,LA,217.71,False,31.23567,-87.49992,Alabama,application,152.1,4923,4902,Unconsolidated,Unconsolidated,0.1495,Low,False,169.71,87.62,-999999,NOT AVAILABLE,40.3
Mary Ann - 823,FLIGHT,Natural Gas Processing,High,,211111,,False,,,30.3915,-88.1649,AL,113.33,False,31.23567,-87.49992,Alabama,application,152.1,4923,4902,Unconsolidated,Unconsolidated,0.1495,Low,False,159.47,2.2,-999999,100-161,40.3
Mobile Bay - 823 A,FLIGHT,Natural Gas Processing,High,,211130,,False,,,30.18895,-88.16313,AL,132.54,False,31.23567,-87.49992,Alabama,application,152.1,4923,4902,Unconsolidated,Unconsolidated,0.1495,Low,False,180.78,22.51,-999999,100-161,40.3
Mobile Bay - Northwest Gulf Platform,FLIGHT,Natural Gas Processing,High,,211130,,False,,,30.1889,-88.1207,AL,130.65,False,31.23567,-87.49992,Alabama,application,152.1,4923,4902,Unconsolidated,Unconsolidated,0.1495,Low,False,182.1,23.34,-999999,100-161,40.3
SP 60 A D G (Complex ID # 20285),FLIGHT,Natural Gas Processing,High,,211120,,False,,,29.05792,-88.96422,LA,280.1,False,31.23567,-87.49992,Alabama,application,152.1,4923,4902,Unconsolidated,Unconsolidated,0.1495,Low,False,165.98,64.92,-999999,NOT AVAILABLE,40.3
SP 60 B E (Complex ID # 20319),FLIGHT,Natural Gas Processing,High,,211120,,False,,,29.04428,-88.9666,LA,281.54,False,31.23567,-87.49992,Alabama,application,152.1,4923,4902,Unconsolidated,Unconsolidated,0.1495,Low,False,166.68,65.52,-999999,NOT AVAILABLE,40.3
SP 70 C D (Complex ID # 22087),FLIGHT,Natural Gas Processing,High,,211120,,False,,,29.02946,-88.94272,LA,281.83,False,31.23567,-87.49992,Alabama,application,152.1,4923,4902,Unconsolidated,Unconsolidated,0.1495,Low,False,169.52,68.37,-999999,NOT AVAILABLE,40.3
SP 93 A,FLIGHT,Natural Gas Processing,High,,211120,,False,,,28.663,-89.4082,LA,340.04,False,31.23567,-87.49992,Alabama,application,152.1,4923,4902,Unconsolidated,Unconsolidated,0.1495,Low,False,166.24,78.36,-999999,NOT AVAILABLE,40.3
ST 308 A (Complex ID # 1500),FLIGHT,Natural Gas Processing,High,,211120,,False,,,28.16141,-90.22763,LA,431.55,False,31.23567,-87.49992,Alabama,application,152.1,4923,4902,Unconsolidated,Unconsolidated,0.1495,Low,False,188.32,104.85,-999999,NOT AVAILABLE,40.3
Sand Hill Compressor Station,FLIGHT,Natural Gas Processing,High,,486210,,False,,,31.3037,-88.74518,MS,118.59,False,31.23567,-87.49992,Alabama,application,152.1,4923,4902,Unconsolidated,Unconsolidated,0.1495,Low,False,47.67,4.91,-999999,100-161,40.3
South Timbalier 28F&P Platform,FLIGHT,Natural Gas Processing,High,,211120,,False,,,28.9866,-90.2507,LA,364.05,False,31.23567,-87.49992,Alabama,application,152.1,4923,4902,Unconsolidated,Unconsolidated,0.1495,Low,False,97.35,14.25,-999999,NOT AVAILABLE,40.3
South Timbalier 35 E,FLIGHT,Natural Gas Processing,High,,211130,,False,,,28.92313,-90.43217,LA,381.71,False,31.23567,-87.49992,Alabama,application,152.1,4923,4902,Unconsolidated,Unconsolidated,0.1495,Low,False,102.29,30.86,-999999,NOT AVAILABLE,40.3
South Tmbalier 54G,FLIGHT,Natural Gas Processing,High,,211120,,False,,,28.8329,-90.4162,LA,387.51,False,31.23567,-87.49992,Alabama,application,152.1,4923,4902,Unconsolidated,Unconsolidated,0.1495,Low,False,112.37,37.23,-999999,NOT AVAILABLE,40.3
TARGA ABLE COMPRESSOR STATION,FLIGHT,Natural Gas Processing,High,,211111,,False,,,34.53815,-96.21861,OK,69.31,False,34.18119,-95.59964,Oklahoma,application,152.2,4916,172,Sedimentary,Sandstone,0.2281,Moderate,False,128.56,6.02,138,100-161,40.3
TARGA ATOKA GAS PROCESSING PLANT,FLIGHT,Natural Gas Processing,High,,211112,,False,,,34.39064,-96.23276,OK,62.66,False,34.18119,-95.59964,Oklahoma,application,152.2,4916,172,Sedimentary,Sandstone,0.2281,Moderate,False,127.47,8.92,138,100-161,40.3
TIMBALIER BAY PRODUCTION COMPLEX,FLIGHT,Natural Gas Processing,High,,211111,,False,,,29.0691,-90.32503,LA,363.05,False,31.23567,-87.49992,Alabama,application,152.1,4923,4902,Unconsolidated,Unconsolidated,0.1495,Low,False,87.02,13.55,-999999,NOT AVAILABLE,40.3
Targa Midstream Services LLC - Yscloskey Gas Processing Plant,FLIGHT,Natural Gas Processing,High,,211112,,False,,,29.8351,-89.81304,LA,270.79,False,31.23567,-87.49992,Alabama,application,152.1,4923,4902,Unconsolidated,Unconsolidated,0.1495,Low,False,54.19,13.23,115,100-161,40.3
Toca Gas Processing Plant,FLIGHT,Natural Gas Processing,High,,211130,,False,,,29.86859,-89.83326,LA,270.23,False,31.23567,-87.49992,Alabama,application,152.1,4923,4902,Unconsolidated,Unconsolidated,0.1495,Low,False,51.74,11.33,115,100-161,40.3
Tupelo Gas Plant,FLIGHT,Natural Gas Processing,High,,211130,,False,,,34.5864,-96.288,OK,77.59,False,34.18119,-95.59964,Oklahoma,application,152.2,4916,172,Sedimentary,Sandstone,0.2281,Moderate,False,122.3,1.41,345,345,40.3
WD 105 E (Complex ID # 23415),FLIGHT,Natural Gas Processing,High,,211120,,False,,,28.85134,-89.60109,LA,333.44,False,31.23567,-87.49992,Alabama,application,152.1,4923,4902,Unconsolidated,Unconsolidated,0.1495,Low,False,138.18,56.73,-999999,NOT AVAILABLE,40.3
WD 143 A/B,FLIGHT,Natural Gas Processing,High,,211111,,False,,,28.66171,-89.55131,LA,347.8,False,31.23567,-87.49992,Alabama,application,152.1,4923,4902,Unconsolidated,Unconsolidated,0.1495,Low,False,158.21,76.73,-999999,NOT AVAILABLE,40.3
WD 70 I L (Complex ID # 21805),FLIGHT,Natural Gas Processing,High,,211111,,False,,,28.95214,-89.82218,LA,338.19,False,31.23567,-87.49992,Alabama,application,152.1,4923,4902,Unconsolidated,Unconsolidated,0.1495,Low,False,116.76,35.05,-999999,NOT AVAILABLE,40.3
WD 79 A & F (Complex ID # 20491),FLIGHT,Natural Gas Processing,High,,211120,,False,,,28.97158,-89.51468,LA,317.7,False,31.23567,-87.49992,Alabama,application,152.1,4923,4902,Unconsolidated,Unconsolidated,0.1495,Low,False,133.3,43.08,-999999,NOT AVAILABLE,40.3
WD 90 A B E (Complex ID # 20114),FLIGHT,Natural Gas Processing,High,,211120,,False,,,29.93836,-89.6605,LA,252.15,False,31.23567,-87.49992,Alabama,application,152.1,4923,4902,Unconsolidated,Unconsolidated,0.1495,Low,False,68.14,24.12,115,100-161,40.3
WD 95 S X (Complex ID # 21270),FLIGHT,Natural Gas Processing,High,,211111,,False,,,28.90581,-89.82069,LA,342.02,False,31.23567,-87.49992,Alabama,application,152.1,4923,4902,Unconsolidated,Unconsolidated,0.1495,Low,False,121.24,39.4,-999999,NOT AVAILABLE,40.3
West Delta 109,FLIGHT,Natural Gas Processing,High,,211120,,False,,,28.83404,-89.45315,LA,326.58,False,31.23567,-87.49992,Alabama,application,152.1,4923,4902,Unconsolidated,Unconsolidated,0.1495,Low,False,148.72,58.9,-999999,NOT AVAILABLE,40.3
West Delta 30 P,FLIGHT,Natural Gas Processing,High,,211120,,False,,,29.1293,-89.6139,LA,310.06,False,31.23567,-87.49992,Alabama,application,152.1,4923,4902,Unconsolidated,Unconsolidated,0.1495,Low,False,113.8,26.54,-999999,NOT AVAILABLE,40.3
XTO - Blalock Station,FLIGHT,Natural Gas Processing,High,,211111,,False,,,34.4135,-96.2954,TX,68.94,False,34.18119,-95.59964,Oklahoma,application,152.2,4916,172,Sedimentary,Sandstone,0.2281,Moderate,False,121.64,10.66,138,100-161,40.3
Yellowhammer Gas Plant,FLIGHT,Natural Gas Processing,High,,211130,,False,,,30.4025,-88.13056,AL,110.5,False,31.23567,-87.49992,Alabama,application,152.1,4923,4902,Unconsolidated,Unconsolidated,0.1495,Low,False,159.53,0.08,-999999,100-161,40.3
Avalon Compressor Station,FLIGHT,Natural Gas Processing,High,,211111,,False,,,32.011,-104.0814,NM,94.05,False,32.11306,-105.0722,New Mexico,federal,151.6,4940,1242,Unconsolidated,Unconsolidated,0.2457,Moderate,True,8.52,6.07,345,345,40.2
Dominion Energy Questar - Eakin Station (Tran),FLIGHT,Natural Gas Processing,High,,486210,,False,,,41.4423,-110.2431,WY,80.31,False,40.7616,-110.56354,Utah,application,151.5,4955,0,Sedimentary,Sandstone,0.1231,Low,False,44.08,3.55,115,100-161,40.2
Matheson - LIMA III PLANT,FLIGHT,Industrial Gas,High,,325120,111875,False,20.2,20-50 MW,40.72211,-84.11329,OH,202.65,False,41.01228,-81.73401,Ohio,federal,151.0,4966,2053,Sedimentary,Shale,0.1819,Low,False,1050.38,1.38,138,100-161,40.2
Mobile 916,FLIGHT,Natural Gas Processing,High,,211120,,False,,,30.0937,-87.88322,AL,129.94,False,31.173,-87.36263,Alabama,application,151.3,4953,4895,Unconsolidated,Unconsolidated,0.1273,Low,False,200.45,26.7,115,100-161,40.2
PINNACLE ETHANOL LLC d/b/a POET BIOREFINING - CORNING,FLIGHT,Ethanol,High,,325193,110033,False,19.8,10-20 MW,40.96593,-94.79506,IA,144.34,False,41.88967,-96.01149,Iowa,federal,151.8,4938,622,Sedimentary,Shale,0.3542,Moderate,False,441.54,5.71,-999999,NOT AVAILABLE,40.2
POET BIOREFINING,FLIGHT,Ethanol,High,,325193,111870,False,20.2,20-50 MW,42.3289,-93.6626,IA,160.0,False,42.20303,-95.59964,Iowa,federal,150.8,4972,687,Sedimentary,Sandstone,0.231,Moderate,False,610.39,20.14,-999999,NOT AVAILABLE,40.2
"POET Biorefining - Caro, LLC",FLIGHT,Ethanol,High,,325193,105804,False,19.1,10-20 MW,43.47288,-83.4105,MI,268.35,False,44.89786,-86.12708,Unknown,unknown,154.3,4844,175,Other,Water,,,False,1254.7,1.76,120,100-161,40.2
Rover - Mainline CS #2,FLIGHT,Natural Gas Processing,High,,486210,104801,False,18.9,10-20 MW,40.78731,-82.09556,OH,39.36,True,41.01228,-81.73401,Ohio,federal,151.0,4966,2053,Sedimentary,Shale,0.1819,Low,False,1158.03,0.1,138,100-161,40.2
Valero Lakota Plant,FLIGHT,Ethanol,High,,325193,111809,False,20.1,20-50 MW,43.38391,-94.14706,IA,176.88,False,42.20303,-95.59964,Iowa,federal,150.8,4972,687,Sedimentary,Sandstone,0.231,Moderate,False,715.58,5.2,69,UNDER 100,40.2
Waterfield Compressor Station,FLIGHT,Natural Gas Processing,High,,213112,,False,,,36.05967,-95.95785,OK,39.97,True,35.74795,-95.73693,Oklahoma,application,150.8,4970,1341,Sedimentary,Sandstone,0.1588,Low,False,93.23,0.68,138,100-161,40.2
ABENGOA BIOENERGY CORPORATION COLWICH ETHANOL PLANT,FLIGHT,Ethanol,High,,325193,,False,,,37.78682,-97.53099,KS,277.36,False,35.74795,-95.73693,Oklahoma,application,150.8,4970,1341,Sedimentary,Sandstone,0.1588,Low,False,134.3,0.97,138,100-161,40.1
ASHLAND #2 CMPSR STA,FLIGHT,Natural Gas Processing,High,,486210,,False,,,34.73591,-96.10603,OK,58.48,False,35.05858,-95.59964,Oklahoma,application,150.6,4978,4437,Sedimentary,Shale,0.1688,Low,False,138.17,1.62,138,100-161,40.1
Battle Ridge Plant,FLIGHT,Natural Gas Processing,High,,211130,,False,,,35.944,-96.8076,OK,98.94,False,35.74795,-95.73693,Oklahoma,application,150.8,4970,1341,Sedimentary,Sandstone,0.1588,Low,False,88.33,2.07,69,UNDER 100,40.1
Brewer,FLIGHT,Natural Gas Processing,High,,486210,,False,,,34.81894,-96.192,OK,60.21,False,35.05858,-95.59964,Oklahoma,application,150.6,4978,4437,Sedimentary,Shale,0.1688,Low,False,130.31,1.26,345,345,40.1
City of Winfield Ks.,FLIGHT,Natural Gas Processing,High,,486210,,False,,,37.2376,-96.9619,KS,198.56,False,35.74795,-95.73693,Oklahoma,application,150.8,4970,1341,Sedimentary,Sandstone,0.1588,Low,False,56.09,0.18,69,UNDER 100,40.1
Coffey,FLIGHT,Natural Gas Processing,High,,486210,,False,,,34.66338,-96.30663,OK,78.05,False,35.05858,-95.59964,Oklahoma,application,150.6,4978,4437,Sedimentary,Shale,0.1688,Low,False,120.12,4.22,138,100-161,40.1
Davis,FLIGHT,Natural Gas Processing,High,,486210,,False,,,34.7888,-96.2523,OK,66.64,False,35.05858,-95.59964,Oklahoma,application,150.6,4978,4437,Sedimentary,Shale,0.1688,Low,False,124.73,4.95,345,345,40.1
Dunn Compressor Station,FLIGHT,Natural Gas Processing,High,,486210,,False,,,34.89178,-96.1843,OK,56.41,False,35.05858,-95.59964,Oklahoma,application,150.6,4978,4437,Sedimentary,Shale,0.1688,Low,False,131.53,8.17,345,345,40.1
"EPNG Station 6550 Monument Plant, NM",FLIGHT,Natural Gas Processing,High,,486210,,False,,,32.60821,-103.30883,NM,149.87,False,33.49181,-104.52307,New Mexico,federal,150.5,4982,1089,Unconsolidated,Unconsolidated,0.7982,Severe,True,20.98,0.4,115,100-161,40.1
HUGOTON 1 CMP STN,FLIGHT,Natural Gas Processing,High,,211111,,False,,,37.67822,-101.03237,KS,141.54,False,38.56813,-102.18925,Colorado,application,150.4,4985,1855,Sedimentary,Shale,0.4181,High,False,66.96,3.13,345,345,40.1
Haven Gas Plant,FLIGHT,Natural Gas Processing,High,,211130,,False,,,37.90404,-97.81046,KS,302.54,False,35.74795,-95.73693,Oklahoma,application,150.8,4970,1341,Sedimentary,Sandstone,0.1588,Low,False,159.41,13.87,115,100-161,40.1
Kingman Gas Plant,FLIGHT,Natural Gas Processing,High,,211112,,False,,,37.66115,-97.87315,KS,285.51,False,35.74795,-95.73693,Oklahoma,application,150.8,4970,1341,Sedimentary,Sandstone,0.1588,Low,False,143.36,2.89,345,345,40.1
"Mad Dog. MMS Platform ID 02481, Complex ID 1215-1",FLIGHT,Natural Gas Processing,High,,211120,111688,False,20.1,20-50 MW,27.18864,-90.26875,LA,520.79,False,30.54629,-86.53893,Florida,federal,150.6,4980,4785,Unconsolidated,Unconsolidated,0.0994,Very low/none,False,295.72,213.09,-999999,NOT AVAILABLE,40.1
"NGPL Station 104 Great Bend, KS",FLIGHT,Natural Gas Processing,High,,486210,,False,,,38.41977,-98.9307,KS,284.05,False,38.56813,-102.18925,Colorado,application,150.4,4985,1855,Sedimentary,Shale,0.4181,High,False,219.24,0.34,115,100-161,40.1
"NGPL Station 194 Wilson, KS",FLIGHT,Natural Gas Processing,High,,486210,,False,,,37.5688,-95.93706,KS,203.25,False,35.74795,-95.73693,Oklahoma,application,150.8,4970,1341,Sedimentary,Sandstone,0.1588,Low,False,65.94,26.13,138,100-161,40.1
OHL NGLP Medford Plant,FLIGHT,Natural Gas Processing,High,,211130,,False,,,36.77917,-97.75417,OK,214.14,False,35.74795,-95.73693,Oklahoma,application,150.8,4970,1341,Sedimentary,Sandstone,0.1588,Low,False,44.87,0.88,69,UNDER 100,40.1
PANHANDLE EASTERN PIPE LINE CO - GREENSBURG,FLIGHT,Natural Gas Processing,High,,486210,,False,,,37.6149,-99.3236,KS,272.25,False,38.56813,-102.18925,Colorado,application,150.4,4985,1855,Sedimentary,Shale,0.4181,High,False,141.17,3.85,115,100-161,40.1
Saunders Gas Plant,FLIGHT,Natural Gas Processing,High,,211130,,False,,,33.05375,-103.61022,NM,97.85,False,33.49181,-104.52307,New Mexico,federal,150.5,4982,1089,Unconsolidated,Unconsolidated,0.7982,Severe,True,19.22,0.52,69,UNDER 100,40.1
"Scissortail Energy Paden Processing Plant Paden, OK",FLIGHT,Natural Gas Processing,High,,211130,,False,,,35.55551,-96.54816,OK,73.73,False,35.62261,-95.73693,Oklahoma,application,150.9,4965,1538,Sedimentary,Sandstone,0.2621,Moderate,False,112.6,11.96,69,UNDER 100,40.1
Sherman Ellis,FLIGHT,Natural Gas Processing,High,,486210,,False,,,34.88858,-96.02949,OK,43.49,True,35.05858,-95.59964,Oklahoma,application,150.6,4978,4437,Sedimentary,Shale,0.1688,Low,False,145.56,14.59,345,345,40.1
Southern Star-Hesston Compressor Station,FLIGHT,Natural Gas Processing,High,,486210,,False,,,38.14489,-97.4523,KS,307.03,False,35.74795,-95.73693,Oklahoma,application,150.8,4970,1341,Sedimentary,Sandstone,0.1588,Low,False,165.76,0.59,69,UNDER 100,40.1
Southern Star-Welda Compressor Station,FLIGHT,Natural Gas Processing,High,,486210,,False,,,38.17295,-95.29846,KS,272.45,False,35.74795,-95.73693,Oklahoma,application,150.8,4970,1341,Sedimentary,Sandstone,0.1588,Low,False,128.21,17.46,345,345,40.1
Stuart North,FLIGHT,Natural Gas Processing,High,,486210,,False,,,34.92525,-96.12821,OK,50.38,False,35.05858,-95.59964,Oklahoma,application,150.6,4978,4437,Sedimentary,Shale,0.1688,Low,False,137.01,13.85,345,345,40.1
Stuart Plant,FLIGHT,Natural Gas Processing,High,,213112,,False,,,34.88183,-96.05374,OK,45.81,True,35.05858,-95.59964,Oklahoma,application,150.6,4978,4437,Sedimentary,Shale,0.1688,Low,False,143.3,12.81,345,345,40.1
Stuart South,FLIGHT,Natural Gas Processing,High,,486210,,False,,,34.7959,-96.1288,OK,56.39,False,35.05858,-95.59964,Oklahoma,application,150.6,4978,4437,Sedimentary,Shale,0.1688,Low,False,136.01,1.86,345,345,40.1
TARGA AMORITA COMPRESSOR STATION,FLIGHT,Natural Gas Processing,High,,211111,,False,,,36.95361,-98.29789,OK,265.64,False,35.74795,-95.73693,Oklahoma,application,150.8,4970,1341,Sedimentary,Sandstone,0.1588,Low,False,80.77,6.22,138,100-161,40.1
TARGA ANTHONY COMPRESSOR STATION,FLIGHT,Natural Gas Processing,High,,211111,,False,,,37.1226,-98.1856,KS,267.1,False,35.74795,-95.73693,Oklahoma,application,150.8,4970,1341,Sedimentary,Sandstone,0.1588,Low,False,91.7,7.13,-999999,NOT AVAILABLE,40.1
TARGA BYRON COMPRESSOR STATION,FLIGHT,Natural Gas Processing,High,,211111,,False,,,36.8834,-98.2361,OK,257.05,False,35.74795,-95.73693,Oklahoma,application,150.8,4970,1341,Sedimentary,Sandstone,0.1588,Low,False,71.24,2.51,138,100-161,40.1
TARGA CHEROKEE COMPRESSOR STATION,FLIGHT,Natural Gas Processing,High,,211111,,False,,,36.803,-98.3231,OK,259.81,False,35.74795,-95.73693,Oklahoma,application,150.8,4970,1341,Sedimentary,Sandstone,0.1588,Low,False,69.88,5.73,138,100-161,40.1
TARGA SAND PLUM COMPRESSOR STATION,FLIGHT,Natural Gas Processing,High,,211111,,False,,,37.0205,-98.3847,KS,276.03,False,35.74795,-95.73693,Oklahoma,application,150.8,4970,1341,Sedimentary,Sandstone,0.1588,Low,False,91.38,6.97,-999999,NOT AVAILABLE,40.1
Womack,FLIGHT,Natural Gas Processing,High,,486210,,False,,,34.65927,-96.11096,OK,64.4,False,35.05858,-95.59964,Oklahoma,application,150.6,4978,4437,Sedimentary,Shale,0.1688,Low,False,138.02,5.31,345,345,40.1
ABRAHAM COMPRESSOR STATION,FLIGHT,Natural Gas Processing,High,,211111,,False,,,35.75778,-100.48643,TX,179.34,False,34.55721,-99.16901,Oklahoma,application,150.3,4990,995,Unconsolidated,Unconsolidated,0.4771,High,False,62.12,15.7,69,UNDER 100,40.0
ALLISON COMPRESSOR STATION,FLIGHT,Natural Gas Processing,High,,211111,,False,,,35.61866,-100.14948,TX,147.95,False,34.55721,-99.16901,Oklahoma,application,150.3,4990,995,Unconsolidated,Unconsolidated,0.4771,High,False,94.13,7.84,69,UNDER 100,40.0
ANR Pipeline Havensville CS,FLIGHT,Natural Gas Processing,High,,486210,,False,,,39.49072,-96.04166,KS,215.62,False,41.13763,-97.38433,Nebraska,application,150.2,4994,856,Sedimentary,Shale,0.4155,High,False,274.95,14.1,115,100-161,40.0
ANR Pipeline Mooreland CS,FLIGHT,Natural Gas Processing,High,,486210,,False,,,36.43512,-99.21667,OK,208.86,False,34.55721,-99.16901,Oklahoma,application,150.3,4990,995,Unconsolidated,Unconsolidated,0.4771,High,False,111.38,0.79,138,100-161,40.0
"AltEn, LLC",FLIGHT,Ethanol,High,,325193,,False,,,41.19714,-96.4808,NE,75.3,False,41.827,-96.14878,Nebraska,application,150.3,4990,590,Sedimentary,Shale,0.3265,Moderate,False,468.19,8.62,69,UNDER 100,40.0
Antelope Hills Gas Plant,FLIGHT,Natural Gas Processing,High,,486210,,False,,,35.99671,-100.12421,TX,182.04,False,34.55721,-99.16901,Oklahoma,application,150.3,4990,995,Unconsolidated,Unconsolidated,0.4771,High,False,64.68,13.09,69,UNDER 100,40.0
Barton,FLIGHT,Natural Gas Processing,High,,486210,,False,,,34.65182,-87.91431,AL,50.1,False,34.68255,-88.4609,Mississippi,application,150.0,5000,2022,Unconsolidated,Unconsolidated,0.2538,Moderate,False,306.07,0.33,161,100-161,40.0
Butler,FLIGHT,Natural Gas Processing,High,,486210,,False,,,35.75179,-99.21712,OK,132.9,False,34.55721,-99.16901,Oklahoma,application,150.3,4990,995,Unconsolidated,Unconsolidated,0.4771,High,False,128.8,5.48,69,UNDER 100,40.0
CANADIAN GAS PLANT,FLIGHT,Natural Gas Processing,High,,211112,,False,,,35.87008,-100.40425,TX,184.13,False,34.55721,-99.16901,Oklahoma,application,150.3,4990,995,Unconsolidated,Unconsolidated,0.4771,High,False,58.05,9.16,69,UNDER 100,40.0
Carmen Gas Processing Plant,FLIGHT,Natural Gas Processing,High,,211130,,False,,,36.57609,-98.53285,OK,231.74,False,34.55721,-99.16901,Oklahoma,application,150.3,4990,995,Unconsolidated,Unconsolidated,0.4771,High,False,73.4,4.19,69,UNDER 100,40.0
DCP MIDSTREAM LP/MOORELAND PLT,FLIGHT,Natural Gas Processing,High,,211130,,False,,,36.43792,-99.15753,OK,209.13,False,34.55721,-99.16901,Oklahoma,application,150.3,4990,995,Unconsolidated,Unconsolidated,0.4771,High,False,116.51,3.12,345,345,40.0
Durango Midstream - Kelton Gas Plant,FLIGHT,Natural Gas Processing,High,,211130,,False,,,35.39355,-100.11194,TX,126.61,False,34.55721,-99.16901,Oklahoma,application,150.3,4990,995,Unconsolidated,Unconsolidated,0.4771,High,False,114.91,1.84,230,220-287,40.0
ELK CITY GAS PLANT,FLIGHT,Natural Gas Processing,High,,211112,,False,,,35.34781,-99.40275,OK,90.45,False,34.55721,-99.16901,Oklahoma,application,150.3,4990,995,Unconsolidated,Unconsolidated,0.4771,High,False,146.38,1.86,138,100-161,40.0
East Britt,FLIGHT,Natural Gas Processing,High,,486210,,False,,,35.52284,-100.06294,TX,134.73,False,34.55721,-99.16901,Oklahoma,application,150.3,4990,995,Unconsolidated,Unconsolidated,0.4771,High,False,107.24,15.89,138,100-161,40.0
Eldridge CS,FLIGHT,Natural Gas Processing,High,,486210,,False,,,35.60398,-100.21655,TX,150.44,False,34.55721,-99.16901,Oklahoma,application,150.3,4990,995,Unconsolidated,Unconsolidated,0.4771,High,False,91.12,2.45,69,UNDER 100,40.0
HEMPHILL SEILING COMPRESSOR STATION,FLIGHT,Natural Gas Processing,High,,211111,,False,,,36.1454,-99.0131,OK,177.16,False,34.55721,-99.16901,Oklahoma,application,150.3,4990,995,Unconsolidated,Unconsolidated,0.4771,High,False,109.81,5.37,69,UNDER 100,40.0
HIDETOWN PLANT,FLIGHT,Natural Gas Processing,High,,211130,118,False,0.0,<1 MW,35.46253,-100.3967,TX,150.45,False,34.55721,-99.16901,Oklahoma,application,150.3,4990,995,Unconsolidated,Unconsolidated,0.4771,High,False,93.82,1.64,69,UNDER 100,40.0
HOBART 277 CRYOGENIC PLANT,FLIGHT,Natural Gas Processing,High,,211130,,False,,,35.69202,-100.33917,TX,165.07,False,34.55721,-99.16901,Oklahoma,application,150.3,4990,995,Unconsolidated,Unconsolidated,0.4771,High,False,76.38,2.78,69,UNDER 100,40.0
HOBART RANCH GAS PLANT,FLIGHT,Natural Gas Processing,High,,211111,,False,,,35.69722,-100.34222,TX,165.69,False,34.55721,-99.16901,Oklahoma,application,150.3,4990,995,Unconsolidated,Unconsolidated,0.4771,High,False,75.78,3.21,69,UNDER 100,40.0
Hemphill Gas Plant,FLIGHT,Natural Gas Processing,High,,211130,,False,,,35.83885,-100.35312,TX,178.56,False,34.55721,-99.16901,Oklahoma,application,150.3,4990,995,Unconsolidated,Unconsolidated,0.4771,High,False,63.74,4.01,69,UNDER 100,40.0
Hopeton Gas Plant,FLIGHT,Natural Gas Processing,High,,486210,,False,,,36.6823,-98.6383,OK,241.12,False,34.55721,-99.16901,Oklahoma,application,150.3,4990,995,Unconsolidated,Unconsolidated,0.4771,High,False,86.44,6.83,138,100-161,40.0
Huff,FLIGHT,Natural Gas Processing,High,,486210,,False,,,35.53056,-100.11408,TX,138.26,False,34.55721,-99.16901,Oklahoma,application,150.3,4990,995,Unconsolidated,Unconsolidated,0.4771,High,False,103.42,11.52,138,100-161,40.0
Kayser Compressor Station,FLIGHT,Natural Gas Processing,High,,211111,,False,,,35.47076,-98.99079,OK,102.87,False,34.55721,-99.16901,Oklahoma,application,150.3,4990,995,Unconsolidated,Unconsolidated,0.4771,High,False,108.48,1.02,138,100-161,40.0
Mayfield Plant,FLIGHT,Natural Gas Processing,High,,211111,,False,,,35.30866,-99.67869,OK,95.61,False,34.55721,-99.16901,Oklahoma,application,150.3,4990,995,Unconsolidated,Unconsolidated,0.4771,High,False,148.51,4.41,138,100-161,40.0
"NGPL Station 195 Haddam, KS",FLIGHT,Natural Gas Processing,High,,486210,,False,,,39.79908,-97.32736,KS,148.92,False,41.13763,-97.38433,Nebraska,application,150.2,4994,856,Sedimentary,Shale,0.4155,High,False,336.41,21.14,115,100-161,40.0
"NGPL Station 196 Unadilla, NE",FLIGHT,Natural Gas Processing,High,,486210,,False,,,40.72592,-96.2373,NE,106.68,False,41.13763,-97.38433,Nebraska,application,150.2,4994,856,Sedimentary,Shale,0.4155,High,False,413.27,1.45,69,UNDER 100,40.0
North Alva #2 Compressor Station,FLIGHT,Natural Gas Processing,High,,211111,,False,,,36.87671,-98.59386,OK,263.09,False,34.55721,-99.16901,Oklahoma,application,150.3,4990,995,Unconsolidated,Unconsolidated,0.4771,High,False,93.73,4.51,69,UNDER 100,40.0
North Alva Compressor Station,FLIGHT,Natural Gas Processing,High,,211111,,False,,,36.856,-98.743,OK,258.49,False,34.55721,-99.16901,Oklahoma,application,150.3,4990,995,Unconsolidated,Unconsolidated,0.4771,High,False,103.53,2.5,69,UNDER 100,40.0
North Britt,FLIGHT,Natural Gas Processing,High,,486210,,False,,,35.55047,-100.10719,TX,139.61,False,34.55721,-99.16901,Oklahoma,application,150.3,4990,995,Unconsolidated,Unconsolidated,0.4771,High,False,102.25,12.87,138,100-161,40.0
"Nucor Steel Tuscaloosa, Inc.",FLIGHT,Iron & Steel,Medium,,331110,199909,False,36.0,20-50 MW,33.23375,-87.50693,AL,154.96,False,34.18119,-88.73547,Mississippi,application,150.2,4994,2807,Sedimentary,Limestone,0.2061,Moderate,False,204.14,0.08,115,100-161,40.0
OFS CS Cedar Lake,FLIGHT,Natural Gas Processing,High,,211111,,False,,,35.51637,-98.18228,OK,139.45,False,34.55721,-99.16901,Oklahoma,application,150.3,4990,995,Unconsolidated,Unconsolidated,0.4771,High,False,35.14,3.44,138,100-161,40.0
OFS CS Geary (Base Sales),FLIGHT,Natural Gas Processing,High,,211111,,False,,,35.6548,-98.3279,OK,144.05,False,34.55721,-99.16901,Oklahoma,application,150.3,4990,995,Unconsolidated,Unconsolidated,0.4771,High,False,48.54,1.92,138,100-161,40.0
OFS CS ICE,FLIGHT,Natural Gas Processing,High,,211111,,False,,,35.618,-98.201,OK,147.21,False,34.55721,-99.16901,Oklahoma,application,150.3,4990,995,Unconsolidated,Unconsolidated,0.4771,High,False,37.0,1.16,138,100-161,40.0
OFS CS Ward,FLIGHT,Natural Gas Processing,High,,211111,,False,,,35.6529,-98.26836,OK,146.82,False,34.55721,-99.16901,Oklahoma,application,150.3,4990,995,Unconsolidated,Unconsolidated,0.4771,High,False,43.16,2.51,138,100-161,40.0
OFS GPRP Leedey Gas Plant,FLIGHT,Natural Gas Processing,High,,211130,,False,,,35.85029,-99.41172,OK,145.46,False,34.55721,-99.16901,Oklahoma,application,150.3,4990,995,Unconsolidated,Unconsolidated,0.4771,High,False,122.84,8.07,138,100-161,40.0
OFS GPRP Panther Creek Gas Plant,FLIGHT,Natural Gas Processing,High,,211130,,False,,,35.54915,-99.2941,OK,110.88,False,34.55721,-99.16901,Oklahoma,application,150.3,4990,995,Unconsolidated,Unconsolidated,0.4771,High,False,135.73,7.27,138,100-161,40.0
Opal Compressor Station,FLIGHT,Natural Gas Processing,High,,211111,,False,,,35.58,-98.36,OK,135.48,False,34.55721,-99.16901,Oklahoma,application,150.3,4990,995,Unconsolidated,Unconsolidated,0.4771,High,False,51.3,8.12,138,100-161,40.0
PHOENIX - ARRINGTON RANCH GAS PLANT,FLIGHT,Natural Gas Processing,High,,211112,,False,,,35.7332,-100.4869,TX,177.36,False,34.55721,-99.16901,Oklahoma,application,150.3,4990,995,Unconsolidated,Unconsolidated,0.4771,High,False,64.23,15.83,69,UNDER 100,40.0
"Pacific Ethanol Aurora East, LLC",FLIGHT,Ethanol,High,,325193,,False,,,40.86731,-98.03872,NE,62.6,False,41.13763,-97.38433,Nebraska,application,150.2,4994,856,Sedimentary,Shale,0.4155,High,False,468.3,1.07,-999999,UNDER 100,40.0
Pearl Compressor Station,FLIGHT,Natural Gas Processing,High,,211111,,False,,,35.73241,-98.37457,OK,149.31,False,34.55721,-99.16901,Oklahoma,application,150.3,4990,995,Unconsolidated,Unconsolidated,0.4771,High,False,52.78,5.24,138,100-161,40.0
RED DEER GAS PLANT,FLIGHT,Natural Gas Processing,High,,211112,,False,,,35.7868,-100.6272,TX,190.42,False,34.55721,-99.16901,Oklahoma,application,150.3,4990,995,Unconsolidated,Unconsolidated,0.4771,High,False,52.18,17.42,69,UNDER 100,40.0
Ruby Compressor Station,FLIGHT,Natural Gas Processing,High,,211111,,False,,,35.6035,-98.2179,OK,145.0,False,34.55721,-99.16901,Oklahoma,application,150.3,4990,995,Unconsolidated,Unconsolidated,0.4771,High,False,38.49,1.03,138,100-161,40.0
"SNG Station 4140 Reform, AL",FLIGHT,Natural Gas Processing,High,,486210,,False,,,33.3597,-88.018,AL,112.88,False,34.18119,-88.73547,Mississippi,application,150.2,4994,2807,Sedimentary,Limestone,0.2061,Moderate,False,193.84,2.14,-999999,100-161,40.0
"SNG Station 5251 Elmore, AL",FLIGHT,Natural Gas Processing,High,,486210,,False,,,32.5198,-86.32273,AL,66.36,False,31.92505,-86.26437,Alabama,application,150.0,5000,996,Unconsolidated,Unconsolidated,0.1779,Low,False,245.58,2.26,115,100-161,40.0
SOUTH ZYBACH COMPRESSOR STATION,FLIGHT,Natural Gas Processing,High,,211111,,False,,,35.6048,-100.15367,TX,146.96,False,34.55721,-99.16901,Oklahoma,application,150.3,4990,995,Unconsolidated,Unconsolidated,0.4771,High,False,94.99,7.63,69,UNDER 100,40.0
Silver Compressor Station,FLIGHT,Natural Gas Processing,High,,211111,,False,,,35.61723,-98.15571,OK,149.64,False,34.55721,-99.16901,Oklahoma,application,150.3,4990,995,Unconsolidated,Unconsolidated,0.4771,High,False,32.9,1.96,138,100-161,40.0
South Britt,FLIGHT,Natural Gas Processing,High,,486210,,False,,,35.50724,-100.09242,TX,135.01,False,34.55721,-99.16901,Oklahoma,application,150.3,4990,995,Unconsolidated,Unconsolidated,0.4771,High,False,106.65,13.08,138,100-161,40.0
Steele City Compressor Station,FLIGHT,Natural Gas Processing,High,,486210,,False,,,40.01646,-96.8968,NE,131.29,False,41.13763,-97.38433,Nebraska,application,150.2,4994,856,Sedimentary,Shale,0.4155,High,False,348.84,8.48,115,100-161,40.0
Stiles North Compressor Station,FLIGHT,Natural Gas Processing,High,,211111,,False,,,35.4622,-100.05832,TX,129.17,False,34.55721,-99.16901,Oklahoma,application,150.3,4990,995,Unconsolidated,Unconsolidated,0.4771,High,False,112.41,9.31,230,220-287,40.0
TARGA CHESTER GAS PROCESSING PLANT,FLIGHT,Natural Gas Processing,High,,211112,,False,,,36.2467,-98.9803,OK,188.64,False,34.55721,-99.16901,Oklahoma,application,150.3,4990,995,Unconsolidated,Unconsolidated,0.4771,High,False,106.8,7.6,138,100-161,40.0
TARGA SOUTH CHEROKEE COMPRESSOR STATION,FLIGHT,Natural Gas Processing,High,,211111,,False,,,36.739,-98.3084,OK,254.76,False,34.55721,-99.16901,Oklahoma,application,150.3,4990,995,Unconsolidated,Unconsolidated,0.4771,High,False,64.24,5.24,138,100-161,40.0
THOMAS GAS PROCESSING PLT,FLIGHT,Natural Gas Processing,High,,211130,,False,,,35.73944,-98.79778,OK,135.72,False,34.55721,-99.16901,Oklahoma,application,150.3,4990,995,Unconsolidated,Unconsolidated,0.4771,High,False,90.96,4.39,-999999,NOT AVAILABLE,40.0
Taylor Compressor Station,FLIGHT,Natural Gas Processing,High,,486210,,False,,,35.61136,-100.21516,TX,151.0,False,34.55721,-99.16901,Oklahoma,application,150.3,4990,995,Unconsolidated,Unconsolidated,0.4771,High,False,90.61,2.09,69,UNDER 100,40.0
Thunderbird Gas Plant,FLIGHT,Natural Gas Processing,High,,211130,,False,,,35.83423,-98.26094,OK,164.23,False,34.55721,-99.16901,Oklahoma,application,150.3,4990,995,Unconsolidated,Unconsolidated,0.4771,High,False,42.54,3.21,69,UNDER 100,40.0
WHITSON COMPRESSOR STATION,FLIGHT,Natural Gas Processing,High,,211130,,False,,,33.52801,-87.45741,AL,136.61,False,34.43187,-88.4609,Mississippi,application,150.2,4994,2130,Unconsolidated,Unconsolidated,0.2032,Moderate,False,233.95,8.14,115,100-161,40.0
Woodall Gas Plant,FLIGHT,Natural Gas Processing,High,,211130,,False,,,35.69213,-100.22974,TX,158.84,False,34.55721,-99.16901,Oklahoma,application,150.3,4990,995,Unconsolidated,Unconsolidated,0.4771,High,False,83.22,7.27,69,UNDER 100,40.0
"Air Products and Chemicals, Inc. - Joliet, IL H2 Plant",FLIGHT,Industrial Gas,High,,325120,94357,False,17.0,10-20 MW,41.41747,-88.2169,IL,330.68,False,38.81881,-90.1083,Illinois,federal,159.6,4678,984,,,0.2823,Moderate,False,799.49,1.11,765,735 AND ABOVE,39.9
COLUMBIA GULF TRANSMISSION CO. Clementsville CS,FLIGHT,Natural Gas Processing,High,,486210,107551,False,19.4,10-20 MW,37.31274,-85.05855,KY,190.25,False,35.68528,-85.71523,Tennessee,federal,151.5,4948,2070,Sedimentary,Limestone,0.2031,Moderate,False,697.78,5.1,69,UNDER 100,39.9
Columbia Gulf Transmission - Clifton Junction CS,FLIGHT,Natural Gas Processing,High,,486210,89908,False,16.2,10-20 MW,35.30708,-87.90325,TN,38.75,True,35.24659,-88.32362,Tennessee,federal,153.5,4869,1950,,,0.1424,Low,False,365.99,1.33,-999999,NOT AVAILABLE,39.9
Kudu Station,FLIGHT,Natural Gas Processing,High,,211130,66489,False,12.0,10-20 MW,28.02754,-99.3483,TX,63.26,False,28.03947,-99.99271,Unknown,unknown,175.7,4134,4497,Sedimentary,Shale,0.2971,Moderate,False,280.77,43.96,138,100-161,39.9
SHOW ME ETHANOL,FLIGHT,Ethanol,High,,325193,109314,False,19.7,10-20 MW,39.36456,-93.45008,MO,261.81,False,38.06677,-90.932,Missouri,federal,150.1,4996,329,,,0.2073,Moderate,False,318.74,1.78,-999999,NOT AVAILABLE,39.9
Columbia Gas Transmission LLC CLEVELAND 6C4330,FLIGHT,Natural Gas Processing,High,,486210,107490,False,19.4,10-20 MW,38.75056,-80.36278,WV,172.24,False,38.38012,-78.43921,Virginia,federal,150.9,4969,0,Metamorphic,Metamorphic,0.1487,Low,False,1090.1,7.46,138,100-161,39.8
"POET BIOREFINING - GOWRIE, LLC",FLIGHT,Ethanol,High,,325193,107851,False,19.4,10-20 MW,42.3196,-94.2872,IA,108.78,False,42.20303,-95.59964,Iowa,federal,150.8,4972,687,Sedimentary,Sandstone,0.231,Moderate,False,597.17,10.75,69,UNDER 100,39.8
Rover - Mainline CS #1,FLIGHT,Natural Gas Processing,High,,486210,107189,False,19.3,10-20 MW,40.45194,-81.22747,OH,65.3,False,41.01228,-81.45944,Ohio,federal,150.8,4973,2321,Sedimentary,Shale,0.1804,Low,False,1179.05,3.32,-999999,NOT AVAILABLE,39.8
"POET Biorefining Mitchell, LLC",FLIGHT,Ethanol,High,,325193,107748,False,19.4,10-20 MW,43.80342,-98.10484,SD,108.55,False,43.20576,-99.16901,South Dakota,federal,150.3,4990,599,Sedimentary,Shale,0.2326,Moderate,False,489.7,0.41,-999999,UNDER 100,39.7
Northern Border Pipeline Wetonka CS#9,FLIGHT,Natural Gas Processing,High,,486210,106505,False,19.2,10-20 MW,45.63299,-98.65607,ND,178.18,False,44.89786,-100.67913,South Dakota,federal,150.3,4987,1248,Sedimentary,Shale,0.2374,Moderate,False,309.07,13.1,41,UNDER 100,39.6
Northern Border Pipeline Zeeland CS#8,FLIGHT,Natural Gas Processing,High,,486210,106706,False,19.2,10-20 MW,46.0666,-99.7967,ND,147.04,False,44.89786,-100.67913,South Dakota,federal,150.3,4987,1248,Sedimentary,Shale,0.2374,Moderate,False,210.89,17.82,41,UNDER 100,39.6
"KMCO, LLC",FLIGHT,Petrochemicals,Medium,,325199,,False,,,29.9222,-95.0544,TX,172.3,False,31.29834,-94.22681,Texas,primacy,166.4,4403,4923,Sedimentary,Shale,0.2172,Moderate,False,41.68,2.98,138,100-161,39.5
"UNITED ETHANOL, LLC",FLIGHT,Ethanol,High,,325193,96346,False,17.4,10-20 MW,42.75991,-88.91711,WI,244.81,False,44.96053,-89.01004,Wisconsin,federal,155.1,4827,29,Igneous,Granite,0.0741,Very low/none,False,852.75,0.35,69,UNDER 100,39.5
Moundsville Fractionation Plant,FLIGHT,Natural Gas Processing,High,,211130,104132,False,18.8,10-20 MW,39.91083,-80.79803,WV,131.15,False,41.07495,-81.04759,Ohio,federal,150.1,4998,2692,Sedimentary,Shale,0.1369,Low,False,1157.47,0.5,138,100-161,39.4
Northern Border Pipeline Clark CS#10,FLIGHT,Natural Gas Processing,High,,486210,104213,False,18.8,10-20 MW,45.06741,-97.79741,ND,223.12,False,43.51911,-99.58086,South Dakota,federal,150.0,5000,595,Unconsolidated,Unconsolidated,0.1791,Low,False,400.91,0.03,-999999,UNDER 100,39.4
Northern Border Pipeline Trimont CS#13,FLIGHT,Natural Gas Processing,High,,486210,103200,False,18.6,10-20 MW,43.76051,-94.75427,MN,176.34,False,45.27389,-94.08952,Minnesota,federal,150.5,4983,56,,,0.2105,Moderate,False,679.9,6.57,-999999,NOT AVAILABLE,39.4
SHAW INDUSTRIES GROUP INC. P LANT 8S,FLIGHT,Petrochemicals,Medium,,325211,75900,False,13.7,10-20 MW,34.04722,-81.15133,SC,20.19,True,33.86783,-81.18488,South Carolina,federal,155.2,4814,109,Unconsolidated,Unconsolidated,0.1573,Low,False,755.33,0.69,115,100-161,39.4
POET Biorefining - Hanlontown LLC,FLIGHT,Ethanol,High,,325193,102352,False,18.4,10-20 MW,43.29083,-93.39027,IA,217.2,False,42.20303,-95.59964,Iowa,federal,150.8,4972,687,Sedimentary,Sandstone,0.231,Moderate,False,719.33,0.31,69,UNDER 100,39.3
Bainbridge Compressor Station,FLIGHT,Natural Gas Processing,High,,486210,98705,False,17.8,10-20 MW,39.75982,-86.85381,IN,261.74,False,38.50546,-89.42189,Illinois,federal,151.8,4936,2139,Sedimentary,Shale,0.2194,Moderate,False,818.65,5.97,69,UNDER 100,39.2
LINCOLNWAY ENERGY LLC,FLIGHT,Ethanol,High,,325193,101232,False,18.2,10-20 MW,42.02344,-93.51171,IA,173.38,False,42.20303,-95.59964,Iowa,federal,150.8,4972,687,Sedimentary,Sandstone,0.231,Moderate,False,581.7,6.12,-999999,NOT AVAILABLE,39.2
MGS Platform A,FLIGHT,Natural Gas Processing,High,,211120,4554,False,0.8,<1 MW,60.79583,-151.49556,AK,2234.58,False,48.6581,-123.19362,Unknown,unknown,208.7,3440,48,Other,Water,0.0675,Very low/none,False,3204.37,14.01,115,100-161,39.2
NUCOR STEEL NEBRASKA,FLIGHT,Iron & Steel,Medium,,331110,190236,False,34.3,20-50 MW,42.07835,-97.36015,NE,104.0,False,41.827,-96.14878,Nebraska,application,150.3,4990,590,Sedimentary,Shale,0.3265,Moderate,False,579.99,0.44,115,100-161,39.2
Northern Border Pipeline Estelline CS#11,FLIGHT,Natural Gas Processing,High,,486210,101253,False,18.2,10-20 MW,44.58619,-96.89945,ND,234.03,False,45.27389,-94.08952,Minnesota,federal,150.5,4983,56,,,0.2105,Moderate,False,489.49,0.67,69,UNDER 100,39.2
Ringneck Energy,FLIGHT,Ethanol,High,,325193,101614,False,18.3,10-20 MW,44.69334,-100.06257,SD,53.7,False,44.89786,-100.67913,South Dakota,federal,150.3,4987,1248,Sedimentary,Shale,0.2374,Moderate,False,325.93,1.52,-999999,NOT AVAILABLE,39.2
"EPNG Station 6330 Guadalupe, TX",FLIGHT,Natural Gas Processing,High,,486210,98152,False,17.7,10-20 MW,31.7737,-104.9078,TX,40.8,True,32.11306,-105.0722,New Mexico,federal,151.6,4940,1242,Unconsolidated,Unconsolidated,0.2457,Moderate,False,84.72,11.14,115,100-161,39.1
MC 939,FLIGHT,Natural Gas Processing,High,,211120,100284,False,18.1,10-20 MW,28.00842,-89.16294,LA,379.98,False,30.54629,-86.53893,Florida,federal,150.6,4980,4785,Unconsolidated,Unconsolidated,0.0994,Very low/none,False,239.9,154.51,-999999,NOT AVAILABLE,39.1
Northern Border Pipeline Garvin CS#12,FLIGHT,Natural Gas Processing,High,,486210,100321,False,18.1,10-20 MW,44.23531,-95.7751,MN,176.21,False,45.27389,-94.08952,Minnesota,federal,150.5,4983,56,,,0.2105,Moderate,False,583.15,0.29,69,UNDER 100,39.1
POET Biorefining - Hudson,FLIGHT,Ethanol,High,,325193,99741,False,18.0,10-20 MW,43.09684,-96.47748,SD,122.6,False,42.20303,-95.59964,Iowa,federal,150.8,4972,687,Sedimentary,Sandstone,0.231,Moderate,False,631.93,5.55,69,UNDER 100,39.1
"POTAC, LLC",FLIGHT,Petroleum Refining,Medium,,324110,,False,,,27.81597,-97.49254,TX,147.1,False,28.97953,-98.20803,Texas,primacy,163.8,4506,4971,Sedimentary,Shale,0.8989,Severe,False,138.59,0.92,69,UNDER 100,39.1
TRANSCO STATION 515,FLIGHT,Natural Gas Processing,High,,486210,98828,False,17.8,10-20 MW,41.1786,-75.68904,PA,140.73,False,40.32291,-74.45799,New Jersey,federal,151.4,4949,136,Unconsolidated,Unconsolidated,0.1264,Low,False,1568.28,1.6,230,220-287,39.1
Viosca Knoll 989,FLIGHT,Natural Gas Processing,High,,211120,100477,False,18.1,10-20 MW,28.97303,-88.62598,LA,266.8,False,30.54629,-86.53893,Florida,federal,150.6,4980,4785,Unconsolidated,Unconsolidated,0.0994,Very low/none,False,198.56,98.35,-999999,NOT AVAILABLE,39.1
"Constitution Spar, Green Canyon 680 Platform",FLIGHT,Natural Gas Processing,High,,211120,98600,False,17.8,10-20 MW,27.2922,-89.0322,LA,435.64,False,30.54629,-86.53893,Florida,federal,150.6,4980,4785,Unconsolidated,Unconsolidated,0.0994,Very low/none,False,316.05,231.26,-999999,NOT AVAILABLE,39.0
Guardian Lima,FLIGHT,Ethanol,High,,325193,98695,False,17.8,10-20 MW,40.70483,-84.08,OH,200.23,False,41.01228,-81.73401,Ohio,federal,151.0,4966,2053,Sedimentary,Shale,0.1819,Low,False,1050.32,0.06,138,100-161,39.0
NFGSC ELLISBURG STATION,FLIGHT,Natural Gas Processing,High,,486210,97062,False,17.5,10-20 MW,41.89894,-77.91402,PA,262.45,False,41.57632,-81.04759,Ohio,federal,151.5,4949,2202,Sedimentary,Shale,0.1828,Low,False,1484.08,8.84,115,100-161,39.0
SSAB Iowa Inc.,FLIGHT,Iron & Steel,Medium,,331110,295476,False,53.2,50-100 MW,41.48553,-90.82278,IA,298.87,False,38.81881,-90.38287,Missouri,federal,152.8,4900,985,Unconsolidated,Unconsolidated,0.2824,Moderate,False,642.03,0.6,-999999,100-161,39.0
Gold Bond - POR Plant,FLIGHT,Minerals,Medium,,327420,34826,False,6.3,1-10 MW,43.08703,-70.76855,NH,16.41,True,43.20576,-70.88862,New Hampshire,federal,150.8,4973,10,Metamorphic,Metamorphic,0.1537,Low,False,2022.02,1.66,115,100-161,38.9
Great Lakes Gas Transmission Pipeline Crystal Falls CS#8,FLIGHT,Natural Gas Processing,High,,486210,75325,False,13.6,10-20 MW,46.1006,-88.4687,MI,112.26,False,47.09133,-88.18633,Unknown,unknown,163.7,4571,179,Other,Water,,,False,1026.1,1.13,-999999,NOT AVAILABLE,38.9
INV. Camden Plant,FLIGHT,Petrochemicals,Medium,,325211,39377,False,7.1,1-10 MW,34.2337,-80.658,SC,16.75,True,34.30653,-80.49846,South Carolina,federal,150.6,4979,79,Unconsolidated,Unconsolidated,0.1382,Low,False,804.9,1.11,-999999,NOT AVAILABLE,38.9
LAFARGE NA WHITEHALL PLANT,FLIGHT,Cement,Medium,,327310,295726,False,53.3,50-100 MW,40.68765,-75.5063,PA,97.47,False,40.32291,-74.45799,New Jersey,federal,151.4,4949,136,Unconsolidated,Unconsolidated,0.1264,Low,False,1547.8,0.14,138,100-161,38.9
TRANSCO STATION 190,FLIGHT,Natural Gas Processing,High,,486210,97685,False,17.6,10-20 MW,39.26551,-76.9267,MD,67.82,False,38.69347,-76.65452,Maryland,federal,150.4,4984,716,Unconsolidated,Unconsolidated,0.1657,Low,False,1357.76,8.76,230,220-287,38.9
ADKINS ENERGY LLC,FLIGHT,Ethanol,High,,325193,89423,False,16.1,10-20 MW,42.3586,-89.80342,IL,296.27,False,44.96053,-89.01004,Wisconsin,federal,155.1,4827,29,Igneous,Granite,0.0741,Very low/none,False,770.62,0.34,138,100-161,38.8
Anna Platform,FLIGHT,Natural Gas Processing,High,,211120,,False,,,60.9764,-151.31511,AK,2234.08,False,48.6581,-123.19362,Unknown,unknown,208.7,3440,48,Other,Water,0.0675,Very low/none,False,3195.13,31.43,115,100-161,38.8
"CRUDE OIL TOPPING UNIT, PRUDHOE BAY OPERATIONS CENTER, TARMAC CAMP",FLIGHT,Natural Gas Processing,High,,211120,24649,False,4.4,1-10 MW,70.25404,-148.34608,AK,2732.35,False,48.90878,-122.64449,Washington,federal,194.0,3771,33,Unconsolidated,Unconsolidated,0.0927,Very low/none,False,3268.38,583.72,138,100-161,38.8
DIDION ETHANOL LLC,FLIGHT,Ethanol,High,,325193,88974,False,16.0,10-20 MW,43.53731,-89.10315,WI,158.43,False,44.96053,-89.01004,Wisconsin,federal,155.1,4827,29,Igneous,Granite,0.0741,Very low/none,False,907.23,0.07,69,UNDER 100,38.8
"Hilcorp Alaska, LLC Kenai Gas Field Pad 14-6",FLIGHT,Natural Gas Processing,High,,211111,,False,,,60.47512,-151.27375,AK,2209.01,False,48.6581,-123.19362,Unknown,unknown,208.7,3440,48,Other,Water,0.0675,Very low/none,False,3191.63,10.05,115,100-161,38.8
"IROQUOIS GAS TRANSMISSION SYSTEM, L.P. - BROOKFIELD COMPRESSOR STATION",FLIGHT,Natural Gas Processing,High,,486210,50539,False,9.1,1-10 MW,41.43398,-73.37183,CT,35.72,True,41.38831,-72.94787,Connecticut,federal,150.1,4996,0,,,0.1441,Low,False,1742.24,1.04,115,100-161,38.8
MGS Platform C,FLIGHT,Natural Gas Processing,High,,211120,,False,,,60.76389,-151.50222,AK,2233.45,False,48.6581,-123.19362,Unknown,unknown,208.7,3440,48,Other,Water,0.0675,Very low/none,False,3204.66,11.32,115,100-161,38.8
Poet Biorefining-Big Stone,FLIGHT,Ethanol,High,,325193,96558,False,17.4,10-20 MW,45.30133,-96.51136,SD,189.48,False,45.27389,-94.08952,Minnesota,federal,150.5,4983,56,,,0.2105,Moderate,False,467.42,0.24,230,220-287,38.8
Swanson River Field,FLIGHT,Natural Gas Processing,High,,211111,,False,,,60.72936,-150.86101,AK,2200.18,False,48.6581,-123.19362,Unknown,unknown,208.7,3440,48,Other,Water,0.0675,Very low/none,False,3169.73,17.3,115,100-161,38.8
Columbia Gulf Transmission - Goodluck CS,FLIGHT,Natural Gas Processing,High,,486210,94600,False,17.0,10-20 MW,36.90517,-85.65631,KY,135.75,False,35.68528,-85.71523,Tennessee,federal,151.5,4948,2070,Sedimentary,Limestone,0.2031,Moderate,False,628.95,2.67,161,100-161,38.7
Columbia Gulf Transmission - Paint Lick,FLIGHT,Natural Gas Processing,High,,486210,93906,False,16.9,10-20 MW,37.57972,-84.45972,KY,238.58,False,35.68528,-85.71523,Tennessee,federal,151.5,4948,2070,Sedimentary,Limestone,0.2031,Moderate,False,755.09,6.31,69,UNDER 100,38.7
TRANSCO STATION 170,FLIGHT,Natural Gas Processing,High,,486210,96725,False,17.4,10-20 MW,37.3452,-78.87385,VA,40.88,True,37.06404,-78.57649,Virginia,federal,150.2,4992,0,,,0.2373,Moderate,False,1098.71,1.38,115,100-161,38.7
ARTESIA GAS PLANT,FLIGHT,Natural Gas Processing,High,,211130,91379,False,16.5,10-20 MW,32.7564,-104.2111,NM,67.77,False,33.11579,-104.79763,New Mexico,federal,152.5,4913,1351,Sedimentary,Limestone,0.277,Moderate,False,41.48,3.04,69,UNDER 100,38.6
Ferroglobe USA Metallurgical Inc. FKA-GLOBE METALLURGICAL INC. (0684000105),FLIGHT,Iron & Steel,Medium,,331110,293877,False,53.0,50-100 MW,39.58386,-81.68042,OH,158.9,False,41.01228,-81.73401,Ohio,federal,151.0,4966,2053,Sedimentary,Shale,0.1819,Low,False,1081.41,0.2,-999999,NOT AVAILABLE,38.6
Poet Biorefining Ashton,FLIGHT,Ethanol,High,,325193,94566,False,17.0,10-20 MW,43.27694,-95.80833,IA,120.62,False,42.20303,-95.59964,Iowa,federal,150.8,4972,687,Sedimentary,Sandstone,0.231,Moderate,False,653.14,11.31,69,UNDER 100,38.6
UNITED WISCONSIN GRAIN PRODUCERS LLC,FLIGHT,Ethanol,High,,325193,86983,False,15.7,10-20 MW,43.5701,-89.0661,WI,154.67,False,44.96053,-89.01004,Wisconsin,federal,155.1,4827,29,Igneous,Granite,0.0741,Very low/none,False,911.94,0.57,138,100-161,38.6
Columbia Gas Transmission LLC Lost River CS,FLIGHT,Natural Gas Processing,High,,486210,93243,False,16.8,10-20 MW,38.87694,-78.86083,WV,66.28,False,38.38012,-78.43921,Virginia,federal,150.9,4969,0,Metamorphic,Metamorphic,0.1487,Low,False,1197.79,21.42,138,100-161,38.5
Harrison Hub Fractionation Plant,FLIGHT,Natural Gas Processing,High,,211130,93062,False,16.8,10-20 MW,40.40469,-81.10465,OH,73.88,False,41.01228,-81.45944,Ohio,federal,150.8,4973,2321,Sedimentary,Shale,0.1804,Low,False,1182.5,0.26,-999999,NOT AVAILABLE,38.5
CARGILL INC-CEDAR RAPIDS,FLIGHT,Ethanol,High,,311221,92119,False,16.6,10-20 MW,41.96952,-91.64845,IA,327.06,False,42.20303,-95.59964,Iowa,federal,150.8,4972,687,Sedimentary,Sandstone,0.231,Moderate,False,643.6,0.18,161,100-161,38.4
JACKALOPE TREATER,FLIGHT,Natural Gas Processing,High,,211130,49805,False,9.0,1-10 MW,27.2567,-98.9001,TX,138.41,False,28.03947,-99.99271,Unknown,unknown,175.7,4134,4497,Sedimentary,Shale,0.2971,Moderate,False,282.09,12.04,345,345,38.4
"ALLIANCE PIPELINE, L.P.-FAIRMOUNT COMPRESSOR STATION",FLIGHT,Natural Gas Processing,High,,486210,90855,False,16.4,10-20 MW,45.99337,-96.649,ND,214.47,False,45.27389,-94.08952,Minnesota,federal,150.5,4983,56,,,0.2105,Moderate,False,422.8,7.35,115,100-161,38.3
MC 254 A-Delta House,FLIGHT,Natural Gas Processing,High,,211120,90825,False,16.4,10-20 MW,28.75448,-88.26732,LA,259.98,False,30.54629,-86.53893,Florida,federal,150.6,4980,4785,Unconsolidated,Unconsolidated,0.0994,Very low/none,False,241.08,140.56,-999999,NOT AVAILABLE,38.3
MC 736 A-Thunder Hawk (Complex ID # 2045),FLIGHT,Natural Gas Processing,High,,211120,91118,False,16.4,10-20 MW,28.2672,-88.3989,LA,310.93,False,30.54629,-86.53893,Florida,federal,150.6,4980,4785,Unconsolidated,Unconsolidated,0.0994,Very low/none,False,264.95,164.42,-999999,NOT AVAILABLE,38.3
Oak Grove Plant,FLIGHT,Natural Gas Processing,High,,211130,91680,False,16.5,10-20 MW,39.86863,-80.69331,WV,137.44,False,41.07495,-81.04759,Ohio,federal,150.1,4998,2692,Sedimentary,Shale,0.1369,Low,False,1159.79,1.28,138,100-161,38.3
"TGP Station 87 Portland, TN",FLIGHT,Natural Gas Processing,High,,486210,88581,False,16.0,10-20 MW,36.61586,-86.55894,TN,128.24,False,35.68528,-85.71523,Tennessee,federal,151.5,4948,2070,Sedimentary,Limestone,0.2031,Moderate,False,554.33,3.33,161,100-161,38.2
Great Lakes Gas Transmission Pipeline Cloquet CS#5,FLIGHT,Natural Gas Processing,High,,486210,86669,False,15.6,10-20 MW,46.78426,-92.70118,MN,116.2,False,45.90059,-91.89299,Wisconsin,federal,152.3,4927,43,Sedimentary,Sandstone,0.2231,Moderate,False,693.37,7.89,115,100-161,38.1
HANCOCK COMPRESSOR STATION,FLIGHT,Natural Gas Processing,High,,486210,85526,False,15.4,10-20 MW,41.88826,-75.13885,NY,180.59,False,40.38558,-74.3207,New Jersey,federal,152.4,4914,138,Unconsolidated,Unconsolidated,0.1321,Low,False,1653.11,12.78,345,345,38.1
TRANSCO STATION 120,FLIGHT,Natural Gas Processing,High,,486210,87391,False,15.7,10-20 MW,33.5711,-84.2533,GA,73.58,False,32.92778,-84.06783,Georgia,federal,151.5,4947,0,Metamorphic,Gneiss,0.2116,Moderate,False,468.74,3.77,115,100-161,38.1
CORN LP,FLIGHT,Ethanol,High,,325193,87144,False,15.7,10-20 MW,42.73334,-93.9109,IA,150.54,False,42.20303,-95.59964,Iowa,federal,150.8,4972,687,Sedimentary,Sandstone,0.231,Moderate,False,648.68,19.5,161,100-161,38.0
Columbia Gulf Transmission - Cane Ridge CS,FLIGHT,Natural Gas Processing,High,,486210,85915,False,15.5,10-20 MW,36.02363,-86.68847,TN,95.44,False,35.68528,-85.71523,Tennessee,federal,151.5,4948,2070,Sedimentary,Limestone,0.2031,Moderate,False,494.74,1.71,161,100-161,38.0
MARYSVILLE ETHANOL LLC,FLIGHT,Ethanol,High,,325193,83939,False,15.1,10-20 MW,42.88335,-82.49155,MI,175.23,False,41.63899,-81.18488,Ohio,federal,153.0,4900,1992,Sedimentary,Sandstone,0.1405,Low,False,1289.38,0.65,120,100-161,38.0
SIOUXLAND ENERGY COOPERATIVE,FLIGHT,Ethanol,High,,325193,87511,False,15.8,10-20 MW,43.08446,-96.23038,IA,110.76,False,42.20303,-95.59964,Iowa,federal,150.8,4972,687,Sedimentary,Sandstone,0.231,Moderate,False,645.93,1.55,69,UNDER 100,38.0
TRANSCO STATION 620,FLIGHT,Natural Gas Processing,High,,486210,88104,False,15.9,10-20 MW,40.67691,-76.47293,PA,165.51,False,39.6962,-75.00712,New Jersey,federal,150.0,5000,728,Unconsolidated,Unconsolidated,0.1142,Low,False,1482.03,5.18,69,UNDER 100,38.0
Viosca Knoll 786 A,FLIGHT,Natural Gas Processing,High,,211120,88503,False,15.9,10-20 MW,29.229,-87.78097,LA,189.19,False,30.54629,-86.53893,Florida,federal,150.6,4980,4785,Unconsolidated,Unconsolidated,0.0994,Very low/none,False,261.52,114.29,115,100-161,38.0
"Big River Resources Boyceville, LLC",FLIGHT,Ethanol,High,,325193,87265,False,15.7,10-20 MW,45.0506,-91.98006,WI,40.73,True,45.33656,-92.30484,Wisconsin,federal,150.3,4990,54,Sedimentary,Sandstone,0.1185,Low,False,799.09,2.32,115,100-161,37.9
CARBON GREEN BIOENERGY,FLIGHT,Ethanol,High,,325193,80618,False,14.5,10-20 MW,42.76601,-85.07428,MI,251.64,False,44.89786,-86.12708,Unknown,unknown,154.3,4844,175,Other,Water,,,False,1098.48,7.78,69,UNDER 100,37.9
COLUMBIA GAS CEREDO COMPRESSOR STATION,FLIGHT,Natural Gas Processing,High,,486210,85809,False,15.5,10-20 MW,38.36778,-82.53278,WV,235.42,False,36.87602,-80.63574,Virginia,federal,150.7,4978,0,Metamorphic,Gneiss,0.1364,Low,False,929.88,0.11,138,100-161,37.9
GREEN PLAINS OTTER TAIL LLC,FLIGHT,Ethanol,High,,325193,87261,False,15.7,10-20 MW,46.31158,-96.13374,MN,196.03,False,45.27389,-94.08952,Minnesota,federal,150.5,4983,56,,,0.2105,Moderate,False,448.03,0.93,345,345,37.9
POET Biorefining - Groton,FLIGHT,Ethanol,High,,325193,87870,False,15.8,10-20 MW,45.45396,-98.13774,SD,208.57,False,44.89786,-100.67913,South Dakota,federal,150.3,4987,1248,Sedimentary,Shale,0.2374,Moderate,False,353.0,0.27,69,UNDER 100,37.9
VOYAGER ETHANOL LLC,FLIGHT,Ethanol,High,,325193,85822,False,15.5,10-20 MW,43.06664,-94.67917,IA,122.03,False,42.20303,-95.59964,Iowa,federal,150.8,4972,687,Sedimentary,Sandstone,0.231,Moderate,False,674.22,13.85,161,100-161,37.9
ALLIANCE PIPELINE - OLIVIA 23-A,FLIGHT,Natural Gas Processing,High,,486210,86136,False,15.5,10-20 MW,44.8491,-94.8969,MN,79.07,False,45.27389,-94.08952,Minnesota,federal,150.5,4983,56,,,0.2105,Moderate,False,602.15,1.5,69,UNDER 100,37.8
Alliance Pipeline L.P. Albert Lea 25-A,FLIGHT,Natural Gas Processing,High,,486210,85886,False,15.5,10-20 MW,43.64461,-93.15942,MN,195.63,False,45.27389,-94.08952,Minnesota,federal,150.5,4983,56,,,0.2105,Moderate,False,762.3,5.57,69,UNDER 100,37.8
CHARTER STEEL CLEVELAND *,FLIGHT,Iron & Steel,Medium,,331110,130935,False,23.6,20-50 MW,41.44266,-81.66421,OH,26.29,True,41.26297,-81.45944,Ohio,federal,151.9,4933,2180,Sedimentary,Shale,0.1478,Low,False,1237.24,0.53,138,100-161,37.8
WESTERN NEW YORK ENERGY LLC,FLIGHT,Ethanol,High,,325193,82822,False,14.9,10-20 MW,43.21049,-78.36542,NY,285.52,False,41.57632,-81.04759,Ohio,federal,151.5,4949,2202,Sedimentary,Shale,0.1828,Low,False,1564.45,0.57,115,100-161,37.7
EQUISTAR CHEMICALS LP,FLIGHT,Petrochemicals,Medium,,325110,268440,False,48.4,20-50 MW,41.4129,-88.32977,IL,325.67,False,38.81881,-90.1083,Illinois,federal,159.6,4678,984,,,0.2823,Moderate,False,791.51,0.08,138,100-161,37.6
Iroquois Bio Energy Company,FLIGHT,Ethanol,High,,325193,80935,False,14.6,10-20 MW,40.93306,-87.06722,IN,336.76,False,38.50546,-89.42189,Illinois,federal,151.8,4936,2139,Sedimentary,Shale,0.2194,Moderate,False,853.7,0.66,-999999,NOT AVAILABLE,37.6
Matheson - LIMA I PLANT,FLIGHT,Industrial Gas,High,,325120,82794,False,14.9,10-20 MW,40.72211,-84.11329,OH,202.65,False,41.01228,-81.73401,Ohio,federal,151.0,4966,2053,Sedimentary,Shale,0.1819,Low,False,1050.38,1.38,138,100-161,37.6
Rover - Mainline CS #3,FLIGHT,Natural Gas Processing,High,,486210,82614,False,14.9,10-20 MW,40.97749,-82.97089,OH,103.88,False,41.01228,-81.73401,Ohio,federal,151.0,4966,2053,Sedimentary,Shale,0.1819,Low,False,1129.1,0.47,138,100-161,37.6
TRANSCO STATION 610,FLIGHT,Natural Gas Processing,High,,486210,82084,False,14.8,10-20 MW,41.10513,-76.4457,PA,188.76,False,40.32291,-74.45799,New Jersey,federal,151.4,4949,136,Unconsolidated,Unconsolidated,0.1264,Low,False,1513.74,2.21,-999999,NOT AVAILABLE,37.6
VK 956 A,FLIGHT,Natural Gas Processing,High,,211120,83301,False,15.0,10-20 MW,29.06063,-88.09172,AL,223.01,False,30.54629,-86.53893,Florida,federal,150.6,4980,4785,Unconsolidated,Unconsolidated,0.0994,Very low/none,False,239.91,138.54,115,100-161,37.6
ALLIANCE PIPELINE L.P. - MANCHESTER,FLIGHT,Natural Gas Processing,High,,486210,82855,False,14.9,10-20 MW,42.46915,-91.55145,IA,324.5,False,45.33656,-92.30484,Wisconsin,federal,150.3,4990,54,Sedimentary,Sandstone,0.1185,Low,False,694.94,9.92,161,100-161,37.5
Westbrook,FLIGHT,Natural Gas Processing,High,,486210,43382,False,7.8,1-10 MW,43.73142,-70.3639,ME,36.62,True,43.45644,-70.61405,Maine,federal,151.3,4951,11,Metamorphic,Gneiss,0.1382,Low,False,2088.54,0.23,115,100-161,37.5
AMERICAN CAST IRON PIPE CO,FLIGHT,Iron & Steel,Medium,,331511,169390,False,30.5,20-50 MW,33.54698,-86.83465,AL,160.31,False,34.80789,-85.9898,Alabama,application,150.8,4972,2134,Sedimentary,Limestone,0.1702,Low,False,270.53,0.77,115,100-161,37.4
Athens,FLIGHT,Natural Gas Processing,High,,486210,80066,False,14.4,10-20 MW,39.24099,-82.12427,OH,199.73,False,41.01228,-81.73401,Ohio,federal,151.0,4966,2053,Sedimentary,Shale,0.1819,Low,False,1027.89,7.89,138,100-161,37.4
HIGHWATER ETHANOL LLC,FLIGHT,Ethanol,High,,325193,81610,False,14.7,10-20 MW,44.23202,-95.30027,MN,150.2,False,45.27389,-94.08952,Minnesota,federal,150.5,4983,56,,,0.2105,Moderate,False,613.29,0.55,69,UNDER 100,37.4
MID-MISSOURI ENERGY LLC,FLIGHT,Ethanol,High,,325193,81534,False,14.7,10-20 MW,39.19722,-93.38639,MO,247.48,False,38.06677,-90.932,Missouri,federal,150.1,4996,329,,,0.2073,Moderate,False,307.47,0.24,161,100-161,37.4
Matheson - LIMA II PLANT,FLIGHT,Industrial Gas,High,,325120,80852,False,14.6,10-20 MW,40.72211,-84.11329,OH,202.65,False,41.01228,-81.73401,Ohio,federal,151.0,4966,2053,Sedimentary,Shale,0.1819,Low,False,1050.38,1.38,138,100-161,37.4
"Poet Biorefining Lake Crystal, LLC",FLIGHT,Ethanol,High,,325193,81703,False,14.7,10-20 MW,44.1008,-94.27584,MN,131.27,False,45.27389,-94.08952,Minnesota,federal,150.5,4983,56,,,0.2105,Moderate,False,688.26,0.57,69,UNDER 100,37.4
ACE ETHANOL LLC,FLIGHT,Ethanol,High,,325193,80642,False,14.5,10-20 MW,44.9589,-90.9608,WI,100.73,False,45.4619,-92.03027,Wisconsin,federal,150.3,4990,132,Sedimentary,Sandstone,0.2263,Moderate,False,877.25,4.85,115,100-161,37.3
"ALPEK POLYESTER USA, LLC",FLIGHT,Petrochemicals,Medium,,325211,35596,False,6.4,1-10 MW,34.98305,-78.78722,NC,18.38,True,34.99591,-78.98834,North Carolina,federal,153.3,4877,65,Sedimentary,Sandstone,0.1192,Low,False,993.61,0.44,115,100-161,37.3
GRANITE FALLS ENERGY LLC,FLIGHT,Ethanol,High,,325193,80143,False,14.4,10-20 MW,44.7999,-95.4869,MN,121.79,False,45.27389,-94.08952,Minnesota,federal,150.5,4983,56,,,0.2105,Moderate,False,565.2,0.23,69,UNDER 100,37.3
Poet Biorefining-Coon Rapids,FLIGHT,Ethanol,High,,325193,79543,False,14.3,10-20 MW,41.86019,-94.63211,IA,88.54,False,42.20303,-95.59964,Iowa,federal,150.8,4972,687,Sedimentary,Sandstone,0.231,Moderate,False,541.88,12.61,161,100-161,37.3
HERON LAKE BIOENERGY LLC,FLIGHT,Ethanol,High,,325193,79210,False,14.3,10-20 MW,43.8622,-95.30098,MN,183.98,False,45.27389,-94.08952,Minnesota,federal,150.5,4983,56,,,0.2105,Moderate,False,638.73,1.22,69,UNDER 100,37.2
TGP Station 204 Albany,FLIGHT,Natural Gas Processing,High,,486210,78184,False,14.1,10-20 MW,39.21528,-82.26003,OH,204.76,False,41.01228,-81.73401,Ohio,federal,151.0,4966,2053,Sedimentary,Shale,0.1819,Low,False,1018.51,7.59,138,100-161,37.2
Cargill Texturizing Solutions,FLIGHT,Ethanol,High,,311221,71410,False,12.9,10-20 MW,41.69444,-87.51583,IN,373.5,False,44.89786,-86.12708,Unknown,unknown,154.3,4844,175,Other,Water,,,False,865.0,0.54,138,100-161,37.1
Hub City Energy,FLIGHT,Ethanol,High,,325193,78278,False,14.1,10-20 MW,45.45981,-98.53283,SD,179.45,False,44.89786,-100.67913,South Dakota,federal,150.3,4987,1248,Sedimentary,Shale,0.2374,Moderate,False,328.85,1.37,69,UNDER 100,37.1
Mississippi Canyon 724 Gulfstar 1 (Tubular Bells),FLIGHT,Natural Gas Processing,High,,211120,78333,False,14.1,10-20 MW,28.23497,-88.99536,LA,350.25,False,30.54629,-86.53893,Florida,federal,150.6,4980,4785,Unconsolidated,Unconsolidated,0.0994,Very low/none,False,228.59,135.65,-999999,NOT AVAILABLE,37.1
"TGP Station 555 Collinwood, Cypress Inn, TN",FLIGHT,Natural Gas Processing,High,,486210,77191,False,13.9,10-20 MW,35.02237,-87.75744,TN,51.65,False,34.99591,-88.32362,Tennessee,federal,151.0,4961,1963,Unconsolidated,Unconsolidated,0.1377,Low,False,347.49,13.57,161,100-161,37.1
ALBEMARLE CORP,FLIGHT,Petrochemicals,Medium,,325199,,False,,,33.46738,-80.88406,SC,15.76,True,33.42914,-81.04759,South Carolina,federal,154.8,4818,208,Unconsolidated,Unconsolidated,0.4852,High,False,762.31,0.44,115,100-161,37.0
Dagger Draw Gas Plant,FLIGHT,Natural Gas Processing,High,,211130,72061,False,13.0,10-20 MW,32.71629,-104.44602,NM,46.71,True,32.80243,-104.93492,New Mexico,federal,153.4,4880,1666,Sedimentary,Limestone,0.4265,High,False,63.86,4.16,69,UNDER 100,37.0
GREEN PLAINS SUPERIOR LLC,FLIGHT,Ethanol,High,,325193,75855,False,13.7,10-20 MW,43.43338,-94.95422,IA,146.59,False,42.20303,-95.59964,Iowa,federal,150.8,4972,687,Sedimentary,Sandstone,0.231,Moderate,False,690.97,2.61,69,UNDER 100,37.0
North American Stainless,FLIGHT,Iron & Steel,Medium,,331110,275108,False,49.6,20-50 MW,38.7349,-85.00255,KY,344.92,False,35.68528,-85.71523,Tennessee,federal,151.5,4948,2070,Sedimentary,Limestone,0.2031,Moderate,False,825.58,1.23,138,100-161,37.0
POET BIOREFINING GLENVILLE LLC,FLIGHT,Ethanol,High,,325193,76915,False,13.9,10-20 MW,43.57627,-93.30177,MN,198.86,False,45.27389,-94.08952,Minnesota,federal,150.5,4983,56,,,0.2105,Moderate,False,751.82,0.18,69,UNDER 100,37.0
"POET Biorefining - Preston, LLC",FLIGHT,Ethanol,High,,325193,77681,False,14.0,10-20 MW,43.6861,-92.0917,MN,184.3,False,45.33656,-92.30484,Wisconsin,federal,150.3,4990,54,Sedimentary,Sandstone,0.1185,Low,False,795.71,0.18,69,UNDER 100,37.0
ALLIANCE PIPELINE LP-Tampico,FLIGHT,Natural Gas Processing,High,,486210,60344,False,10.9,10-20 MW,41.59255,-89.78424,IL,309.65,False,38.81881,-90.1083,Illinois,federal,159.6,4678,984,,,0.2823,Moderate,False,710.58,7.32,138,100-161,36.9
Plasma Compressor Station,FLIGHT,Natural Gas Processing,High,,486210,75386,False,13.6,10-20 MW,39.72831,-80.92077,OH,149.89,False,41.01228,-81.45944,Ohio,federal,150.8,4973,2321,Sedimentary,Shale,0.1804,Low,False,1135.26,3.4,345,345,36.9
Roadrunner Gas Processing Plant,FLIGHT,Natural Gas Processing,High,,211130,69203,False,12.5,10-20 MW,32.26585,-104.11239,NM,90.31,False,32.2384,-105.0722,New Mexico,federal,154.1,4849,1512,Unconsolidated,Unconsolidated,0.2401,Moderate,False,31.76,12.55,69,UNDER 100,36.9
FORT BEELER GAS PLANT,FLIGHT,Natural Gas Processing,High,,211130,74906,False,13.5,10-20 MW,39.87986,-80.58529,WV,138.52,False,41.07495,-81.04759,Ohio,federal,150.1,4998,2692,Sedimentary,Shale,0.1369,Low,False,1166.82,0.63,138,100-161,36.8
PMC BIOGENIX INC,FLIGHT,Petrochemicals,Medium,,325199,101463,False,18.3,10-20 MW,35.16677,-89.95893,TN,24.4,True,35.12125,-89.69645,Tennessee,federal,150.2,4992,4337,Unconsolidated,Unconsolidated,0.1752,Low,False,277.15,0.87,161,100-161,36.8
CHIPPEWA VALLEY ETHANOL COMPANY,FLIGHT,Ethanol,High,,325193,73724,False,13.3,10-20 MW,45.327,-95.6377,MN,121.23,False,45.27389,-94.08952,Minnesota,federal,150.5,4983,56,,,0.2105,Moderate,False,525.56,0.27,115,100-161,36.7
BPXA FLOW STATION #1,FLIGHT,Natural Gas Processing,High,,211111,,False,,,70.25784,-148.43581,AK,2734.98,False,48.90878,-122.64449,Washington,federal,194.0,3771,33,Unconsolidated,Unconsolidated,0.0927,Very low/none,False,3271.68,584.42,138,100-161,36.6
BPXA FLOW STATION #2,FLIGHT,Natural Gas Processing,High,,211111,,False,,,70.26547,-148.33251,AK,2732.93,False,48.90878,-122.64449,Washington,federal,194.0,3771,33,Unconsolidated,Unconsolidated,0.0927,Very low/none,False,3268.37,584.95,138,100-161,36.6
BPXA FLOW STATION #3,FLIGHT,Natural Gas Processing,High,,211111,,False,,,70.25443,-148.57407,AK,2738.27,False,48.90878,-122.64449,Washington,federal,194.0,3771,33,Unconsolidated,Unconsolidated,0.0927,Very low/none,False,3276.38,584.51,138,100-161,36.6
BPXA GATHERING CENTER #1,FLIGHT,Natural Gas Processing,High,,211111,,False,,,70.30603,-148.72939,AK,2746.45,False,48.90878,-122.64449,Washington,federal,194.0,3771,33,Unconsolidated,Unconsolidated,0.0927,Very low/none,False,3283.88,590.81,138,100-161,36.6
BPXA GATHERING CENTER #2,FLIGHT,Natural Gas Processing,High,,211111,,False,,,70.31092,-148.86293,AK,2750.31,False,48.90878,-122.64449,Washington,federal,194.0,3771,33,Unconsolidated,Unconsolidated,0.0927,Very low/none,False,3288.75,591.91,138,100-161,36.6
BPXA GATHERING CENTER #3,FLIGHT,Natural Gas Processing,High,,211111,,False,,,70.28392,-148.6835,AK,2743.48,False,48.90878,-122.64449,Washington,federal,194.0,3771,33,Unconsolidated,Unconsolidated,0.0927,Very low/none,False,3281.39,588.18,138,100-161,36.6
Delmont,FLIGHT,Natural Gas Processing,High,,486210,72842,False,13.1,10-20 MW,40.38225,-79.54916,PA,147.9,False,41.07495,-81.04759,Ohio,federal,150.1,4998,2692,Sedimentary,Shale,0.1369,Low,False,1267.56,0.98,138,100-161,36.6
Greenfield Global Winnebago LLC,FLIGHT,Ethanol,High,,325193,72515,False,13.1,10-20 MW,43.76042,-94.14986,MN,168.36,False,45.27389,-94.08952,Minnesota,federal,150.5,4983,56,,,0.2105,Moderate,False,718.43,0.2,69,UNDER 100,36.6
"MILNE POINT PRODUCTION FACILITY, CENTRAL FACILITY PAD AND E-PAD",FLIGHT,Natural Gas Processing,High,,211111,,False,,,70.45897,-149.44157,AK,2777.17,False,48.90878,-122.64449,Washington,federal,194.0,3771,33,Unconsolidated,Unconsolidated,0.0927,Very low/none,False,3314.76,611.2,138,100-161,36.6
NORTHSTAR PROD FACILITY,FLIGHT,Natural Gas Processing,High,,211111,,False,,,70.49088,-148.6977,AK,2760.52,False,48.90878,-122.64449,Washington,federal,194.0,3771,33,Unconsolidated,Unconsolidated,0.0927,Very low/none,False,3290.19,611.13,138,100-161,36.6
"Outokumpu Stainless USA, LLC",FLIGHT,Iron & Steel,Medium,,331110,158259,False,28.5,20-50 MW,31.1522,-87.9858,AL,47.14,True,31.23567,-87.49992,Alabama,application,152.1,4923,4902,Unconsolidated,Unconsolidated,0.1495,Low,False,97.7,0.59,230,220-287,36.6
ABC COKE,FLIGHT,Petroleum Refining,Medium,,324199,159779,False,28.8,20-50 MW,33.58077,-86.78128,AL,154.65,False,34.80789,-85.9898,Alabama,application,150.8,4972,2134,Sedimentary,Limestone,0.1702,Low,False,276.64,0.94,-999999,NOT AVAILABLE,36.5
Stepan,FLIGHT,Petrochemicals,Medium,,325211,27067,False,4.9,1-10 MW,34.31521,-77.98866,NC,18.01,True,34.24386,-78.16464,North Carolina,federal,150.5,4981,758,,,0.162,Low,False,1043.81,0.35,230,220-287,36.5
"TGP Station 230, Lockport Compressor Station",FLIGHT,Natural Gas Processing,High,,486210,68063,False,12.3,10-20 MW,43.159,-78.75462,NY,257.77,False,41.57632,-81.04759,Ohio,federal,151.5,4949,2202,Sedimentary,Shale,0.1828,Low,False,1538.56,1.06,115,100-161,36.4
Cadiz Gas Processing Plant,FLIGHT,Natural Gas Processing,High,,211130,69812,False,12.6,10-20 MW,40.25892,-81.02597,OH,90.76,False,41.07495,-81.04759,Ohio,federal,150.1,4998,2692,Sedimentary,Shale,0.1369,Low,False,1174.9,0.32,-999999,NOT AVAILABLE,36.3
Cleveland-Cliffs Steel Corporation /BUTLER WORKS,FLIGHT,Iron & Steel,Medium,,331110,269985,False,48.6,20-50 MW,40.82926,-79.94273,PA,96.73,False,41.07495,-81.04759,Ohio,federal,150.1,4998,2692,Sedimentary,Shale,0.1369,Low,False,1282.15,0.18,138,100-161,36.3
"Nippon Shokubai America Industries, Inc.",FLIGHT,Petrochemicals,Medium,,325199,,False,,,35.07592,-85.27737,TN,15.7,True,35.18392,-85.1661,Tennessee,federal,150.0,5000,2917,Sedimentary,Limestone,0.161,Low,False,492.57,1.09,-999999,NOT AVAILABLE,36.3
Perulack,FLIGHT,Natural Gas Processing,High,,486210,68711,False,12.4,10-20 MW,40.35,-77.65,PA,193.0,False,38.6308,-77.34094,Virginia,federal,150.8,4970,118,,,0.1825,Low,False,1382.02,4.39,115,100-161,36.3
TGP Station 209 CAMBRIDGE (Cumberland),FLIGHT,Natural Gas Processing,High,,486210,68512,False,12.3,10-20 MW,39.93649,-81.68347,OH,119.7,False,41.01228,-81.73401,Ohio,federal,151.0,4966,2053,Sedimentary,Shale,0.1819,Low,False,1110.88,6.84,138,100-161,36.3
COMMONWEALTH AGRI-ENERGY LLC,FLIGHT,Ethanol,High,,325193,64909,False,11.7,10-20 MW,36.81342,-87.41009,KY,88.63,False,36.5,-88.32362,Kentucky,federal,152.4,4911,3891,,,0.2384,Moderate,False,530.48,0.81,69,UNDER 100,36.2
LINCOLNLAND AGRI-ENERGY LLC,FLIGHT,Ethanol,High,,325193,65217,False,11.8,10-20 MW,39.00429,-87.63133,IL,164.87,False,38.50546,-89.42189,Illinois,federal,151.8,4936,2139,Sedimentary,Shale,0.2194,Moderate,False,730.24,0.44,69,UNDER 100,36.2
POET BIOREFINING LADDONIA,FLIGHT,Ethanol,High,,325193,67472,False,12.2,10-20 MW,39.25133,-91.6381,MO,111.19,False,38.75614,-90.52015,Missouri,federal,150.9,4968,1102,Sedimentary,Limestone,0.2825,Moderate,False,423.92,0.11,69,UNDER 100,36.2
REDFIELD ENERGY LLC,FLIGHT,Ethanol,High,,325193,68250,False,12.3,10-20 MW,44.91166,-98.50145,SD,171.51,False,44.89786,-100.67913,South Dakota,federal,150.3,4987,1248,Sedimentary,Shale,0.2374,Moderate,False,373.41,1.66,69,UNDER 100,36.2
Stony Point,FLIGHT,Natural Gas Processing,High,,486210,68065,False,12.3,10-20 MW,41.24139,-74.02246,NY,91.22,False,41.38831,-72.94787,Connecticut,federal,150.1,4996,0,,,0.1441,Low,False,1685.18,0.78,345,345,36.2
TEXAS GAS TRANSMISSION - GREENVILLE STATION,FLIGHT,Natural Gas Processing,High,,486210,66409,False,12.0,10-20 MW,33.39286,-91.01911,MS,46.47,True,33.55448,-91.48114,Arkansas,federal,151.2,4954,1442,Unconsolidated,Unconsolidated,0.365,Moderate,False,95.18,3.98,230,220-287,36.2
TGP Station 261 Agawam,FLIGHT,Natural Gas Processing,High,,486210,25945,False,4.7,1-10 MW,42.0336,-72.63702,MA,36.26,True,42.20303,-72.26145,Massachusetts,federal,150.4,4985,4,Metamorphic,Schist,0.136,Low,False,1829.86,1.06,115,100-161,36.2
TGP Station 325 Sussex,FLIGHT,Natural Gas Processing,High,,486210,64515,False,11.6,10-20 MW,41.23663,-74.64969,NJ,98.6,False,40.38558,-74.3207,New Jersey,federal,152.4,4914,138,Unconsolidated,Unconsolidated,0.1321,Low,False,1641.84,11.51,69,UNDER 100,36.2
TRANSCO STATION 130,FLIGHT,Natural Gas Processing,High,,486210,64843,False,11.7,10-20 MW,34.09976,-83.08435,GA,107.73,False,33.3038,-82.42043,Georgia,federal,152.3,4918,147,Unconsolidated,Unconsolidated,0.1829,Low,False,591.4,4.67,-999999,100-161,36.2
Three Rivers Energy LLC,FLIGHT,Ethanol,High,,325193,67135,False,12.1,10-20 MW,40.21722,-81.86029,OH,89.05,False,41.01228,-81.73401,Ohio,federal,151.0,4966,2053,Sedimentary,Shale,0.1819,Low,False,1123.33,3.75,69,UNDER 100,36.2
Lilly,FLIGHT,Natural Gas Processing,High,,486210,66894,False,12.1,10-20 MW,40.43136,-78.60051,PA,218.19,False,41.07495,-81.04759,Ohio,federal,150.1,4998,2692,Sedimentary,Shale,0.1369,Low,False,1328.22,4.08,115,100-161,36.1
"TGP Station 200 Greenup, KY",FLIGHT,Natural Gas Processing,High,,486210,66053,False,11.9,10-20 MW,38.54437,-82.92864,KY,274.02,False,36.87602,-80.63574,Virginia,federal,150.7,4978,0,Metamorphic,Gneiss,0.1364,Low,False,924.1,1.16,69,UNDER 100,36.1
GREEN VALLEY CHEMICAL CORP,FLIGHT,Ammonia/Fertilizer,High,,325311,65745,False,11.8,10-20 MW,41.07087,-94.35673,IA,162.84,False,42.20303,-95.59964,Iowa,federal,150.8,4972,687,Sedimentary,Sandstone,0.231,Moderate,False,460.32,3.8,161,100-161,36.0
Gilmore Gas Plant/Bel Junction Compressor Station,FLIGHT,Natural Gas Processing,High,,211130,24094,False,4.3,1-10 MW,26.26825,-98.1885,TX,265.8,False,28.03947,-99.99271,Unknown,unknown,175.7,4134,4497,Sedimentary,Shale,0.2971,Moderate,False,320.79,0.97,138,100-161,36.0
"United States Pipe and Foundry Company, LLC",FLIGHT,Iron & Steel,Medium,,331511,154837,False,27.9,20-50 MW,33.41702,-86.97085,AL,177.86,False,34.43187,-88.4609,Mississippi,application,150.2,4994,2130,Unconsolidated,Unconsolidated,0.2032,Moderate,False,251.34,0.96,115,100-161,36.0
Great Lakes Gas Transmission Pipeline Deer River CS#4,FLIGHT,Natural Gas Processing,High,,486210,61512,False,11.1,10-20 MW,47.33486,-93.8483,MN,218.47,False,45.90059,-91.89299,Wisconsin,federal,152.3,4927,43,Sedimentary,Sandstone,0.2231,Moderate,False,600.58,2.18,69,UNDER 100,35.9
NORTHERN NATURAL GAS CO-OGDEN COMPRESSOR,FLIGHT,Natural Gas Processing,High,,486210,64527,False,11.6,10-20 MW,42.04863,-94.04337,IA,129.49,False,42.20303,-95.59964,Iowa,federal,150.8,4972,687,Sedimentary,Sandstone,0.231,Moderate,False,572.12,8.8,345,345,35.9
"TGP Station 409B Edinburg, TX",FLIGHT,Natural Gas Processing,High,,486210,22973,False,4.1,1-10 MW,26.403,-98.08222,TX,262.29,False,28.03947,-99.99271,Unknown,unknown,175.7,4134,4497,Sedimentary,Shale,0.2971,Moderate,False,302.57,10.3,345,345,35.9
Who Dat Production Facility (Mississippi Canyon 547A),FLIGHT,Natural Gas Processing,High,,211120,64602,False,11.6,10-20 MW,28.2455,-89.0058,LA,350.07,False,30.54629,-86.53893,Florida,federal,150.6,4980,4785,Unconsolidated,Unconsolidated,0.0994,Very low/none,False,227.04,134.18,-999999,NOT AVAILABLE,35.9
"Fox River Valley Ethanol, LLC",FLIGHT,Ethanol,High,,325193,55623,False,10.0,10-20 MW,43.98023,-88.65181,WI,112.65,False,44.96053,-89.01004,Wisconsin,federal,155.1,4827,29,Igneous,Granite,0.0741,Very low/none,False,968.29,1.51,138,100-161,35.8
"Horn Mountain MMS Platform ID 02481, Complex ID 876-1",FLIGHT,Natural Gas Processing,High,,211120,64077,False,11.5,10-20 MW,28.86601,-88.05626,LA,237.45,False,30.54629,-86.53893,Florida,federal,150.6,4980,4785,Unconsolidated,Unconsolidated,0.0994,Very low/none,False,252.51,153.97,-999999,NOT AVAILABLE,35.8
"Ingredion Incorporated, Indianapolis Plant",FLIGHT,Ethanol,High,,311221,60943,False,11.0,10-20 MW,39.74483,-86.17431,IN,312.18,False,38.50546,-89.42189,Illinois,federal,151.8,4936,2139,Sedimentary,Shale,0.2194,Moderate,False,869.05,0.33,138,100-161,35.8
"NGPL Station 201 Storage, Herscher, IL",FLIGHT,Natural Gas Processing,High,,486210,51527,False,9.3,1-10 MW,41.0335,-88.08996,IL,299.78,False,38.75614,-89.97102,Illinois,federal,157.5,4753,1518,Sedimentary,Shale,0.2006,Moderate,False,784.75,5.38,-999999,NOT AVAILABLE,35.8
"TGP Station 114 Catlettsburg, KY",FLIGHT,Natural Gas Processing,High,,486210,63497,False,11.4,10-20 MW,38.267,-82.58088,KY,230.88,False,36.87602,-80.63574,Virginia,federal,150.7,4978,0,Metamorphic,Gneiss,0.1364,Low,False,918.56,0.25,138,100-161,35.8
ANR Pipeline Celestine CS,FLIGHT,Natural Gas Processing,High,,486210,60557,False,10.9,10-20 MW,38.37753,-86.77731,IN,214.92,False,37.37739,-88.87275,Illinois,federal,151.5,4946,4094,Sedimentary,Limestone,0.2635,Moderate,False,709.83,1.67,69,UNDER 100,35.7
Clyde,FLIGHT,Natural Gas Processing,High,,486210,59332,False,10.7,10-20 MW,41.35179,-82.89217,OH,99.72,False,41.13763,-81.73401,Ohio,federal,152.1,4930,2024,Sedimentary,Shale,0.1617,Low,False,1166.37,0.56,-999999,NOT AVAILABLE,35.7
MINISINK COMPRESSOR STATION,FLIGHT,Natural Gas Processing,High,,486210,59062,False,10.6,10-20 MW,41.33926,-74.52252,NY,107.39,False,40.38558,-74.3207,New Jersey,federal,152.4,4914,138,Unconsolidated,Unconsolidated,0.1321,Low,False,1657.12,1.42,69,UNDER 100,35.7
REM 305 Michigan Basin - PROCESSING,FLIGHT,Natural Gas Processing,High,,211130,56662,False,10.2,10-20 MW,45.01368,-84.67351,MI,115.1,False,44.89786,-86.12708,Unknown,unknown,154.3,4844,175,Other,Water,,,False,1272.25,0.85,-999999,100-161,35.7
"SNG Station 5267 Ellerslie, GA",FLIGHT,Natural Gas Processing,High,,486210,,False,,,32.62338,-84.81444,GA,34.75,True,32.48908,-84.47968,Georgia,federal,152.9,4899,217,Unconsolidated,Unconsolidated,0.1292,Low,False,384.24,1.26,230,220-287,35.7
TGP Station 219 Mercer,FLIGHT,Natural Gas Processing,High,,486210,52853,False,9.5,1-10 MW,41.27616,-80.27184,PA,65.04,False,41.32564,-81.04759,Ohio,federal,156.2,4798,2357,Sedimentary,Shale,0.2208,Moderate,False,1300.79,11.93,138,100-161,35.7
Burrillville,FLIGHT,Natural Gas Processing,High,,486210,61368,False,11.1,10-20 MW,41.96763,-71.75379,RI,49.4,True,42.20303,-72.26145,Massachusetts,federal,150.4,4985,4,Metamorphic,Schist,0.136,Low,False,1887.44,1.32,345,345,35.6
Huron Energy,FLIGHT,Ethanol,High,,325193,61951,False,11.2,10-20 MW,44.37451,-98.25329,SD,142.63,False,43.51911,-99.58086,South Dakota,federal,150.0,5000,595,Unconsolidated,Unconsolidated,0.1791,Low,False,431.68,0.47,115,100-161,35.6
"Marlin, Platform ID 02481, Complex ID 235-1",FLIGHT,Natural Gas Processing,High,,211120,61658,False,11.1,10-20 MW,29.10756,-87.94362,LA,209.65,False,30.54629,-86.53893,Florida,federal,150.6,4980,4785,Unconsolidated,Unconsolidated,0.0994,Very low/none,False,251.16,129.95,115,100-161,35.6
"Columbia Gas Transmission, LLC-Summerfield Compressor Station",FLIGHT,Natural Gas Processing,High,,486210,59249,False,10.7,10-20 MW,39.79088,-81.3792,OH,135.98,False,41.01228,-81.45944,Ohio,federal,150.8,4973,2321,Sedimentary,Shale,0.1804,Low,False,1115.48,0.93,138,100-161,35.5
EFG Plant,FLIGHT,Natural Gas Processing,High,,211130,18514,False,3.3,1-10 MW,27.68142,-99.21185,TX,86.47,False,28.03947,-99.99271,Unknown,unknown,175.7,4134,4497,Sedimentary,Shale,0.2971,Moderate,False,283.02,11.96,138,100-161,35.5
Gold Bond - ROT Plant,FLIGHT,Minerals,Medium,,327420,38924,False,7.0,1-10 MW,32.83646,-100.44889,TX,225.01,False,34.55721,-99.16901,Oklahoma,application,150.3,4990,995,Unconsolidated,Unconsolidated,0.4771,High,True,1.5,8.28,69,UNDER 100,35.5
Harmony Compressor Station,FLIGHT,Natural Gas Processing,High,,211130,59968,False,10.8,10-20 MW,35.25549,-91.84477,AR,63.9,False,34.74522,-92.16756,Arkansas,federal,150.8,4971,30,Unconsolidated,Unconsolidated,0.3649,Moderate,False,311.31,8.66,161,100-161,35.5
VECTOR PIPELINE LP Highland,FLIGHT,Natural Gas Processing,High,,486210,57043,False,10.3,10-20 MW,42.6203,-83.5743,MI,224.47,False,41.13763,-81.73401,Ohio,federal,152.1,4930,2024,Sedimentary,Shale,0.1617,Low,False,1197.21,3.01,-999999,NOT AVAILABLE,35.5
Kensington Cryogenic Processing Plant,FLIGHT,Natural Gas Processing,High,,211130,50906,False,9.2,1-10 MW,40.73398,-80.92937,OH,39.19,True,41.07495,-81.04759,Ohio,federal,150.1,4998,2692,Sedimentary,Shale,0.1369,Low,False,1219.1,0.54,-999999,NOT AVAILABLE,35.4
TRANSCO STATION 160,FLIGHT,Natural Gas Processing,High,,486210,52776,False,9.5,1-10 MW,36.34276,-79.82105,NC,63.5,False,36.81335,-80.22389,Virginia,federal,154.2,4861,0,Sedimentary,Sandstone,0.1408,Low,False,969.46,1.65,230,220-287,35.4
Gold Bond - WLM Plant,FLIGHT,Minerals,Medium,,327420,40329,False,7.3,1-10 MW,34.17215,-77.94659,NC,20.93,True,34.11852,-78.16464,North Carolina,federal,153.9,4860,940,Unconsolidated,Unconsolidated,0.1575,Low,False,1044.14,2.12,230,220-287,35.3
NUCOR STEEL INDIANA,FLIGHT,Iron & Steel,Medium,,331110,255383,False,46.0,20-50 MW,39.9747,-86.8301,IN,276.59,False,38.50546,-89.42189,Illinois,federal,151.8,4936,2139,Sedimentary,Shale,0.2194,Moderate,False,828.58,1.96,69,UNDER 100,35.3
INGREDION INCORPORATED,FLIGHT,Ethanol,High,,311221,56565,False,10.2,10-20 MW,41.96937,-91.6658,IA,325.64,False,42.20303,-95.59964,Iowa,federal,150.8,4972,687,Sedimentary,Sandstone,0.231,Moderate,False,642.8,1.33,161,100-161,35.2
Jackson Compressor Station,FLIGHT,Natural Gas Processing,High,,486210,55761,False,10.0,10-20 MW,41.99783,-77.03326,PA,284.87,False,40.32291,-74.45799,New Jersey,federal,151.4,4949,136,Unconsolidated,Unconsolidated,0.1264,Low,False,1543.36,4.88,-999999,100-161,35.2
CHEVRON OIL CO @ PERTH AMBOY REFINERY,FLIGHT,Petroleum Refining,Medium,,324110,,False,,,40.53216,-74.25331,NJ,17.27,True,40.38558,-74.3207,New Jersey,federal,152.4,4914,138,Unconsolidated,Unconsolidated,0.1321,Low,False,1625.66,2.73,230,220-287,35.1
COLUMBIA GAS FILES CREEK COMPRESSOR STATION,FLIGHT,Natural Gas Processing,High,,486210,55041,False,9.9,1-10 MW,38.82137,-79.83607,WV,130.93,False,38.38012,-78.43921,Virginia,federal,150.9,4969,0,Metamorphic,Metamorphic,0.1487,Low,False,1129.14,5.16,138,100-161,35.1
Chevron Oronite Oak Point,FLIGHT,Petrochemicals,Medium,,325199,141735,False,25.5,20-50 MW,29.80832,-90.01291,LA,288.31,False,31.23567,-87.49992,Alabama,application,152.1,4923,4902,Unconsolidated,Unconsolidated,0.1495,Low,False,36.21,3.26,230,220-287,35.1
"TGP Station 860 Centerville, TN",FLIGHT,Natural Gas Processing,High,,486210,52442,False,9.4,1-10 MW,35.84655,-87.44308,TN,83.29,False,35.62261,-88.32362,Tennessee,federal,152.7,4903,2228,Unconsolidated,Unconsolidated,0.1564,Low,False,438.98,6.12,161,100-161,35.1
CARGILL CORN MILLING-WAHPETON FACILITY,FLIGHT,Ethanol,High,,311221,54419,False,9.8,1-10 MW,46.3504,-96.64139,ND,231.17,False,45.27389,-94.08952,Minnesota,federal,150.5,4983,56,,,0.2105,Moderate,False,409.55,6.3,115,100-161,35.0
Grantville,FLIGHT,Natural Gas Processing,High,,486210,55789,False,10.1,10-20 MW,40.37839,-76.67089,PA,160.67,False,39.6962,-75.00712,New Jersey,federal,150.0,5000,728,Unconsolidated,Unconsolidated,0.1142,Low,False,1448.4,4.39,230,220-287,35.0
HUNT SOUTHLAND REFINING COMPANY,FLIGHT,Petroleum Refining,Medium,,324110,30709,False,5.5,1-10 MW,31.8167,-89.0089,MS,144.54,False,31.61169,-87.49992,Alabama,application,151.7,4936,4034,Sedimentary,Shale,0.1102,Low,True,2.96,2.73,230,220-287,35.0
TGP Station 315 Wellsboro,FLIGHT,Natural Gas Processing,High,,486210,52555,False,9.5,1-10 MW,41.73773,-77.31198,PA,286.44,False,40.32291,-74.45799,New Jersey,federal,151.4,4949,136,Unconsolidated,Unconsolidated,0.1264,Low,False,1506.68,9.32,115,100-161,35.0
DRAGON CEMENT,FLIGHT,Cement,Medium,,327310,236953,False,42.7,20-50 MW,44.08401,-69.15724,ME,46.57,True,43.83246,-68.69208,Unknown,unknown,160.6,4637,2,Other,Water,,,False,2191.01,3.32,115,100-161,34.9
Jefferson Compressor Station,FLIGHT,Natural Gas Processing,High,,486210,53747,False,9.7,1-10 MW,39.91141,-80.07687,PA,153.22,False,41.07495,-81.04759,Ohio,federal,150.1,4998,2692,Sedimentary,Shale,0.1369,Low,False,1198.7,7.25,138,100-161,34.9
Poet Bioprocessing-Bingham Lake,FLIGHT,Ethanol,High,,325193,53257,False,9.6,1-10 MW,43.89708,-95.04528,MN,170.78,False,45.27389,-94.08952,Minnesota,federal,150.5,4983,56,,,0.2105,Moderate,False,652.18,4.66,-999999,UNDER 100,34.9
US LIME COMPANY-ST. CLAIR,FLIGHT,Lime,Medium,,327410,141610,False,25.5,20-50 MW,35.57292,-94.83651,OK,60.4,False,35.05858,-95.05051,Oklahoma,application,150.7,4974,4938,Sedimentary,Shale,0.1614,Low,False,172.41,1.31,69,UNDER 100,34.9
Eastern Gas Transmission and Storage - Chambersburg Station (Tran),FLIGHT,Natural Gas Processing,High,,486210,52088,False,9.4,1-10 MW,39.89189,-77.72367,PA,144.05,False,38.6308,-77.34094,Virginia,federal,150.8,4970,118,,,0.1825,Low,False,1344.66,2.02,138,100-161,34.8
NFGSC HINSDALE STATION,FLIGHT,Natural Gas Processing,High,,486210,51021,False,9.2,1-10 MW,42.17549,-78.39193,NY,229.74,False,41.57632,-81.04759,Ohio,federal,151.5,4949,2202,Sedimentary,Shale,0.1828,Low,False,1479.84,5.87,115,100-161,34.8
Pike Compressor Facility,FLIGHT,Natural Gas Processing,High,,211130,52898,False,9.5,1-10 MW,40.75012,-80.1672,PA,82.33,False,41.07495,-81.04759,Ohio,federal,150.1,4998,2692,Sedimentary,Shale,0.1369,Low,False,1263.19,2.09,138,100-161,34.8
Plymouth Energy LLC,FLIGHT,Ethanol,High,,325193,51991,False,9.4,1-10 MW,42.73286,-96.2527,IA,79.63,False,42.20303,-95.59964,Iowa,federal,150.8,4972,687,Sedimentary,Sandstone,0.231,Moderate,False,635.14,0.55,69,UNDER 100,34.8
ANR Pipeline Madisonville CS,FLIGHT,Natural Gas Processing,High,,486210,51492,False,9.3,1-10 MW,37.3823,-87.6177,KY,110.65,False,36.93869,-88.73547,Kentucky,federal,150.5,4982,4894,Unconsolidated,Unconsolidated,0.2555,Moderate,False,577.92,0.18,69,UNDER 100,34.7
Gold Bond - WWG Plant,FLIGHT,Minerals,Medium,,327420,26450,False,4.8,1-10 MW,29.91598,-90.14367,LA,292.55,False,31.23567,-87.49992,Alabama,application,152.1,4923,4902,Unconsolidated,Unconsolidated,0.1495,Low,True,21.54,1.42,230,220-287,34.7
"LAMBDA ENERGY RESOURCES, LLC-KALKASKA GAS PLANT",FLIGHT,Natural Gas Processing,High,,211130,45229,False,8.1,1-10 MW,44.69818,-85.19514,MI,76.81,False,44.89786,-86.12708,Unknown,unknown,154.3,4844,175,Other,Water,,,False,1218.2,1.03,69,UNDER 100,34.7
Chaplin Station,FLIGHT,Natural Gas Processing,High,,486210,50426,False,9.1,1-10 MW,41.81993,-72.1568,CT,41.53,True,41.57632,-72.53602,Connecticut,federal,150.2,4992,3,Metamorphic,Schist,0.1337,Low,False,1850.43,6.05,345,345,34.6
"KMTP Bob West Dew Point Plant Falcon Heights, TX",FLIGHT,Natural Gas Processing,High,,486210,7984,False,1.4,1-10 MW,26.56626,-99.11518,TX,185.34,False,28.03947,-99.99271,Unknown,unknown,175.7,4134,4497,Sedimentary,Shale,0.2971,Moderate,False,349.26,1.75,138,100-161,34.6
Columbia Gas Transmission LLC Glenville Compressor Station,FLIGHT,Natural Gas Processing,High,,486210,48730,False,8.8,1-10 MW,38.91583,-80.83792,WV,216.65,False,38.38012,-78.43921,Virginia,federal,150.9,4969,0,Metamorphic,Metamorphic,0.1487,Low,False,1073.56,3.33,138,100-161,34.5
EVONIK CORPORATION,FLIGHT,Petrochemicals,Medium,,325199,135166,False,24.4,20-50 MW,30.51694,-88.14028,AL,100.61,False,31.23567,-87.49992,Alabama,application,152.1,4923,4902,Unconsolidated,Unconsolidated,0.1495,Low,False,147.42,0.16,115,100-161,34.5
Holbrook,FLIGHT,Natural Gas Processing,High,,486210,49268,False,8.9,1-10 MW,39.8915,-80.44922,PA,140.99,False,41.07495,-81.04759,Ohio,federal,150.1,4998,2692,Sedimentary,Shale,0.1369,Low,False,1175.53,1.6,-999999,NOT AVAILABLE,34.5
"KMTP Bob West Compressor Station Falcon Heights, TX",FLIGHT,Natural Gas Processing,High,,486210,6715,False,1.2,1-10 MW,26.59426,-99.08954,TX,183.81,False,28.03947,-99.99271,Unknown,unknown,175.7,4134,4497,Sedimentary,Shale,0.2971,Moderate,False,345.26,1.06,138,100-161,34.5
"TGP Station 303, Seneca, PA",FLIGHT,Natural Gas Processing,High,,486210,39518,False,7.1,1-10 MW,41.3677,-79.6621,PA,115.75,False,41.32564,-81.04759,Ohio,federal,156.2,4798,2357,Sedimentary,Shale,0.2208,Moderate,False,1343.01,9.67,115,100-161,34.5
COLUMBIA GULF TRANSMISSION LLC STANTON CS,FLIGHT,Natural Gas Processing,High,,486210,48488,False,8.7,1-10 MW,37.89,-83.8625,KY,295.44,False,35.49727,-85.30338,Tennessee,federal,150.6,4978,2432,Sedimentary,Shale,0.1951,Low,False,816.1,4.66,69,UNDER 100,34.4
Galaxy Compressor Station,FLIGHT,Natural Gas Processing,High,,211130,48032,False,8.7,1-10 MW,41.09342,-79.75965,PA,107.96,False,41.07495,-81.04759,Ohio,federal,150.1,4998,2692,Sedimentary,Shale,0.1369,Low,False,1314.46,10.38,138,100-161,34.4
Mississippi Canyon 650 A,FLIGHT,Natural Gas Processing,High,,211120,47533,False,8.6,1-10 MW,28.34154,-88.26569,LA,296.74,False,30.54629,-86.53893,Florida,federal,150.6,4980,4785,Unconsolidated,Unconsolidated,0.0994,Very low/none,False,268.93,167.73,-999999,NOT AVAILABLE,34.4
"Trammo Nitrogen Products, Inc.",FLIGHT,Ammonia/Fertilizer,High,,325311,46591,False,8.4,1-10 MW,39.12016,-84.79639,OH,334.89,False,41.01228,-81.73401,Ohio,federal,151.0,4966,2053,Sedimentary,Shale,0.1819,Low,False,870.66,1.01,138,100-161,34.4
LHOIST NORTH AMERICA OF VIRGINIA INC,FLIGHT,Lime,Medium,,327410,246826,False,44.5,20-50 MW,37.38156,-80.66442,VA,51.39,False,36.93869,-80.49846,Virginia,federal,150.5,4983,0,Metamorphic,Gneiss,0.1066,Low,False,970.95,0.18,-999999,NOT AVAILABLE,34.3
"Marco Polo TLP, Green Canyon 608 Platform",FLIGHT,Natural Gas Processing,High,,211120,46921,False,8.5,1-10 MW,27.362,-89.8186,LA,476.59,False,30.54629,-86.53893,Florida,federal,150.6,4980,4785,Unconsolidated,Unconsolidated,0.0994,Very low/none,False,282.88,197.09,-999999,NOT AVAILABLE,34.3
Poet Biorefining-Macon,FLIGHT,Ethanol,High,,325193,46860,False,8.4,1-10 MW,39.7481,-92.3851,MO,194.81,False,38.75614,-90.52015,Missouri,federal,150.9,4968,1102,Sedimentary,Limestone,0.2825,Moderate,False,410.44,0.11,69,UNDER 100,34.3
TGP Station 249 Carlisle,FLIGHT,Natural Gas Processing,High,,486210,41993,False,7.6,1-10 MW,42.76673,-74.46135,NY,124.45,False,42.64172,-72.94787,Massachusetts,federal,153.3,4897,3,Metamorphic,Metamorphic,0.1421,Low,False,1757.96,8.96,-999999,UNDER 100,34.3
TGP Station 313 Coudersport,FLIGHT,Natural Gas Processing,High,,486210,45015,False,8.1,1-10 MW,41.8504,-77.99874,PA,254.89,False,41.57632,-81.04759,Ohio,federal,151.5,4949,2202,Sedimentary,Shale,0.1828,Low,False,1475.33,0.17,115,100-161,34.3
Green Plains Hopewell LLC,FLIGHT,Ethanol,High,,325193,,False,,,37.29763,-77.28776,VA,38.34,True,37.00136,-77.06637,Virginia,federal,166.7,4449,241,Unconsolidated,Unconsolidated,0.1611,Low,False,1218.35,0.39,230,220-287,34.2
Millennium - Highland CS,FLIGHT,Natural Gas Processing,High,,486210,42838,False,7.7,1-10 MW,41.52731,-74.88444,NY,135.49,False,40.38558,-74.3207,New Jersey,federal,152.4,4914,138,Unconsolidated,Unconsolidated,0.1321,Low,False,1645.17,10.01,69,UNDER 100,34.2
"NGPL Station 312 Cropsey, IL",FLIGHT,Natural Gas Processing,High,,486210,34121,False,6.1,1-10 MW,40.62283,-88.48571,IL,243.38,False,38.75614,-89.97102,Illinois,federal,157.5,4753,1518,Sedimentary,Shale,0.2006,Moderate,False,732.56,18.4,138,100-161,34.2
Redhook Compressor Station,FLIGHT,Natural Gas Processing,High,,486210,46864,False,8.4,1-10 MW,40.26215,-80.18604,PA,115.97,False,41.07495,-81.04759,Ohio,federal,150.1,4998,2692,Sedimentary,Shale,0.1369,Low,False,1221.16,2.78,138,100-161,34.2
"TGP Station 119A Rocky Fork, WV",FLIGHT,Natural Gas Processing,High,,486210,45226,False,8.1,1-10 MW,38.44998,-81.71797,WV,199.26,False,36.87602,-80.63574,Virginia,federal,150.7,4978,0,Metamorphic,Gneiss,0.1364,Low,False,983.39,3.21,138,100-161,34.2
TGP Station 241 Lafayette,FLIGHT,Natural Gas Processing,High,,486210,41488,False,7.5,1-10 MW,42.93948,-76.11411,NY,260.46,False,42.64172,-72.94787,Massachusetts,federal,153.3,4897,3,Metamorphic,Metamorphic,0.1421,Low,False,1670.33,1.17,115,100-161,34.2
TGP Station 321 Clifford,FLIGHT,Natural Gas Processing,High,,486210,44650,False,8.0,1-10 MW,41.7117,-75.59945,PA,181.71,False,40.32291,-74.45799,New Jersey,federal,151.4,4949,136,Unconsolidated,Unconsolidated,0.1264,Low,False,1611.09,8.95,69,UNDER 100,34.2
Red River Energy,FLIGHT,Ethanol,High,,325193,44450,False,8.0,1-10 MW,45.87261,-96.72511,SD,215.66,False,45.27389,-94.08952,Minnesota,federal,150.5,4983,56,,,0.2105,Moderate,False,422.85,8.46,41,UNDER 100,34.1
"TGP Station 096 Campbellsville, KY",FLIGHT,Natural Gas Processing,High,,486210,42553,False,7.7,1-10 MW,37.41228,-85.39186,KY,194.19,False,35.68528,-85.71523,Tennessee,federal,151.5,4948,2070,Sedimentary,Limestone,0.2031,Moderate,False,687.52,0.64,161,100-161,34.1
ANR Pipeline Greenville CS,FLIGHT,Natural Gas Processing,High,,486210,42167,False,7.6,1-10 MW,33.28468,-91.01969,MS,52.29,False,33.55448,-91.48114,Arkansas,federal,151.2,4954,1442,Unconsolidated,Unconsolidated,0.365,Moderate,False,85.16,1.35,230,220-287,34.0
"CC METALS & ALLOYS, LLC",FLIGHT,Iron & Steel,Medium,,331110,204520,False,36.9,20-50 MW,37.05648,-88.35108,KY,36.56,True,36.93869,-88.73547,Kentucky,federal,150.5,4982,4894,Unconsolidated,Unconsolidated,0.2555,Moderate,False,518.91,0.07,161,100-161,34.0
Colerain,FLIGHT,Natural Gas Processing,High,,486210,43777,False,7.9,1-10 MW,40.1426,-80.80809,OH,105.63,False,41.07495,-81.04759,Ohio,federal,150.1,4998,2692,Sedimentary,Shale,0.1369,Low,False,1176.59,6.85,-999999,NOT AVAILABLE,34.0
Columbia Gas Transmission - Elk River Compressor Station,FLIGHT,Natural Gas Processing,High,,486210,43274,False,7.8,1-10 MW,38.48713,-81.31927,WV,186.7,False,36.93869,-80.49846,Virginia,federal,150.5,4983,0,Metamorphic,Gneiss,0.1066,Low,False,1010.27,0.61,-999999,NOT AVAILABLE,34.0
"NAVAJO REFINING COMPANY, LLC - LOVINGTON REFINERY",FLIGHT,Petroleum Refining,Medium,,324110,132162,False,23.8,20-50 MW,32.87925,-103.29714,NM,132.87,False,33.49181,-104.52307,New Mexico,federal,150.5,4982,1089,Unconsolidated,Unconsolidated,0.7982,Severe,True,9.88,0.77,69,UNDER 100,34.0
"NGPL Station 109 Harper, IA",FLIGHT,Natural Gas Processing,High,,486210,43096,False,7.8,1-10 MW,41.3567,-92.0572,IA,308.42,False,42.20303,-95.59964,Iowa,federal,150.8,4972,687,Sedimentary,Sandstone,0.231,Moderate,False,567.99,23.1,161,100-161,34.0
"NGPL Station 110 Geneseo, IL",FLIGHT,Natural Gas Processing,High,,486210,28154,False,5.1,1-10 MW,41.39182,-90.1687,IL,286.15,False,38.81881,-90.1083,Illinois,federal,159.6,4678,984,,,0.2823,Moderate,False,672.03,18.21,345,345,34.0
VECTOR PIPELINE LP Washington,FLIGHT,Natural Gas Processing,High,,486210,39462,False,7.1,1-10 MW,42.77264,-83.00802,MI,196.05,False,41.63899,-81.18488,Ohio,federal,153.0,4900,1992,Sedimentary,Sandstone,0.1405,Low,False,1246.15,0.79,345,345,34.0
ANR Pipeline Blue Lake Complex Gas Storage Facility,FLIGHT,Natural Gas Processing,High,,486210,36386,False,6.6,1-10 MW,44.8367,-84.9669,MI,91.68,False,44.89786,-86.12708,Unknown,unknown,154.3,4844,175,Other,Water,,,False,1241.91,5.15,69,UNDER 100,33.9
DINN TREATER,FLIGHT,Natural Gas Processing,High,,211130,,False,,,27.5344,-98.7613,TX,133.52,False,28.03947,-99.99271,Unknown,unknown,175.7,4134,4497,Sedimentary,Shale,0.2971,Moderate,False,252.86,12.59,138,100-161,33.9
Delmita Gas Plant,FLIGHT,Natural Gas Processing,High,,211130,,False,,,26.6566,-98.4836,TX,214.15,False,28.03947,-99.99271,Unknown,unknown,175.7,4134,4497,Sedimentary,Shale,0.2971,Moderate,False,300.51,18.57,345,345,33.9
East Yard Compressor Station,FLIGHT,Natural Gas Processing,High,,211111,,False,,,28.02655,-99.35136,TX,62.96,False,28.03947,-99.99271,Unknown,unknown,175.7,4134,4497,Sedimentary,Shale,0.2971,Moderate,False,281.09,44.13,138,100-161,33.9
Eastern Gas Transmission and Storage - L.L. Tonkin Station (Tran),FLIGHT,Natural Gas Processing,High,,486210,42583,False,7.7,1-10 MW,39.3106,-80.78129,WV,197.49,False,41.07495,-81.04759,Ohio,federal,150.1,4998,2692,Sedimentary,Shale,0.1369,Low,False,1108.69,0.36,138,100-161,33.9
Eastern Gas Transmission and Storage - Lightburn Station and Extraction Plant (Stor and Proc),FLIGHT,Natural Gas Processing,High,,486210,42007,False,7.6,1-10 MW,39.11914,-80.45536,WV,193.18,False,38.38012,-78.43921,Virginia,federal,150.9,4969,0,Metamorphic,Metamorphic,0.1487,Low,False,1112.87,2.18,138,100-161,33.9
El Ebanito Production Facility,FLIGHT,Natural Gas Processing,High,,211111,,False,,,26.572,-98.79218,TX,201.73,False,28.03947,-99.99271,Unknown,unknown,175.7,4134,4497,Sedimentary,Shale,0.2971,Moderate,False,327.12,9.09,345,345,33.9
Entriken Compressor Station,FLIGHT,Natural Gas Processing,High,,486210,42298,False,7.6,1-10 MW,40.3086,-78.1389,PA,198.74,False,38.6308,-77.34094,Virginia,federal,150.8,4970,118,,,0.1825,Low,False,1347.75,10.18,115,100-161,33.9
"KM Tejas Fandango Plant, TX",FLIGHT,Natural Gas Processing,High,,486210,,False,,,27.03278,-98.96777,TX,150.81,False,28.03947,-99.99271,Unknown,unknown,175.7,4134,4497,Sedimentary,Shale,0.2971,Moderate,False,303.04,5.45,138,100-161,33.9
RVB West Compressor Station,FLIGHT,Natural Gas Processing,High,,211130,,False,,,27.79078,-99.59823,TX,47.61,True,28.03947,-99.99271,Unknown,unknown,175.7,4134,4497,Sedimentary,Shale,0.2971,Moderate,False,312.84,22.21,138,100-161,33.9
Richmond Station,FLIGHT,Natural Gas Processing,High,,486210,25875,False,4.7,1-10 MW,44.12215,-69.81163,ME,95.2,False,43.83246,-68.69208,Unknown,unknown,160.6,4637,2,Other,Water,,,False,2149.4,12.81,115,100-161,33.9
Smithburg Gas Plant,FLIGHT,Natural Gas Processing,High,,211130,42902,False,7.7,1-10 MW,39.28327,-80.73381,WV,201.0,False,41.07495,-81.04759,Ohio,federal,150.1,4998,2692,Sedimentary,Shale,0.1369,Low,False,1109.27,2.95,138,100-161,33.9
TGP Station 307 Marienville,FLIGHT,Natural Gas Processing,High,,486210,40413,False,7.3,1-10 MW,41.54093,-79.03896,PA,167.17,False,41.57632,-81.04759,Ohio,federal,151.5,4949,2202,Sedimentary,Shale,0.1828,Low,False,1391.5,26.7,115,100-161,33.9
"TGP Station 310 Smethport, PA",FLIGHT,Natural Gas Processing,High,,486210,40973,False,7.4,1-10 MW,41.76945,-78.42972,PA,218.48,False,41.57632,-81.04759,Ohio,federal,151.5,4949,2202,Sedimentary,Shale,0.1828,Low,False,1444.29,9.62,115,100-161,33.9
Dominion Energy Ohio - Switzerland Station (Tran),FLIGHT,Natural Gas Processing,High,,486210,41685,False,7.5,1-10 MW,39.834,-80.87397,OH,138.77,False,41.07495,-81.04759,Ohio,federal,150.1,4998,2692,Sedimentary,Shale,0.1369,Low,False,1146.77,2.92,138,100-161,33.8
Lambertville Station,FLIGHT,Natural Gas Processing,High,,486210,30523,False,5.5,1-10 MW,40.40095,-74.90822,NJ,39.12,True,40.32291,-74.45799,New Jersey,federal,151.4,4949,136,Unconsolidated,Unconsolidated,0.1264,Low,False,1571.24,0.91,-999999,NOT AVAILABLE,33.8
"NGPL Station 311 Hammond, IL",FLIGHT,Natural Gas Processing,High,,486210,39038,False,7.0,1-10 MW,39.79215,-88.5875,IL,160.14,False,38.50546,-89.42189,Illinois,federal,151.8,4936,2139,Sedimentary,Shale,0.2194,Moderate,False,682.16,1.97,69,UNDER 100,33.8
"Neptune, GC-613",FLIGHT,Natural Gas Processing,High,,211130,41303,False,7.4,1-10 MW,27.37008,-89.92402,LA,482.85,False,30.54629,-86.53893,Florida,federal,150.6,4980,4785,Unconsolidated,Unconsolidated,0.0994,Very low/none,False,279.89,194.55,-999999,NOT AVAILABLE,33.8
Port Inland Plant,FLIGHT,Lime,Medium,,327410,235536,False,42.4,20-50 MW,46.04533,-86.04515,MI,127.75,False,44.89786,-86.12708,Unknown,unknown,154.3,4844,175,Other,Water,,,False,1209.89,2.53,69,UNDER 100,33.8
SHERHAN GAS PLANT,FLIGHT,Natural Gas Processing,High,,211130,42286,False,7.6,1-10 MW,36.4925,-101.46722,TX,146.44,False,36.93869,-103.01295,New Mexico,federal,150.2,4994,1263,Igneous,Basalt,0.4711,High,False,34.83,0.91,-999999,NOT AVAILABLE,33.8
Siloam Fractionation,FLIGHT,Natural Gas Processing,High,,211130,40426,False,7.3,1-10 MW,38.73306,-82.92833,KY,273.16,False,41.01228,-81.73401,Ohio,federal,151.0,4966,2053,Sedimentary,Shale,0.1819,Low,False,940.19,0.96,138,100-161,33.8
"TGP Station 317 Troy, PA",FLIGHT,Natural Gas Processing,High,,486210,39625,False,7.1,1-10 MW,41.73933,-76.79575,PA,251.49,False,40.32291,-74.45799,New Jersey,federal,151.4,4949,136,Unconsolidated,Unconsolidated,0.1264,Low,False,1538.03,3.59,115,100-161,33.8
"TGP Station 875 Richmond, KY",FLIGHT,Natural Gas Processing,High,,486210,39775,False,7.2,1-10 MW,37.80895,-84.25977,KY,269.4,False,35.68528,-85.71523,Tennessee,federal,151.5,4948,2070,Sedimentary,Limestone,0.2031,Moderate,False,785.79,4.11,138,100-161,33.8
TRANSCO STATION 150,FLIGHT,Natural Gas Processing,High,,486210,42287,False,7.6,1-10 MW,35.52548,-80.85899,NC,113.91,False,35.18392,-79.67476,North Carolina,federal,150.1,4996,1061,,,0.1295,Low,False,843.93,1.76,100,100-161,33.8
ANR Pipeline Woodstock CS,FLIGHT,Natural Gas Processing,High,,486210,32160,False,5.8,1-10 MW,42.29804,-88.49528,IL,298.94,False,44.96053,-89.01004,Wisconsin,federal,155.1,4827,29,Igneous,Granite,0.0741,Very low/none,False,842.17,3.22,138,100-161,33.7
Bernville Station,FLIGHT,Natural Gas Processing,High,,486210,40991,False,7.4,1-10 MW,40.4092,-76.1511,PA,125.56,False,39.6962,-75.00712,New Jersey,federal,150.0,5000,728,Unconsolidated,Unconsolidated,0.1142,Low,False,1485.55,3.55,230,220-287,33.7
Eastern Gas Transmission and Storage - Oakford and Rock Springs Stations (Stor and Tran),FLIGHT,Natural Gas Processing,High,,486210,40436,False,7.3,1-10 MW,40.3032,-79.53466,PA,153.74,False,41.07495,-81.04759,Ohio,federal,150.1,4998,2692,Sedimentary,Shale,0.1369,Low,False,1262.05,1.58,138,100-161,33.7
"Faribault Compressor Station (Faribault, MN)",FLIGHT,Natural Gas Processing,High,,486210,40280,False,7.3,1-10 MW,44.26948,-93.32304,MN,127.02,False,45.27389,-94.08952,Minnesota,federal,150.5,4983,56,,,0.2105,Moderate,False,742.33,0.4,115,100-161,33.7
Marlan Gas Plant,FLIGHT,Natural Gas Processing,High,,211130,34779,False,6.3,1-10 MW,32.53521,-103.82529,NM,108.03,False,32.80243,-104.93492,New Mexico,federal,153.4,4880,1666,Sedimentary,Limestone,0.4265,High,False,30.22,1.61,115,100-161,33.7
TGP Station 214 Carrollton,FLIGHT,Natural Gas Processing,High,,486210,40761,False,7.3,1-10 MW,40.6217,-81.0463,OH,50.4,False,41.07495,-81.04759,Ohio,federal,150.1,4998,2692,Sedimentary,Shale,0.1369,Low,False,1203.27,0.32,138,100-161,33.7
Vallourec Star,FLIGHT,Iron & Steel,Medium,,331110,152234,False,27.4,20-50 MW,41.12804,-80.67153,OH,32.06,True,41.07495,-81.04759,Ohio,federal,150.1,4998,2692,Sedimentary,Shale,0.1369,Low,False,1265.76,2.58,-999999,NOT AVAILABLE,33.7
"DENCO II, LLC",FLIGHT,Ethanol,High,,325193,39582,False,7.1,1-10 MW,45.5747,-95.9108,MN,146.02,False,45.27389,-94.08952,Minnesota,federal,150.5,4983,56,,,0.2105,Moderate,False,494.15,0.17,-999999,NOT AVAILABLE,33.6
Great Lakes Gas Transmission Pipeline Otisville CS#13,FLIGHT,Natural Gas Processing,High,,486210,34238,False,6.2,1-10 MW,43.1519,-83.5625,MI,257.7,False,41.63899,-81.18488,Ohio,federal,153.0,4900,1992,Sedimentary,Sandstone,0.1405,Low,False,1226.16,1.3,345,345,33.6
Sherwood Compressor Station,FLIGHT,Natural Gas Processing,High,,486210,39908,False,7.2,1-10 MW,39.26689,-80.69403,WV,203.28,False,41.07495,-81.04759,Ohio,federal,150.1,4998,2692,Sedimentary,Shale,0.1369,Low,False,1110.3,1.22,-999999,NOT AVAILABLE,33.6
Somerset,FLIGHT,Natural Gas Processing,High,,486210,39011,False,7.0,1-10 MW,39.78272,-82.29166,OH,144.65,False,41.01228,-81.73401,Ohio,federal,151.0,4966,2053,Sedimentary,Shale,0.1819,Low,False,1062.87,0.51,69,UNDER 100,33.6
"TGP Station 871 Campbellsville, KY",FLIGHT,Natural Gas Processing,High,,486210,37753,False,6.8,1-10 MW,37.22499,-85.34386,KY,174.4,False,35.68528,-85.71523,Tennessee,federal,151.5,4948,2070,Sedimentary,Limestone,0.2031,Moderate,False,674.02,11.21,69,UNDER 100,33.6
Armagh Compressor Station,FLIGHT,Natural Gas Processing,High,,486210,38154,False,6.9,1-10 MW,40.4319,-79.085,PA,180.11,False,41.07495,-81.04759,Ohio,federal,150.1,4998,2692,Sedimentary,Shale,0.1369,Low,False,1298.92,0.2,500,500,33.5
Corona Compressor Station,FLIGHT,Natural Gas Processing,High,,486210,39043,False,7.0,1-10 MW,39.51748,-80.53965,WV,178.46,False,41.07495,-81.04759,Ohio,federal,150.1,4998,2692,Sedimentary,Shale,0.1369,Low,False,1139.67,4.34,-999999,NOT AVAILABLE,33.5
Five Points,FLIGHT,Natural Gas Processing,High,,486210,37678,False,6.8,1-10 MW,39.65022,-83.1657,OH,194.07,False,41.01228,-81.73401,Ohio,federal,151.0,4966,2053,Sedimentary,Shale,0.1819,Low,False,1002.72,0.18,69,UNDER 100,33.5
Great Lakes Gas Transmission Pipeline Wakefield CS#7,FLIGHT,Natural Gas Processing,High,,486210,33257,False,6.0,1-10 MW,46.44136,-89.82384,MI,52.28,False,46.90332,-89.69645,Unknown,unknown,153.1,4897,179,Other,Water,,,False,916.42,0.03,-999999,NOT AVAILABLE,33.5
Millennium Pipeline Company LLC Corning Compressor Station,FLIGHT,Natural Gas Processing,High,,486210,36749,False,6.6,1-10 MW,42.18826,-76.97822,NY,295.62,False,40.32291,-74.45799,New Jersey,federal,151.4,4949,136,Unconsolidated,Unconsolidated,0.1264,Low,False,1561.36,6.76,115,100-161,33.5
NFGSC CONCORD STATION,FLIGHT,Natural Gas Processing,High,,486210,36637,False,6.6,1-10 MW,42.55299,-78.70795,NY,221.56,False,41.57632,-81.04759,Ohio,federal,151.5,4949,2202,Sedimentary,Shale,0.1828,Low,False,1492.74,3.93,115,100-161,33.5
"NGPL Station 307, Searcy, AR",FLIGHT,Natural Gas Processing,High,,486210,37166,False,6.7,1-10 MW,35.20547,-91.77111,AR,62.64,False,34.74522,-92.16756,Arkansas,federal,150.8,4971,30,Unconsolidated,Unconsolidated,0.3649,Moderate,False,305.31,2.38,161,100-161,33.5
PANHANDLE EASTERN PIPE LINE CO - CENTRALIA,FLIGHT,Natural Gas Processing,High,,486210,38008,False,6.8,1-10 MW,39.13664,-92.13933,MO,146.28,False,38.75614,-90.52015,Missouri,federal,150.9,4968,1102,Sedimentary,Limestone,0.2825,Moderate,False,381.3,15.24,161,100-161,33.5
PANHANDLE EASTERN PIPE LINE CO - GLENARM,FLIGHT,Natural Gas Processing,High,,486210,23502,False,4.2,1-10 MW,39.63271,-89.63117,IL,99.4,False,38.81881,-90.1083,Illinois,federal,159.6,4678,984,,,0.2823,Moderate,False,594.03,2.82,138,100-161,33.5
Shermans Dale Station,FLIGHT,Natural Gas Processing,High,,486210,37668,False,6.8,1-10 MW,40.3439,-77.1628,PA,188.63,False,38.69347,-76.65452,Maryland,federal,150.4,4984,716,Unconsolidated,Unconsolidated,0.1657,Low,False,1413.36,1.08,500,500,33.5
Bechtelsville,FLIGHT,Natural Gas Processing,High,,486210,37429,False,6.7,1-10 MW,40.41962,-75.6225,PA,95.99,False,39.6962,-75.00712,New Jersey,federal,150.0,5000,728,Unconsolidated,Unconsolidated,0.1142,Low,False,1522.49,2.27,230,220-287,33.4
Blacksville Compressor Station,FLIGHT,Natural Gas Processing,High,,486210,37274,False,6.7,1-10 MW,39.71923,-80.22385,WV,166.11,False,41.07495,-81.04759,Ohio,federal,150.1,4998,2692,Sedimentary,Shale,0.1369,Low,False,1174.55,2.36,138,100-161,33.4
CARMEUSE LIME & STONE MAYSVILLE FACILITY,FLIGHT,Lime,Medium,,327410,236315,False,42.6,20-50 MW,38.60778,-83.65134,KY,313.52,False,41.01228,-81.73401,Ohio,federal,151.0,4966,2053,Sedimentary,Shale,0.1819,Low,False,887.38,2.7,69,UNDER 100,33.4
Cadiz Compressor Station,FLIGHT,Natural Gas Processing,High,,486210,37260,False,6.7,1-10 MW,40.25138,-81.02039,OH,91.61,False,41.07495,-81.04759,Ohio,federal,150.1,4998,2692,Sedimentary,Shale,0.1369,Low,False,1174.54,0.66,-999999,NOT AVAILABLE,33.4
GPLC JOLIET SALES,FLIGHT,Natural Gas Processing,High,,486210,21725,False,3.9,1-10 MW,41.4504,-88.1833,IL,335.25,False,38.81881,-90.1083,Illinois,federal,159.6,4678,984,,,0.2823,Moderate,False,803.88,2.88,138,100-161,33.4
Great Lakes Gas Transmission Pipeline Naubinway CS#10,FLIGHT,Natural Gas Processing,High,,486210,30633,False,5.5,1-10 MW,46.11567,-85.4441,MI,145.5,False,44.89786,-86.12708,Unknown,unknown,154.3,4844,175,Other,Water,,,False,1253.47,2.37,69,UNDER 100,33.4
Redfield UGS and Compressor Station,FLIGHT,Natural Gas Processing,High,,486210,36491,False,6.6,1-10 MW,41.68405,-94.16416,IA,132.0,False,42.20303,-95.59964,Iowa,federal,150.8,4972,687,Sedimentary,Sandstone,0.231,Moderate,False,530.37,17.12,161,100-161,33.4
Columbia Gas Transmission LLC Seneca CS,FLIGHT,Natural Gas Processing,High,,486210,35452,False,6.4,1-10 MW,38.80875,-79.39007,WV,95.4,False,38.38012,-78.43921,Virginia,federal,150.9,4969,0,Metamorphic,Metamorphic,0.1487,Low,False,1157.49,2.33,-999999,NOT AVAILABLE,33.3
Eastern Gas Transmission and Storage - Greenlick and Little Greenlick Stations (Stor and Tran),FLIGHT,Natural Gas Processing,High,,486210,33764,False,6.1,1-10 MW,41.49545,-77.74015,PA,275.42,False,41.57632,-81.04759,Ohio,federal,151.5,4949,2202,Sedimentary,Shale,0.1828,Low,False,1462.37,15.37,230,220-287,33.3
FOX RIVER VALLEY ETHANOL LLC - PICKETT,FLIGHT,Ethanol,High,,325193,27738,False,5.0,1-10 MW,43.91355,-88.72623,WI,118.58,False,44.96053,-89.01004,Wisconsin,federal,155.1,4827,29,Igneous,Granite,0.0741,Very low/none,False,958.78,7.8,345,345,33.3
Mississippi Canyon 109 A,FLIGHT,Natural Gas Processing,High,,211120,35492,False,6.4,1-10 MW,28.86468,-88.93079,LA,297.19,False,30.54629,-86.53893,Florida,federal,150.6,4980,4785,Unconsolidated,Unconsolidated,0.0994,Very low/none,False,181.77,80.57,-999999,NOT AVAILABLE,33.3
"NGPL Station 204 Columbus Junction, IA",FLIGHT,Natural Gas Processing,High,,486210,31369,False,5.7,1-10 MW,41.23422,-91.34991,IA,280.91,False,38.81881,-90.38287,Missouri,federal,152.8,4900,985,Unconsolidated,Unconsolidated,0.2824,Moderate,False,592.24,8.94,345,345,33.3
ANR Pipeline Birmingham CS,FLIGHT,Natural Gas Processing,High,,486210,30814,False,5.6,1-10 MW,40.90182,-91.96761,IA,268.21,False,38.81881,-90.38287,Missouri,federal,152.8,4900,985,Unconsolidated,Unconsolidated,0.2824,Moderate,False,531.1,11.59,-999999,NOT AVAILABLE,33.2
Dunn Compressor Station,FLIGHT,Natural Gas Processing,High,,486210,29966,False,5.4,1-10 MW,35.19987,-93.78415,AR,44.65,True,34.80789,-93.67767,Arkansas,federal,153.3,4876,10,Sedimentary,Sandstone,0.2652,Moderate,False,257.64,0.57,161,100-161,33.2
Harmon Creek Gas Plant,FLIGHT,Natural Gas Processing,High,,211130,34831,False,6.3,1-10 MW,40.40344,-80.35383,PA,94.83,False,41.07495,-81.04759,Ohio,federal,150.1,4998,2692,Sedimentary,Shale,0.1369,Low,False,1223.62,1.08,-999999,NOT AVAILABLE,33.2
Linde Inc,FLIGHT,Industrial Gas,High,,325120,32634,False,5.9,1-10 MW,43.08695,-79.01172,NY,237.1,False,41.57632,-81.04759,Ohio,federal,151.5,4949,2202,Sedimentary,Shale,0.1828,Low,False,1518.46,0.19,115,100-161,33.2
TRANSCO STATION 116,FLIGHT,Natural Gas Processing,High,,486210,33857,False,6.1,1-10 MW,33.48519,-84.91567,GA,95.54,False,32.8651,-84.20511,Georgia,federal,151.3,4950,69,Metamorphic,Gneiss,0.1857,Low,False,409.35,0.18,115,100-161,33.2
Glen Karn,FLIGHT,Natural Gas Processing,High,,486210,33058,False,6.0,1-10 MW,40.00493,-84.80329,OH,282.61,False,41.01228,-81.73401,Ohio,federal,151.0,4966,2053,Sedimentary,Shale,0.1819,Low,False,951.67,13.96,69,UNDER 100,33.1
Linde Inc.,FLIGHT,Industrial Gas,High,,325120,27938,False,5.0,1-10 MW,43.43094,-84.15731,MI,226.47,False,44.89786,-86.12708,Unknown,unknown,154.3,4844,175,Other,Water,,,False,1200.85,1.11,138,100-161,33.1
PEOPLES GAS LIGHT AND COKE CO,FLIGHT,Natural Gas Processing,High,,486210,31673,False,5.7,1-10 MW,40.28443,-88.41533,IL,215.89,False,38.50546,-89.42189,Illinois,federal,151.8,4936,2139,Sedimentary,Shale,0.2194,Moderate,False,719.4,9.84,69,UNDER 100,33.1
ANR Pipeline Bridgman CS,FLIGHT,Natural Gas Processing,High,,486210,26492,False,4.8,1-10 MW,41.89713,-86.53427,MI,335.28,False,44.89786,-86.12708,Unknown,unknown,154.3,4844,175,Other,Water,,,False,945.55,1.0,765,735 AND ABOVE,33.0
CPG - Easton Compressor Station,FLIGHT,Natural Gas Processing,High,,486210,30634,False,5.5,1-10 MW,40.7657,-75.22505,PA,81.4,False,40.32291,-74.45799,New Jersey,federal,151.4,4949,136,Unconsolidated,Unconsolidated,0.1264,Low,False,1572.12,2.91,230,220-287,33.0
"EPNG Station 6595 Washington Ranch, NM",FLIGHT,Natural Gas Processing,High,,486210,31323,False,5.6,1-10 MW,32.08192,-104.48501,NM,55.42,False,32.11306,-105.0722,New Mexico,federal,151.6,4940,1242,Unconsolidated,Unconsolidated,0.2457,Moderate,False,46.54,30.34,69,UNDER 100,33.0
Eastern Gas Transmission and Storage - Centre Station (Tran),FLIGHT,Natural Gas Processing,High,,486210,31610,False,5.7,1-10 MW,40.88155,-77.7271,PA,252.44,False,38.6308,-77.34094,Virginia,federal,150.8,4970,118,,,0.1825,Low,False,1416.25,6.34,230,220-287,33.0
Lebanon,FLIGHT,Natural Gas Processing,High,,486210,32253,False,5.8,1-10 MW,39.44584,-84.2068,OH,272.76,False,41.01228,-81.73401,Ohio,federal,151.0,4966,2053,Sedimentary,Shale,0.1819,Low,False,930.06,2.13,69,UNDER 100,33.0
"POET Biorefining-Cloverdale, LLC",FLIGHT,Ethanol,High,,325193,29834,False,5.4,1-10 MW,39.5485,-86.8148,IN,253.3,False,38.50546,-89.42189,Illinois,federal,151.8,4936,2139,Sedimentary,Shale,0.2194,Moderate,False,814.54,0.25,138,100-161,33.0
Republic Steel - Canton Plant,FLIGHT,Iron & Steel,Medium,,331110,71750,False,12.9,10-20 MW,40.80323,-81.33286,OH,25.56,True,41.01228,-81.45944,Ohio,federal,150.8,4973,2321,Sedimentary,Shale,0.1804,Low,False,1201.53,0.37,138,100-161,33.0
"W&T Energy VI, LLC - MC 243 A (Matterhorn)",FLIGHT,Natural Gas Processing,High,,211120,32824,False,5.9,1-10 MW,28.74227,-88.82563,LA,298.44,False,30.54629,-86.53893,Florida,federal,150.6,4980,4785,Unconsolidated,Unconsolidated,0.0994,Very low/none,False,198.43,97.4,-999999,NOT AVAILABLE,33.0
COLUMBIA GAS TRANSMISSION LLC ARTEMAS COMPRESSOR STATION,FLIGHT,Natural Gas Processing,High,,486210,30491,False,5.5,1-10 MW,39.72557,-78.42122,PA,149.62,False,38.38012,-78.43921,Virginia,federal,150.9,4969,0,Metamorphic,Metamorphic,0.1487,Low,False,1287.02,14.12,138,100-161,32.9
TRANSCO STATION 125,FLIGHT,Natural Gas Processing,High,,486210,29646,False,5.3,1-10 MW,33.82964,-83.69121,GA,106.2,False,32.92778,-84.06783,Georgia,federal,151.5,4947,0,Metamorphic,Gneiss,0.2116,Moderate,False,527.99,0.21,115,100-161,32.9
Texas Gas Transmission - Hardinsburg Station,FLIGHT,Natural Gas Processing,High,,486210,29962,False,5.4,1-10 MW,37.78556,-86.48667,KY,215.1,False,37.37739,-88.87275,Illinois,federal,151.5,4946,4094,Sedimentary,Limestone,0.2635,Moderate,False,665.24,0.83,69,UNDER 100,32.9
EMPIRE - OAKFIELD STATION,FLIGHT,Natural Gas Processing,High,,486210,28938,False,5.2,1-10 MW,43.09661,-78.26248,NY,284.55,False,41.57632,-81.04759,Ohio,federal,151.5,4949,2202,Sedimentary,Shale,0.1828,Low,False,1561.23,0.63,345,345,32.8
Eastern Gas Transmission and Storage - Ellisburg Station (Stor),FLIGHT,Natural Gas Processing,High,,486210,28424,False,5.1,1-10 MW,41.9258,-77.8927,PA,264.57,False,41.57632,-81.04759,Ohio,federal,151.5,4949,2202,Sedimentary,Shale,0.1828,Low,False,1487.45,12.11,115,100-161,32.8
Eastern Gas Transmission and Storage - Newark Station (Tran),FLIGHT,Natural Gas Processing,High,,486210,28933,False,5.2,1-10 MW,40.07389,-82.19486,OH,111.37,False,41.01228,-81.73401,Ohio,federal,151.0,4966,2053,Sedimentary,Shale,0.1819,Low,False,1092.45,3.37,138,100-161,32.8
Eastern Gas Transmission and Storage - Washington Station (Tran),FLIGHT,Natural Gas Processing,High,,486210,29506,False,5.3,1-10 MW,39.62667,-83.50889,OH,215.35,False,41.01228,-81.73401,Ohio,federal,151.0,4966,2053,Sedimentary,Shale,0.1819,Low,False,982.2,4.68,69,UNDER 100,32.8
Great Lakes Gas Transmission Pipeline Thief River Falls CS#2,FLIGHT,Natural Gas Processing,High,,486210,29807,False,5.4,1-10 MW,48.25504,-96.23912,MN,369.68,False,45.27389,-94.08952,Minnesota,federal,150.5,4983,56,,,0.2105,Moderate,False,428.69,5.23,69,UNDER 100,32.8
Hanover (AGT) Station,FLIGHT,Natural Gas Processing,High,,486210,26802,False,4.8,1-10 MW,40.79646,-74.42826,NJ,46.58,True,40.38558,-74.3207,New Jersey,federal,152.4,4914,138,Unconsolidated,Unconsolidated,0.1321,Low,False,1629.32,2.81,230,220-287,32.8
NFGSC MERCER COMPRESSOR STATION,FLIGHT,Natural Gas Processing,High,,486210,20406,False,3.7,1-10 MW,41.27851,-80.27482,PA,64.77,False,41.32564,-81.04759,Ohio,federal,156.2,4798,2357,Sedimentary,Shale,0.2208,Moderate,False,1300.81,12.23,138,100-161,32.8
TGP Station 254 Nassau,FLIGHT,Natural Gas Processing,High,,486210,26359,False,4.7,1-10 MW,42.51224,-73.63007,NY,57.68,False,42.64172,-72.94787,Massachusetts,federal,153.3,4897,3,Metamorphic,Metamorphic,0.1421,Low,False,1793.83,1.53,-999999,100-161,32.8
Atoka #1 Compressor Station,FLIGHT,Natural Gas Processing,High,,486210,26115,False,4.7,1-10 MW,32.7813,-104.2265,NM,64.99,False,33.11579,-104.79763,New Mexico,federal,152.5,4913,1351,Sedimentary,Limestone,0.277,Moderate,False,42.65,1.71,69,UNDER 100,32.7
Main Pass 300 B,FLIGHT,Natural Gas Processing,High,,211130,29425,False,5.3,1-10 MW,29.1549,-88.4654,LA,241.77,False,30.54629,-86.53893,Florida,federal,150.6,4980,4785,Unconsolidated,Unconsolidated,0.0994,Very low/none,False,202.53,106.43,-999999,NOT AVAILABLE,32.7
Texas Gas Transmission - Slaughters Station,FLIGHT,Natural Gas Processing,High,,486210,27984,False,5.0,1-10 MW,37.50796,-87.49903,KY,122.14,False,37.37739,-88.87275,Illinois,federal,151.5,4946,4094,Sedimentary,Limestone,0.2635,Moderate,False,595.04,1.14,69,UNDER 100,32.7
CPG - Milford Compressor Station,FLIGHT,Natural Gas Processing,High,,486210,24240,False,4.4,1-10 MW,41.35619,-74.81806,PA,115.75,False,40.38558,-74.3207,New Jersey,federal,152.4,4914,138,Unconsolidated,Unconsolidated,0.1321,Low,False,1638.25,9.31,-999999,NOT AVAILABLE,32.6
Columbia Gas Transmission LLC Kenova CS,FLIGHT,Natural Gas Processing,High,,486210,27473,False,5.0,1-10 MW,38.34305,-82.55105,WV,234.67,False,36.87602,-80.63574,Virginia,federal,150.7,4978,0,Metamorphic,Gneiss,0.1364,Low,False,926.74,1.03,138,100-161,32.6
Columbia Gas Transmission-Strasburg Compressor Station,FLIGHT,Natural Gas Processing,High,,486210,27146,False,4.9,1-10 MW,39.00855,-78.32434,VA,70.59,False,38.38012,-78.43921,Virginia,federal,150.9,4969,0,Metamorphic,Metamorphic,0.1487,Low,False,1243.37,2.21,-999999,NOT AVAILABLE,32.6
Eastern Gas Transmission and Storage - Lebanon Station (Tran),FLIGHT,Natural Gas Processing,High,,486210,27877,False,5.0,1-10 MW,39.4917,-84.2261,OH,270.75,False,41.01228,-81.73401,Ohio,federal,151.0,4966,2053,Sedimentary,Shale,0.1819,Low,False,933.1,0.4,69,UNDER 100,32.6
Eastern Gas Transmission and Storage - Leesburg and Loudoun Stations (Tran),FLIGHT,Natural Gas Processing,High,,486210,27287,False,4.9,1-10 MW,39.00056,-77.59706,VA,46.72,True,38.6308,-77.34094,Virginia,federal,150.8,4970,118,,,0.1825,Low,False,1293.48,4.6,230,220-287,32.6
Texas Gas Transmission - Harrison Station,FLIGHT,Natural Gas Processing,High,,486210,28000,False,5.0,1-10 MW,39.26572,-84.75628,OH,322.02,False,41.01228,-81.73401,Ohio,federal,151.0,4966,2053,Sedimentary,Shale,0.1819,Low,False,885.81,2.75,-999999,NOT AVAILABLE,32.6
ANR Pipeline Woolfolk CS,FLIGHT,Natural Gas Processing,High,,486210,21276,False,3.8,1-10 MW,43.6249,-85.3844,MI,153.4,False,44.89786,-86.12708,Unknown,unknown,154.3,4844,175,Other,Water,,,False,1131.64,11.08,-999999,NOT AVAILABLE,32.5
Carolina Gas Transmission - Grover Station (Tran),FLIGHT,Natural Gas Processing,High,,486210,27482,False,5.0,1-10 MW,35.1415,-81.43502,SC,121.62,False,34.05585,-81.59673,South Carolina,federal,150.1,4998,81,Igneous,Volcanic,0.1969,Low,False,777.88,1.77,230,220-287,32.5
Columbia Gulf Transmission - Means CS,FLIGHT,Natural Gas Processing,High,,486210,26884,False,4.8,1-10 MW,37.92776,-83.74842,KY,298.77,False,36.87602,-80.63574,Virginia,federal,150.7,4978,0,Metamorphic,Gneiss,0.1364,Low,False,826.06,5.55,69,UNDER 100,32.5
Eastern Gas Transmission and Storage - Brookmans Corner Station (Tran),FLIGHT,Natural Gas Processing,High,,486210,22949,False,4.1,1-10 MW,42.92915,-74.72659,NY,148.63,False,42.64172,-72.94787,Massachusetts,federal,153.3,4897,3,Metamorphic,Metamorphic,0.1421,Low,False,1753.05,4.72,115,100-161,32.5
Eastern Gas Transmission and Storage - Gilmore Station (Tran),FLIGHT,Natural Gas Processing,High,,486210,26596,False,4.8,1-10 MW,40.28667,-81.46528,OH,80.69,False,41.01228,-81.45944,Ohio,federal,150.8,4973,2321,Sedimentary,Shale,0.1804,Low,False,1151.84,5.18,-999999,NOT AVAILABLE,32.5
Eastern Gas Transmission and Storage - Punxsutawney Station (Tran),FLIGHT,Natural Gas Processing,High,,486210,27798,False,5.0,1-10 MW,40.9099,-79.0182,PA,171.31,False,41.07495,-81.04759,Ohio,federal,150.1,4998,2692,Sedimentary,Shale,0.1369,Low,False,1340.95,15.13,115,100-161,32.5
Ingredion Incorporated,FLIGHT,Ethanol,High,,311221,26387,False,4.8,1-10 MW,36.03249,-80.2287,NC,76.79,False,36.68801,-80.49846,Virginia,federal,150.4,4987,0,Sedimentary,Sandstone,0.1126,Low,False,920.72,0.02,-999999,NOT AVAILABLE,32.5
Marietta,FLIGHT,Natural Gas Processing,High,,486210,27496,False,5.0,1-10 MW,40.06251,-76.57777,PA,140.08,False,39.6962,-75.00712,New Jersey,federal,150.0,5000,728,Unconsolidated,Unconsolidated,0.1142,Low,False,1433.51,0.64,69,UNDER 100,32.5
"NGPL Station 206 Storage, St Elmo, IL",FLIGHT,Natural Gas Processing,High,,486210,24263,False,4.4,1-10 MW,39.10217,-88.86,IL,82.3,False,38.50546,-89.42189,Illinois,federal,151.8,4936,2139,Sedimentary,Shale,0.2194,Moderate,False,631.92,2.04,69,UNDER 100,32.5
COLUMBIA GAS TRANS CORP CRAWFORD COMPRESSOR STATION,FLIGHT,Natural Gas Processing,High,,486210,24250,False,4.4,1-10 MW,39.63194,-82.55583,OH,168.56,False,41.01228,-81.73401,Ohio,federal,151.0,4966,2053,Sedimentary,Shale,0.1819,Low,False,1035.27,0.97,69,UNDER 100,32.4
Great Lakes Gas Transmission Pipeline Farwell CS#12,FLIGHT,Natural Gas Processing,High,,486210,19625,False,3.5,1-10 MW,43.9357,-84.9383,MI,142.69,False,44.89786,-86.12708,Unknown,unknown,154.3,4844,175,Other,Water,,,False,1181.02,25.3,69,UNDER 100,32.4
Majorsville Compressor Station,FLIGHT,Natural Gas Processing,High,,486210,25961,False,4.7,1-10 MW,39.96303,-80.55411,WV,130.49,False,41.07495,-81.04759,Ohio,federal,150.1,4998,2692,Sedimentary,Shale,0.1369,Low,False,1175.51,0.9,-999999,NOT AVAILABLE,32.4
Salineville,FLIGHT,Natural Gas Processing,High,,486210,25915,False,4.7,1-10 MW,40.67818,-80.86007,OH,46.85,True,41.07495,-81.04759,Ohio,federal,150.1,4998,2692,Sedimentary,Shale,0.1369,Low,False,1218.71,1.12,138,100-161,32.4
"TGP Station 118A, Charleston, WV",FLIGHT,Natural Gas Processing,High,,486210,24961,False,4.5,1-10 MW,38.41689,-81.70592,WV,195.53,False,36.87602,-80.63574,Virginia,federal,150.7,4978,0,Metamorphic,Gneiss,0.1364,Low,False,981.41,4.37,138,100-161,32.4
Accident Station,FLIGHT,Natural Gas Processing,High,,486210,24516,False,4.4,1-10 MW,39.63367,-79.34048,MD,159.67,False,38.38012,-78.43921,Virginia,federal,150.9,4969,0,Metamorphic,Metamorphic,0.1487,Low,False,1221.53,4.15,138,100-161,32.3
Columbia Gas Transmission - Terra Alta CS,FLIGHT,Natural Gas Processing,High,,486210,23940,False,4.3,1-10 MW,39.4204,-79.54534,WV,150.14,False,38.38012,-78.43921,Virginia,federal,150.9,4969,0,Metamorphic,Metamorphic,0.1487,Low,False,1192.51,1.0,-999999,100-161,32.3
ANR Pipeline Hamilton CS,FLIGHT,Natural Gas Processing,High,,486210,17252,False,3.1,1-10 MW,42.66817,-85.95643,MI,248.31,False,44.89786,-86.12708,Unknown,unknown,154.3,4844,175,Other,Water,,,False,1032.09,8.77,345,345,32.2
Blue Racer Midstream LLC - Berne Plant,FLIGHT,Natural Gas Processing,High,,211130,23574,False,4.2,1-10 MW,39.7694,-81.28973,OH,138.95,False,41.01228,-81.45944,Ohio,federal,150.8,4973,2321,Sedimentary,Shale,0.1804,Low,False,1118.45,0.26,-999999,NOT AVAILABLE,32.2
COLUMBIA GAS TRANSMISSION LLC WAYNESBURG COMPRESSOR STATION,FLIGHT,Natural Gas Processing,High,,486210,24293,False,4.4,1-10 MW,39.85917,-80.16694,PA,154.36,False,41.07495,-81.04759,Ohio,federal,150.1,4998,2692,Sedimentary,Shale,0.1369,Low,False,1189.2,4.12,-999999,NOT AVAILABLE,32.2
PANHANDLE EASTERN PIPE LINE CO - TUSCOLA,FLIGHT,Natural Gas Processing,High,,486210,21876,False,3.9,1-10 MW,39.79024,-88.35865,IL,169.75,False,38.50546,-89.42189,Illinois,federal,151.8,4936,2139,Sedimentary,Shale,0.2194,Moderate,False,699.93,7.29,69,UNDER 100,32.2
Seneca Gas Processing Plant,FLIGHT,Natural Gas Processing,High,,211130,23283,False,4.2,1-10 MW,39.80227,-81.34657,OH,134.89,False,41.01228,-81.45944,Ohio,federal,150.8,4973,2321,Sedimentary,Shale,0.1804,Low,False,1118.22,0.68,138,100-161,32.2
Aztalan Bio LLC,FLIGHT,Ethanol,High,,325193,15063,False,2.7,1-10 MW,43.03513,-88.79156,WI,214.81,False,44.96053,-89.01004,Wisconsin,federal,155.1,4827,29,Igneous,Granite,0.0741,Very low/none,False,881.95,6.33,138,100-161,32.1
COLUMBIA GAS TRANSMISSION LLC LUCAS COMPRESSOR STATION,FLIGHT,Natural Gas Processing,High,,486210,22128,False,4.0,1-10 MW,40.70518,-82.36002,OH,62.75,False,41.01228,-81.73401,Ohio,federal,151.0,4966,2053,Sedimentary,Shale,0.1819,Low,False,1136.82,13.21,138,100-161,32.1
Uniontown,FLIGHT,Natural Gas Processing,High,,486210,23467,False,4.2,1-10 MW,39.93126,-79.66757,PA,172.59,False,41.07495,-81.04759,Ohio,federal,150.1,4998,2692,Sedimentary,Shale,0.1369,Low,False,1224.55,0.3,138,100-161,32.1
Dixon Springs,FLIGHT,Natural Gas Processing,High,,486210,20060,False,3.6,1-10 MW,36.3636,-86.07348,TN,82.02,False,35.68528,-85.71523,Tennessee,federal,151.5,4948,2070,Sedimentary,Limestone,0.2031,Moderate,False,558.87,0.81,161,100-161,32.0
Revolution Cryogenic Plant,FLIGHT,Natural Gas Processing,High,,211130,21981,False,4.0,1-10 MW,40.41179,-80.34972,PA,94.31,False,41.07495,-81.04759,Ohio,federal,150.1,4998,2692,Sedimentary,Shale,0.1369,Low,False,1224.55,1.6,-999999,NOT AVAILABLE,32.0
TGP Station 245 West Winfield,FLIGHT,Natural Gas Processing,High,,486210,17269,False,3.1,1-10 MW,42.87434,-75.17119,NY,183.35,False,42.64172,-72.94787,Massachusetts,federal,153.3,4897,3,Metamorphic,Metamorphic,0.1421,Low,False,1721.75,1.33,-999999,UNDER 100,32.0
ANR Pipeline E.G. Hill CS,FLIGHT,Natural Gas Processing,High,,486210,9261,False,1.7,1-10 MW,36.30068,-101.61578,TX,139.06,False,36.12398,-103.15023,New Mexico,federal,156.8,4777,1199,Unconsolidated,Unconsolidated,0.7577,Severe,False,31.2,1.28,345,345,31.9
Eastern Gas Transmission and Storage - Carroll Station (Tran),FLIGHT,Natural Gas Processing,High,,486210,20879,False,3.8,1-10 MW,40.53389,-80.93278,OH,60.93,False,41.07495,-81.04759,Ohio,federal,150.1,4998,2692,Sedimentary,Shale,0.1369,Low,False,1202.93,1.97,345,345,31.9
Great Lakes Gas Transmission Pipeline Shevlin CS#3,FLIGHT,Natural Gas Processing,High,,486210,20674,False,3.7,1-10 MW,47.58487,-95.20502,MN,270.81,False,45.27389,-94.08952,Minnesota,federal,150.5,4983,56,,,0.2105,Moderate,False,497.93,6.28,115,100-161,31.9
Northern Natural Gas - Albert Lea,FLIGHT,Natural Gas Processing,High,,486210,20448,False,3.7,1-10 MW,43.82565,-93.39786,MN,170.11,False,45.27389,-94.08952,Minnesota,federal,150.5,4983,56,,,0.2105,Moderate,False,763.59,0.91,69,UNDER 100,31.9
ANR Pipeline Sandwich CS,FLIGHT,Natural Gas Processing,High,,486210,4084,False,0.7,<1 MW,41.6227,-88.58362,IL,337.57,False,38.81881,-90.1083,Illinois,federal,159.6,4678,984,,,0.2823,Moderate,False,788.51,5.41,345,345,31.8
COLUMBIA GAS TRANSMISSION PAVONIA STATION,FLIGHT,Natural Gas Processing,High,,486210,17572,False,3.2,1-10 MW,40.81944,-82.42056,OH,61.54,False,41.01228,-81.73401,Ohio,federal,151.0,4966,2053,Sedimentary,Shale,0.1819,Low,False,1143.54,3.67,138,100-161,31.8
Eastern Gas Transmission and Storage - Crayne Station (Tran),FLIGHT,Natural Gas Processing,High,,486210,19522,False,3.5,1-10 MW,39.9197,-80.1232,PA,150.37,False,41.07495,-81.04759,Ohio,federal,150.1,4998,2692,Sedimentary,Shale,0.1369,Low,False,1196.67,6.98,-999999,NOT AVAILABLE,31.8
Eastern Gas Transmission and Storage - Groveport Station (Tran),FLIGHT,Natural Gas Processing,High,,486210,18805,False,3.4,1-10 MW,39.8121,-82.8423,OH,163.14,False,41.01228,-81.73401,Ohio,federal,151.0,4966,2053,Sedimentary,Shale,0.1819,Low,False,1034.3,3.44,69,UNDER 100,31.8
Texas Gas Transmission - Midland Storage Field,FLIGHT,Natural Gas Processing,High,,486210,16335,False,2.9,1-10 MW,37.32933,-87.24193,KY,133.23,False,36.5,-88.32362,Kentucky,federal,152.4,4911,3891,,,0.2384,Moderate,False,587.77,1.5,161,100-161,31.8
Parallel Products Inc (Louisville),Ethanol(EIA),Ethanol,High,,325193,17160,True,3.1,1-10 MW,38.2175,-85.7859,Kentucky,281.64,False,35.68528,-85.71523,Tennessee,federal,151.5,4948,2070,Sedimentary,Limestone,0.2031,Moderate,False,739.11,0.39,138,100-161,31.8
Great Lakes Gas Transmission Pipeline Boyne Falls CS#11,FLIGHT,Natural Gas Processing,High,,486210,11802,False,2.1,1-10 MW,45.27013,-84.7292,MI,117.29,False,44.89786,-86.12708,Unknown,unknown,154.3,4844,175,Other,Water,,,False,1287.63,6.73,138,100-161,31.7
Texas Gas Transmission - Dillsboro Station,FLIGHT,Natural Gas Processing,High,,486210,17110,False,3.1,1-10 MW,39.01792,-85.01394,IN,356.61,False,41.01228,-81.73401,Ohio,federal,151.0,4966,2053,Sedimentary,Shale,0.1819,Low,False,850.48,0.61,138,100-161,31.7
Great Lakes Gas Transmission Pipeline Iron River CS#6,FLIGHT,Natural Gas Processing,High,,486210,14627,False,2.6,1-10 MW,46.6083,-91.2695,WI,92.14,False,45.90059,-91.89299,Wisconsin,federal,152.3,4927,43,Sedimentary,Sandstone,0.2231,Moderate,False,804.28,0.03,-999999,100-161,31.6
NFGSC ROYSTONE STATION,FLIGHT,Natural Gas Processing,High,,486210,15319,False,2.8,1-10 MW,41.72209,-78.97074,PA,173.32,False,41.57632,-81.04759,Ohio,federal,151.5,4949,2202,Sedimentary,Shale,0.1828,Low,False,1410.37,8.46,230,220-287,31.6
PANHANDLE EASTERN PIPE LINE CO - PLEASANT HILL,FLIGHT,Natural Gas Processing,High,,486210,12993,False,2.3,1-10 MW,39.47354,-90.91545,IL,86.08,False,38.81881,-90.38287,Missouri,federal,152.8,4900,985,Unconsolidated,Unconsolidated,0.2824,Moderate,False,489.47,1.45,138,100-161,31.6
TRANSCO STATION 140,FLIGHT,Natural Gas Processing,High,,486210,17631,False,3.2,1-10 MW,34.84694,-82.01056,SC,95.8,False,34.05585,-81.59673,South Carolina,federal,150.1,4998,81,Igneous,Volcanic,0.1969,Low,False,716.29,0.65,-999999,NOT AVAILABLE,31.6
Columbia Gas Transmission LLC - Oak Hill Compressor Station,FLIGHT,Natural Gas Processing,High,,486210,14780,False,2.7,1-10 MW,38.92894,-82.54751,OH,241.8,False,41.01228,-81.73401,Ohio,federal,151.0,4966,2053,Sedimentary,Shale,0.1819,Low,False,978.14,2.08,-999999,100-161,31.5
Tate & Lyle Sucralose LLC,FLIGHT,Petrochemicals,Medium,,325199,101450,False,18.3,10-20 MW,31.22534,-88.07053,AL,54.27,False,31.23567,-87.49992,Alabama,application,152.1,4923,4902,Unconsolidated,Unconsolidated,0.1495,Low,False,86.28,1.02,115,100-161,31.5
"Farmington Compressor Station (Farmington, MN)",FLIGHT,Natural Gas Processing,High,,486210,14792,False,2.7,1-10 MW,44.64174,-93.16174,MN,101.34,False,45.27389,-94.08952,Minnesota,federal,150.5,4983,56,,,0.2105,Moderate,False,733.49,5.3,115,100-161,31.4
NFGSC INDEPENDENCE STATION,FLIGHT,Natural Gas Processing,High,,486210,13334,False,2.4,1-10 MW,42.08807,-77.78398,NY,276.3,False,41.57632,-81.04759,Ohio,federal,151.5,4949,2202,Sedimentary,Shale,0.1828,Low,False,1506.7,6.39,115,100-161,31.4
Oakland Compressor Station,FLIGHT,Natural Gas Processing,High,,486210,12857,False,2.3,1-10 MW,41.31802,-95.30277,IA,86.68,False,41.88967,-96.01149,Iowa,federal,151.8,4938,622,Sedimentary,Shale,0.3542,Moderate,False,475.96,3.19,69,UNDER 100,31.4
"PACIFIC ETHANOL CANTON, LLC",FLIGHT,Ethanol,High,,325193,,False,,,40.50134,-90.00627,IL,187.29,False,38.81881,-90.1083,Illinois,federal,159.6,4678,984,,,0.2823,Moderate,False,618.04,1.78,345,345,31.4
Sarsen Gas Processing Plant,FLIGHT,Natural Gas Processing,High,,211130,14868,False,2.7,1-10 MW,40.81476,-80.04373,PA,89.14,False,41.07495,-81.04759,Ohio,federal,150.1,4998,2692,Sedimentary,Shale,0.1369,Low,False,1275.4,2.81,-999999,NOT AVAILABLE,31.4
VECTOR PIPELINE LP Joliet,FLIGHT,Natural Gas Processing,High,,486210,,False,,,41.46488,-88.13175,IL,338.8,False,38.81881,-90.1083,Illinois,federal,159.6,4678,984,,,0.2823,Moderate,False,808.32,2.69,138,100-161,31.4
Waterloo Compressor Station,FLIGHT,Natural Gas Processing,High,,486210,12578,False,2.3,1-10 MW,42.39946,-92.32786,IA,269.95,False,42.20303,-95.59964,Iowa,federal,150.8,4972,687,Sedimentary,Sandstone,0.231,Moderate,False,657.58,3.15,161,100-161,31.3
COLUMBIA GAS TRANS LLC SALISBURY COMP STA,FLIGHT,Natural Gas Processing,High,,486210,12256,False,2.2,1-10 MW,39.72337,-79.00823,PA,157.24,False,38.38012,-78.43921,Virginia,federal,150.9,4969,0,Metamorphic,Metamorphic,0.1487,Low,False,1249.19,8.66,138,100-161,31.2
Southern Star-Saginaw Compressor Station,FLIGHT,Natural Gas Processing,High,,486210,11769,False,2.1,1-10 MW,37.01773,-94.47951,MO,159.02,False,35.62261,-94.08952,Arkansas,federal,151.2,4957,1816,Sedimentary,Sandstone,0.2635,Moderate,False,98.68,3.9,-999999,NOT AVAILABLE,31.2
"Waupaca Foundry, Inc.",FLIGHT,Iron & Steel,Medium,,331511,210471,False,37.9,20-50 MW,37.98683,-86.76957,IN,197.09,False,37.37739,-88.87275,Illinois,federal,151.5,4946,4094,Sedimentary,Limestone,0.2635,Moderate,False,671.87,1.84,69,UNDER 100,31.2
Wrenshall LNG Storage,FLIGHT,Natural Gas Processing,High,,486210,9855,False,1.8,1-10 MW,46.6054,-92.38528,MN,87.03,False,45.90059,-91.89299,Wisconsin,federal,152.3,4927,43,Sedimentary,Sandstone,0.2231,Moderate,False,720.38,3.33,115,100-161,31.2
Blue Mound Compressor Station,FLIGHT,Natural Gas Processing,High,,486210,,False,,,39.71133,-89.27034,IL,122.16,False,38.75614,-89.97102,Illinois,federal,157.5,4753,1518,Sedimentary,Shale,0.2006,Moderate,False,625.55,15.94,138,100-161,31.1
"Eastern Gas Transmission and Storage - Hastings Complex (Proc,Tran)",FLIGHT,Natural Gas Processing,High,,211130,11954,False,2.2,1-10 MW,39.55139,-80.67806,WV,172.29,False,41.07495,-81.04759,Ohio,federal,150.1,4998,2692,Sedimentary,Shale,0.1369,Low,False,1134.38,2.24,138,100-161,31.1
Woodchopping Ridge,FLIGHT,Natural Gas Processing,High,,486210,,False,,,44.98966,-68.08758,ME,74.96,False,44.33383,-67.86838,Unknown,unknown,157.3,4755,2,Other,Water,0.1571,Low,False,2316.48,28.58,115,100-161,31.1
Dynamic Recycling LLC (Bristol),Ethanol(EIA),Ethanol,High,,325193,11440,True,2.1,1-10 MW,36.5613,-82.1707,Tennessee,138.53,False,36.75068,-80.63574,Virginia,federal,150.0,5000,0,Metamorphic,Gneiss,0.1087,Low,False,809.51,1.45,-999999,NOT AVAILABLE,31.1
"NGPL Station 108 Truro, IA",FLIGHT,Natural Gas Processing,High,,486210,10242,False,1.8,1-10 MW,41.22777,-93.77834,IA,186.04,False,42.20303,-95.59964,Iowa,federal,150.8,4972,687,Sedimentary,Sandstone,0.231,Moderate,False,490.81,11.42,345,345,31.0
Northern Natural Gas - Ventura Compressor Station,FLIGHT,Natural Gas Processing,High,,486210,9164,False,1.7,1-10 MW,43.15702,-93.51254,IA,200.89,False,42.20303,-95.59964,Iowa,federal,150.8,4972,687,Sedimentary,Sandstone,0.231,Moderate,False,702.34,6.19,161,100-161,31.0
PANHANDLE EASTERN PIPE LINE CO - HOUSTONIA,FLIGHT,Natural Gas Processing,High,,486210,11171,False,2.0,1-10 MW,38.84615,-93.36692,MO,229.04,False,38.06677,-90.932,Missouri,federal,150.1,4996,329,,,0.2073,Moderate,False,279.66,9.57,161,100-161,31.0
ANR Pipeline LaGrange CS,FLIGHT,Natural Gas Processing,High,,486210,6125,False,1.1,1-10 MW,41.6413,-85.4685,IN,316.51,False,41.13763,-81.73401,Ohio,federal,152.1,4930,2024,Sedimentary,Shale,0.1617,Low,False,1008.53,4.39,-999999,NOT AVAILABLE,30.9
"Finnefrock Station - Dominion Transmission, Inc",FLIGHT,Natural Gas Processing,High,,486210,,False,,,41.42549,-77.85705,PA,265.96,False,41.45098,-81.04759,Ohio,federal,156.2,4797,2287,Sedimentary,Shale,0.1641,Low,False,1449.97,12.17,230,220-287,30.9
ANR Pipeline Goodman CS,FLIGHT,Natural Gas Processing,High,,486210,,False,,,45.6536,-88.38665,WI,91.19,False,44.96053,-89.01004,Wisconsin,federal,155.1,4827,29,Igneous,Granite,0.0741,Very low/none,False,1044.27,3.55,69,UNDER 100,30.8
ANR Pipeline Lineville CS,FLIGHT,Natural Gas Processing,High,,486210,7995,False,1.4,1-10 MW,40.63004,-93.54011,IA,245.11,False,42.20303,-95.59964,Iowa,federal,150.8,4972,687,Sedimentary,Sandstone,0.231,Moderate,False,436.55,18.42,69,UNDER 100,30.8
ROSE BUD COMPRESSOR STATION,FLIGHT,Natural Gas Processing,High,,211112,,False,,,35.31661,-92.04454,AR,61.33,False,34.80789,-92.30484,Arkansas,federal,155.5,4806,0,Sedimentary,Sandstone,0.3908,Moderate,False,319.98,1.98,-999999,UNDER 100,30.8
COLUMBIA GAS TRANSMISSION LLC COCO COMPRESSOR STATION,FLIGHT,Natural Gas Processing,High,,486210,7113,False,1.3,1-10 MW,38.40262,-81.4162,WV,181.72,False,36.93869,-80.49846,Virginia,federal,150.5,4983,0,Metamorphic,Gneiss,0.1066,Low,False,997.65,4.22,-999999,100-161,30.7
"IES DOWNSTREAM, LLC - KAPOLEI REFINERY",FLIGHT,Petroleum Refining,Medium,,324110,,False,,,21.3105,-158.1107,HI,3815.37,False,38.81881,-123.60547,Unknown,unknown,274.5,2333,144,,,0.1474,Low,False,5000.93,0.9,138,100-161,30.7
Par West Refinery,FLIGHT,Petroleum Refining,Medium,,324110,0,False,0.0,<1 MW,21.31349,-158.11379,HI,3815.41,False,38.81881,-123.60547,Unknown,unknown,274.5,2333,144,,,0.1474,Low,False,5001.03,1.35,138,100-161,30.7
RCS 305 Michigan Basin - CO2,FLIGHT,Natural Gas Processing,High,,211130,1359,False,0.2,<1 MW,44.78132,-85.63936,MI,40.58,True,44.89786,-86.12708,Unknown,unknown,154.3,4844,175,Other,Water,,,False,1198.09,1.39,69,UNDER 100,30.7
SMI STEEL LLC,FLIGHT,Iron & Steel,Medium,,331110,95473,False,17.2,10-20 MW,33.5341,-86.75793,AL,158.29,False,34.80789,-85.9898,Alabama,application,150.8,4972,2134,Sedimentary,Limestone,0.1702,Low,False,274.33,0.15,115,100-161,30.7
ANR Pipeline Lincoln Gas Storage Facility,FLIGHT,Natural Gas Processing,High,,486210,,False,,,43.94212,-84.93902,MI,142.11,False,44.89786,-86.12708,Unknown,unknown,154.3,4844,175,Other,Water,,,False,1181.4,24.96,69,UNDER 100,30.6
Consumers Energy Muskegon River Compressor Station,FLIGHT,Natural Gas Processing,High,,486210,,False,,,44.08216,-85.01423,MI,126.56,False,44.89786,-86.12708,Unknown,unknown,154.3,4844,175,Other,Water,,,False,1186.04,17.91,69,UNDER 100,30.6
Core Energy Otsego County EOR Operations,FLIGHT,Natural Gas Processing,High,,211120,,False,,,45.03384,-84.51147,MI,128.0,False,44.89786,-86.12708,Unknown,unknown,154.3,4844,175,Other,Water,,,False,1283.43,7.89,69,UNDER 100,30.6
"Independence Hub, Mississippi Canyon 920 Platform",FLIGHT,Natural Gas Processing,High,,211120,,False,,,28.0851,-86.0142,LA,194.47,False,29.60623,-85.02881,Unknown,unknown,153.9,4859,3068,Other,Water,0.2416,Moderate,False,469.71,193.35,69,UNDER 100,30.6
Palo Duro Gas Processing Facility,FLIGHT,Natural Gas Processing,High,,211111,,False,,,32.2628,-104.14458,NM,87.28,False,32.2384,-105.0722,New Mexico,federal,154.1,4849,1512,Unconsolidated,Unconsolidated,0.2401,Moderate,False,32.69,9.92,69,UNDER 100,30.6
VECTOR PIPELINE LP Springville,FLIGHT,Natural Gas Processing,High,,486210,,False,,,41.67256,-86.68033,IN,361.42,False,44.89786,-86.12708,Unknown,unknown,154.3,4844,175,Other,Water,,,False,922.2,3.71,138,100-161,30.6
Agave Dagger Draw Gas Plant,FLIGHT,Natural Gas Processing,High,,211111,,False,,,32.71629,-104.44602,NM,46.71,True,32.80243,-104.93492,New Mexico,federal,153.4,4880,1666,Sedimentary,Limestone,0.4265,High,False,63.86,4.16,69,UNDER 100,30.5
CATERPILLAR INC.-MAPLETON,FLIGHT,Iron & Steel,Medium,,331511,189158,False,34.1,20-50 MW,40.55934,-89.74799,IL,195.98,False,38.81881,-90.1083,Illinois,federal,159.6,4678,984,,,0.2823,Moderate,False,639.46,0.34,69,UNDER 100,30.5
Gravel Hill CPF-2,FLIGHT,Natural Gas Processing,High,,213112,,False,,,35.45852,-92.60289,AR,65.24,False,35.05858,-93.12854,Arkansas,federal,153.3,4875,4795,,,0.2548,Moderate,False,318.06,4.83,-999999,NOT AVAILABLE,30.5
Gravel Hill CPF-3,FLIGHT,Natural Gas Processing,High,,213112,,False,,,35.43067,-92.60871,AR,62.77,False,35.05858,-93.12854,Arkansas,federal,153.3,4875,4795,,,0.2548,Moderate,False,319.34,6.67,-999999,NOT AVAILABLE,30.5
Gravel Hill CPF-4,FLIGHT,Natural Gas Processing,High,,213112,,False,,,35.49245,-92.70778,AR,61.53,False,35.05858,-93.12854,Arkansas,federal,153.3,4875,4795,,,0.2548,Moderate,False,308.07,4.66,-999999,NOT AVAILABLE,30.5
"IROQUOIS GAS TRANSMISSION SYSTEM, L.P. - WRIGHT COMPRESSOR STATION",FLIGHT,Natural Gas Processing,High,,486210,,False,,,42.69996,-74.22811,NY,104.87,False,42.64172,-72.94787,Massachusetts,federal,153.3,4897,3,Metamorphic,Metamorphic,0.1421,Low,False,1768.04,4.16,-999999,100-161,30.5
Little Red River Compressor Station,FLIGHT,Natural Gas Processing,High,,211111,,False,,,35.3494,-91.62969,AR,63.45,False,35.30926,-90.932,Arkansas,federal,153.1,4889,4383,Unconsolidated,Unconsolidated,0.403,High,False,315.81,8.24,161,100-161,30.5
Mexico Compressor Station,FLIGHT,Natural Gas Processing,High,,486210,3866,False,0.7,<1 MW,39.23493,-91.74415,MO,118.42,False,38.75614,-90.52015,Missouri,federal,150.9,4968,1102,Sedimentary,Limestone,0.2825,Moderate,False,415.36,9.08,69,UNDER 100,30.5
POINT REMOVE COMPRESSOR STATION,FLIGHT,Natural Gas Processing,High,,211112,,False,,,35.29642,-92.67852,AR,48.71,True,35.05858,-93.12854,Arkansas,federal,153.3,4875,4795,,,0.2548,Moderate,False,322.82,4.81,161,100-161,30.5
Phillips Mountain CPF-1,FLIGHT,Natural Gas Processing,High,,213112,,False,,,35.37438,-92.70554,AR,52.05,False,35.05858,-93.12854,Arkansas,federal,153.3,4875,4795,,,0.2548,Moderate,False,315.72,6.98,-999999,NOT AVAILABLE,30.5
Phillips Mountain CPF-2,FLIGHT,Natural Gas Processing,High,,213112,,False,,,35.40863,-92.6673,AR,57.18,False,35.05858,-93.12854,Arkansas,federal,153.3,4875,4795,,,0.2548,Moderate,False,316.35,4.69,-999999,NOT AVAILABLE,30.5
Pike CPF-1,FLIGHT,Natural Gas Processing,High,,213112,,False,,,35.32605,-92.67849,AR,50.57,False,35.05858,-93.12854,Arkansas,federal,153.3,4875,4795,,,0.2548,Moderate,False,320.87,7.96,161,100-161,30.5
RUSSELL CMP STN,FLIGHT,Natural Gas Processing,High,,486210,603,False,0.1,<1 MW,35.34466,-91.5143,AR,52.97,False,35.30926,-90.932,Arkansas,federal,153.1,4889,4383,Unconsolidated,Unconsolidated,0.403,High,False,311.63,1.53,161,100-161,30.5
Scotland CPF-2,FLIGHT,Natural Gas Processing,High,,213112,,False,,,35.507,-92.61643,AR,68.17,False,35.05858,-93.12854,Arkansas,federal,153.3,4875,4795,,,0.2548,Moderate,False,314.09,0.74,-999999,NOT AVAILABLE,30.5
South Brownie CPF-1,FLIGHT,Natural Gas Processing,High,,213112,,False,,,35.33059,-92.75106,AR,45.73,True,35.05858,-93.12854,Arkansas,federal,153.3,4875,4795,,,0.2548,Moderate,False,315.28,9.12,500,500,30.5
South Brownie CPF-2,FLIGHT,Natural Gas Processing,High,,213112,,False,,,35.36411,-92.78851,AR,45.92,True,35.05858,-93.12854,Arkansas,federal,153.3,4875,4795,,,0.2548,Moderate,False,310.33,11.08,-999999,NOT AVAILABLE,30.5
South Carlsbad Turbine Station,FLIGHT,Natural Gas Processing,High,,211130,,False,,,32.41187,-104.23954,NM,78.29,False,32.80243,-104.93492,New Mexico,federal,153.4,4880,1666,Sedimentary,Limestone,0.4265,High,False,51.51,2.33,115,100-161,30.5
Sturgeon CPF-1,FLIGHT,Natural Gas Processing,High,,213112,,False,,,35.42585,-92.8209,AR,49.48,True,35.05858,-93.12854,Arkansas,federal,153.3,4875,4795,,,0.2548,Moderate,False,303.89,10.54,-999999,NOT AVAILABLE,30.5
Texas Gas Transmission - Bald Knob Station,FLIGHT,Natural Gas Processing,High,,486210,,False,,,35.34694,-91.50028,AR,51.72,False,35.30926,-90.932,Arkansas,federal,153.1,4889,4383,Unconsolidated,Unconsolidated,0.403,High,False,311.45,2.26,161,100-161,30.5
Texas Gas Transmission - Clarksdale Station,FLIGHT,Natural Gas Processing,High,,486210,5111,False,0.9,<1 MW,34.15028,-90.6375,MS,92.02,False,33.99318,-91.61842,Arkansas,federal,150.1,4998,1439,Unconsolidated,Unconsolidated,0.4408,High,False,162.79,5.54,115,100-161,30.5
WILSON CREEK COMPRESSOR STATION,FLIGHT,Natural Gas Processing,High,,211112,,False,,,35.59724,-92.71701,AR,70.58,False,35.05858,-93.12854,Arkansas,federal,153.3,4875,4795,,,0.2548,Moderate,False,301.03,13.49,-999999,NOT AVAILABLE,30.5
XTO - Hattieville Compressor Station,FLIGHT,Natural Gas Processing,High,,211130,,False,,,35.2864,-92.7546,AR,42.39,True,35.05858,-93.12854,Arkansas,federal,153.3,4875,4795,,,0.2548,Moderate,False,318.0,4.25,500,500,30.5
AMERICAN GYPSUM CO /GYPSUM WALLBOARD PLT,FLIGHT,Minerals,Medium,,327420,92223,False,16.6,10-20 MW,34.66029,-99.58732,OK,39.96,True,34.55721,-99.16901,Oklahoma,application,150.3,4990,995,Unconsolidated,Unconsolidated,0.4771,High,False,139.21,1.91,69,UNDER 100,30.4
ANR Pipeline New Windsor CS,FLIGHT,Natural Gas Processing,High,,486210,,False,,,41.21009,-90.43646,IL,265.94,False,38.81881,-90.38287,Missouri,federal,152.8,4900,985,Unconsolidated,Unconsolidated,0.2824,Moderate,False,641.91,2.26,161,100-161,30.4
Airgas Therapeutics LLC - Scott Medical Products,FLIGHT,Industrial Gas,High,,325120,2299,False,0.4,<1 MW,40.38484,-75.14629,PA,58.73,False,40.32291,-74.45799,New Jersey,federal,151.4,4949,136,Unconsolidated,Unconsolidated,0.1264,Low,False,1553.48,1.81,500,500,30.4
Dunbar Compressor Station,FLIGHT,Natural Gas Processing,High,,213112,,False,,,42.1118,-75.72134,NY,224.84,False,40.38558,-74.3207,New Jersey,federal,152.4,4914,138,Unconsolidated,Unconsolidated,0.1321,Low,False,1631.98,5.15,-999999,UNDER 100,30.4
Empire Abo Gas Plant,FLIGHT,Natural Gas Processing,High,,211111,,False,,,32.77716,-104.25982,NM,62.74,False,33.11579,-104.79763,New Mexico,federal,152.5,4913,1351,Sedimentary,Limestone,0.277,Moderate,False,45.79,2.08,69,UNDER 100,30.4
Hanover (TE),FLIGHT,Natural Gas Processing,High,,486210,,False,,,40.79194,-74.42917,NJ,46.1,True,40.38558,-74.3207,New Jersey,federal,152.4,4914,138,Unconsolidated,Unconsolidated,0.1321,Low,False,1628.98,3.2,230,220-287,30.4
"TGP Station 79, Lobelville, TN",FLIGHT,Natural Gas Processing,High,,486210,,False,,,35.77864,-87.78661,TN,51.5,False,35.62261,-88.32362,Tennessee,federal,152.7,4903,2228,Unconsolidated,Unconsolidated,0.1564,Low,False,414.96,8.05,161,100-161,30.4
Texas Gas Transmission - Jeffersontown Station,FLIGHT,Natural Gas Processing,High,,486210,2385,False,0.4,<1 MW,38.21658,-85.56786,KY,281.77,False,35.68528,-85.71523,Tennessee,federal,151.5,4948,2070,Sedimentary,Limestone,0.2031,Moderate,False,750.01,0.55,138,100-161,30.4
Tompkinsville,FLIGHT,Natural Gas Processing,High,,486210,1792,False,0.3,<1 MW,36.83409,-85.67256,KY,127.8,False,35.68528,-85.71523,Tennessee,federal,151.5,4948,2070,Sedimentary,Limestone,0.2031,Moderate,False,621.94,0.37,161,100-161,30.4
ANDERSON DEVELOPMENT COMPANY,FLIGHT,Industrial Gas,High,,325120,,False,,,41.89139,-84.0175,MI,207.77,False,41.13763,-81.73401,Ohio,federal,152.1,4930,2024,Sedimentary,Shale,0.1617,Low,False,1128.93,0.6,138,100-161,30.3
ANR Pipeline Defiance CS,FLIGHT,Natural Gas Processing,High,,486210,,False,,,41.35003,-84.36076,OH,220.88,False,41.13763,-81.73401,Ohio,federal,152.1,4930,2024,Sedimentary,Shale,0.1617,Low,False,1078.6,2.23,138,100-161,30.3
ANR Pipeline Shelbyville CS,FLIGHT,Natural Gas Processing,High,,486210,,False,,,39.43997,-85.87669,IN,323.58,False,38.50546,-89.42189,Illinois,federal,151.8,4936,2139,Sedimentary,Shale,0.2194,Moderate,False,850.76,8.57,69,UNDER 100,30.3
ANR Pipeline St. John CS,FLIGHT,Natural Gas Processing,High,,486210,,False,,,41.43092,-87.48806,IN,364.63,False,38.50546,-89.42189,Illinois,federal,151.8,4936,2139,Sedimentary,Shale,0.2194,Moderate,False,850.88,0.35,345,345,30.3
COVATION BIOMATERIALS KINSTON SITE,FLIGHT,Petrochemicals,Medium,,325211,34955,False,6.3,1-10 MW,35.3306,-77.4772,NC,24.93,True,35.30926,-77.20366,North Carolina,federal,150.3,4990,153,Sedimentary,Limestone,0.1423,Low,False,1118.82,0.11,115,100-161,30.3
Equistar Tuscola Plant,FLIGHT,Ethanol,High,,325193,,False,,,39.7983,-88.3501,IL,170.9,False,38.50546,-89.42189,Illinois,federal,151.8,4936,2139,Sedimentary,Shale,0.2194,Moderate,False,700.96,6.6,69,UNDER 100,30.3
MGT Potomac 2118,FLIGHT,Natural Gas Processing,High,,486210,,False,,,40.35758,-87.82584,IL,247.38,False,38.50546,-89.42189,Illinois,federal,151.8,4936,2139,Sedimentary,Shale,0.2194,Moderate,False,767.63,11.17,138,100-161,30.3
PANHANDLE EASTERN PIPE LINE CO - EDGERTON,FLIGHT,Natural Gas Processing,High,,486210,,False,,,41.03844,-84.81051,IN,258.06,False,41.13763,-81.73401,Ohio,federal,152.1,4930,2024,Sedimentary,Shale,0.1617,Low,False,1030.61,2.06,138,100-161,30.3
PANHANDLE EASTERN PIPE LINE CO - MONTEZUMA,FLIGHT,Natural Gas Processing,High,,486210,,False,,,39.80435,-87.35126,IN,229.63,False,38.50546,-89.42189,Illinois,federal,151.8,4936,2139,Sedimentary,Shale,0.2194,Moderate,False,780.3,2.94,69,UNDER 100,30.3
PANHANDLE EASTERN PIPE LINE CO - ZIONSVILLE,FLIGHT,Natural Gas Processing,High,,486210,,False,,,39.92387,-86.25989,IN,314.75,False,38.50546,-89.42189,Illinois,federal,151.8,4936,2139,Sedimentary,Shale,0.2194,Moderate,False,872.53,0.85,138,100-161,30.3
TRUNKLINE GAS CO - AMBIA,FLIGHT,Natural Gas Processing,High,,486210,,False,,,40.52104,-87.5179,IN,277.31,False,38.50546,-89.42189,Illinois,federal,151.8,4936,2139,Sedimentary,Shale,0.2194,Moderate,False,799.05,13.25,-999999,NOT AVAILABLE,30.3
TRUNKLINE GAS CO - JOHNSONVILLE,FLIGHT,Natural Gas Processing,High,,486210,,False,,,38.4886,-88.5534,IL,75.6,False,38.50546,-89.42189,Illinois,federal,151.8,4936,2139,Sedimentary,Shale,0.2194,Moderate,False,638.98,0.93,69,UNDER 100,30.3
TRUNKLINE GAS CO - NORTH JUDSON,FLIGHT,Natural Gas Processing,High,,486210,,False,,,41.20588,-86.65798,IN,381.82,False,38.50546,-89.42189,Illinois,federal,151.8,4936,2139,Sedimentary,Shale,0.2194,Moderate,False,898.21,2.52,345,345,30.3
TRUNKLINE GAS CO - TUSCOLA,FLIGHT,Natural Gas Processing,High,,486210,,False,,,39.79042,-88.32465,IL,171.37,False,38.50546,-89.42189,Illinois,federal,151.8,4936,2139,Sedimentary,Shale,0.2194,Moderate,False,702.61,4.38,69,UNDER 100,30.3
VECTOR PIPELINE LP Athens,FLIGHT,Natural Gas Processing,High,,486210,,False,,,42.14355,-85.25584,MI,313.28,False,41.13763,-81.73401,Ohio,federal,152.1,4930,2024,Sedimentary,Shale,0.1617,Low,False,1050.44,10.71,138,100-161,30.3
"Valero Renewable Fuels, LLC DBA Valero Riga",FLIGHT,Ethanol,High,,325193,,False,,,41.8165,-83.8357,MI,190.66,False,41.13763,-81.73401,Ohio,federal,152.1,4930,2024,Sedimentary,Shale,0.1617,Low,False,1139.22,0.13,138,100-161,30.3
White Pigeon Compressor Station,FLIGHT,Natural Gas Processing,High,,486210,,False,,,41.80326,-85.58427,MI,329.19,False,41.13763,-81.73401,Ohio,federal,152.1,4930,2024,Sedimentary,Shale,0.1617,Low,False,1008.41,13.78,-999999,NOT AVAILABLE,30.3
Barto Compressor Station,FLIGHT,Natural Gas Processing,High,,211111,,False,,,41.27217,-76.66406,PA,213.59,False,40.32291,-74.45799,New Jersey,federal,151.4,4949,136,Unconsolidated,Unconsolidated,0.1264,Low,False,1511.74,14.42,230,220-287,30.2
CENTRAL Compressor Station,FLIGHT,Natural Gas Processing,High,,213112,,False,,,41.79801,-75.82681,PA,200.18,False,40.32291,-74.45799,New Jersey,federal,151.4,4949,136,Unconsolidated,Unconsolidated,0.1264,Low,False,1602.71,2.82,115,100-161,30.2
CHURCH Compressor Station,FLIGHT,Natural Gas Processing,High,,213112,,False,,,41.73689,-75.93104,PA,199.96,False,40.32291,-74.45799,New Jersey,federal,151.4,4949,136,Unconsolidated,Unconsolidated,0.1264,Low,False,1591.72,11.76,230,220-287,30.2
Canoe Run Compressor Station,FLIGHT,Natural Gas Processing,High,,211111,,False,,,41.26244,-77.25632,PA,257.68,False,40.32291,-74.45799,New Jersey,federal,151.4,4949,136,Unconsolidated,Unconsolidated,0.1264,Low,False,1473.95,5.54,-999999,NOT AVAILABLE,30.2
Cherry Compressor Station,FLIGHT,Natural Gas Processing,High,,211111,,False,,,41.52665,-76.34225,PA,207.3,False,40.32291,-74.45799,New Jersey,federal,151.4,4949,136,Unconsolidated,Unconsolidated,0.1264,Low,False,1550.54,21.85,-999999,NOT AVAILABLE,30.2
Cherry Flats Compressor Station,FLIGHT,Natural Gas Processing,High,,211111,,False,,,41.74663,-77.1224,PA,273.85,False,40.32291,-74.45799,New Jersey,federal,151.4,4949,136,Unconsolidated,Unconsolidated,0.1264,Low,False,1518.74,7.83,115,100-161,30.2
Cole Compressor Station,FLIGHT,Natural Gas Processing,High,,211111,,False,,,41.88202,-76.85413,PA,265.24,False,40.32291,-74.45799,New Jersey,federal,151.4,4949,136,Unconsolidated,Unconsolidated,0.1264,Low,False,1545.25,12.89,115,100-161,30.2
DCNR 595 Compressor Station,FLIGHT,Natural Gas Processing,High,,211111,,False,,,41.66369,-77.11939,PA,268.53,False,40.32291,-74.45799,New Jersey,federal,151.4,4949,136,Unconsolidated,Unconsolidated,0.1264,Low,False,1512.6,14.29,230,220-287,30.2
Dominion Energy Transmission - Harrison Station (Stor),FLIGHT,Natural Gas Processing,High,,486210,,False,,,41.98016,-77.68692,PA,282.25,False,41.57632,-81.04759,Ohio,federal,151.5,4949,2202,Sedimentary,Shale,0.1828,Low,False,1503.64,12.81,115,100-161,30.2
Edsell Compressor Station,FLIGHT,Natural Gas Processing,High,,211111,,False,,,41.80668,-76.20342,PA,220.52,False,40.32291,-74.45799,New Jersey,federal,151.4,4949,136,Unconsolidated,Unconsolidated,0.1264,Low,False,1579.64,9.62,115,100-161,30.2
Gibson Compressor Station,FLIGHT,Natural Gas Processing,High,,213112,,False,,,41.7399,-75.61152,PA,184.9,False,40.32291,-74.45799,New Jersey,federal,151.4,4949,136,Unconsolidated,Unconsolidated,0.1264,Low,False,1612.3,10.68,115,100-161,30.2
Granville Compressor Station,FLIGHT,Natural Gas Processing,High,,211111,,False,,,41.73049,-76.70787,PA,245.17,False,40.32291,-74.45799,New Jersey,federal,151.4,4949,136,Unconsolidated,Unconsolidated,0.1264,Low,False,1542.75,2.53,115,100-161,30.2
Hagerman Compressor Station,FLIGHT,Natural Gas Processing,High,,486210,,False,,,41.45731,-77.04759,PA,251.57,False,40.32291,-74.45799,New Jersey,federal,151.4,4949,136,Unconsolidated,Unconsolidated,0.1264,Low,False,1501.42,7.65,230,220-287,30.2
Hilltop Compressor Station,FLIGHT,Natural Gas Processing,High,,211111,,False,,,35.63154,-92.39277,AR,57.89,False,36.06131,-92.03027,Arkansas,federal,151.4,4950,1062,Sedimentary,Sandstone,0.2327,Moderate,False,324.37,1.26,-999999,NOT AVAILABLE,30.2
Hirkey Compressor Station,FLIGHT,Natural Gas Processing,High,,211111,,False,,,41.55322,-75.84414,PA,179.64,False,40.32291,-74.45799,New Jersey,federal,151.4,4949,136,Unconsolidated,Unconsolidated,0.1264,Low,False,1584.19,3.91,-999999,NOT AVAILABLE,30.2
INDIAN BASIN GAS PLANT,FLIGHT,Natural Gas Processing,High,,211120,,False,,,32.46667,-104.57056,NM,48.46,True,32.36374,-105.0722,New Mexico,federal,151.2,4951,1095,Sedimentary,Limestone,0.3594,Moderate,False,75.41,16.82,230,220-287,30.2
Lathrop Compressor Station,FLIGHT,Natural Gas Processing,High,,213112,,False,,,41.7127,-75.9185,PA,197.21,False,40.32291,-74.45799,New Jersey,federal,151.4,4949,136,Unconsolidated,Unconsolidated,0.1264,Low,False,1590.78,9.58,230,220-287,30.2
MGT CS Petersburg 2110,FLIGHT,Natural Gas Processing,High,,486210,,False,,,38.38862,-87.2021,IN,184.77,False,37.37739,-88.87275,Illinois,federal,151.5,4946,4094,Sedimentary,Limestone,0.2635,Moderate,False,694.8,1.23,69,UNDER 100,30.2
MGT CS Portland 2101,FLIGHT,Natural Gas Processing,High,,486210,,False,,,36.6202,-86.5634,TN,128.86,False,35.68528,-85.71523,Tennessee,federal,151.5,4948,2070,Sedimentary,Limestone,0.2031,Moderate,False,554.49,3.5,161,100-161,30.2
MILLER Compressor Station,FLIGHT,Natural Gas Processing,High,,213112,,False,,,41.78666,-75.74113,PA,195.1,False,40.32291,-74.45799,New Jersey,federal,151.4,4949,136,Unconsolidated,Unconsolidated,0.1264,Low,False,1607.34,3.88,115,100-161,30.2
North Yellowstone CPF-1,FLIGHT,Natural Gas Processing,High,,213112,,False,,,35.52196,-92.2994,AR,64.45,False,35.99864,-91.89299,Arkansas,federal,151.1,4962,1086,Sedimentary,Sandstone,0.2323,Moderate,False,337.72,7.54,-999999,NOT AVAILABLE,30.2
North Yellowstone CPF-2,FLIGHT,Natural Gas Processing,High,,213112,,False,,,35.49687,-92.3628,AR,69.56,False,36.06131,-92.03027,Arkansas,federal,151.4,4950,1062,Sedimentary,Sandstone,0.2327,Moderate,False,334.19,4.25,161,100-161,30.2
Northwest Charley CPF-2,FLIGHT,Natural Gas Processing,High,,213112,,False,,,35.57702,-92.17737,AR,53.44,False,35.99864,-91.89299,Arkansas,federal,151.1,4962,1086,Sedimentary,Sandstone,0.2323,Moderate,False,344.37,3.99,-999999,NOT AVAILABLE,30.2
Putnam Compressor Station,FLIGHT,Natural Gas Processing,High,,211111,,False,,,41.75671,-76.8383,PA,255.47,False,40.32291,-74.45799,New Jersey,federal,151.4,4949,136,Unconsolidated,Unconsolidated,0.1264,Low,False,1536.73,1.44,115,100-161,30.2
Stagecoach Junction Compressor Station,FLIGHT,Natural Gas Processing,High,,211111,,False,,,41.70791,-76.20768,PA,212.75,False,40.32291,-74.45799,New Jersey,federal,151.4,4949,136,Unconsolidated,Unconsolidated,0.1264,Low,False,1572.17,0.76,-999999,NOT AVAILABLE,30.2
State Lands Compressor Station,FLIGHT,Natural Gas Processing,High,,211111,,False,,,41.69962,-76.96784,PA,260.33,False,40.32291,-74.45799,New Jersey,federal,151.4,4949,136,Unconsolidated,Unconsolidated,0.1264,Low,False,1524.53,11.49,115,100-161,30.2
TGP Station 224 Clymer,FLIGHT,Natural Gas Processing,High,,486210,,False,,,42.0516,-79.6373,NY,128.27,False,41.57632,-81.04759,Ohio,federal,151.5,4949,2202,Sedimentary,Shale,0.1828,Low,False,1399.45,10.89,115,100-161,30.2
TGP Station 229 Hamburg,FLIGHT,Natural Gas Processing,High,,486210,,False,,,42.67937,-78.83147,NY,220.09,False,41.57632,-81.04759,Ohio,federal,151.5,4949,2202,Sedimentary,Shale,0.1828,Low,False,1495.65,4.15,230,220-287,30.2
TGP Station 266A Mendon,FLIGHT,Natural Gas Processing,High,,486210,,False,,,42.07804,-71.50657,MA,51.0,False,42.07768,-70.88862,Massachusetts,federal,151.1,4963,269,Sedimentary,Sandstone,0.1527,Low,False,1911.27,0.53,345,345,30.2
TRANSCO STATION 520,FLIGHT,Natural Gas Processing,High,,486210,,False,,,41.25996,-77.23097,PA,255.63,False,40.32291,-74.45799,New Jersey,federal,151.4,4949,136,Unconsolidated,Unconsolidated,0.1264,Low,False,1475.33,4.49,-999999,NOT AVAILABLE,30.2
TRUNKLINE GAS CO - SHAW,FLIGHT,Natural Gas Processing,High,,486210,,False,,,33.63101,-90.6911,MS,73.67,False,33.55448,-91.48114,Arkansas,federal,151.2,4954,1442,Unconsolidated,Unconsolidated,0.365,Moderate,False,107.12,12.68,115,100-161,30.2
Texas Gas Transmission - Isola Station,FLIGHT,Natural Gas Processing,High,,486210,,False,,,33.23479,-90.62042,MS,87.46,False,33.55448,-91.48114,Arkansas,federal,151.2,4954,1442,Unconsolidated,Unconsolidated,0.365,Moderate,False,63.08,2.94,-999999,100-161,30.2
Thomas Compressor Station,FLIGHT,Natural Gas Processing,High,,211111,,False,,,41.72503,-76.8064,PA,251.22,False,40.32291,-74.45799,New Jersey,federal,151.4,4949,136,Unconsolidated,Unconsolidated,0.1264,Low,False,1536.3,5.34,115,100-161,30.2
Tiger CPF-1,FLIGHT,Natural Gas Processing,High,,213112,,False,,,35.44267,-91.605,AR,55.98,False,35.93596,-91.48114,Arkansas,federal,151.1,4960,1086,Sedimentary,Sandstone,0.1979,Low,False,324.69,12.1,161,100-161,30.2
WILCOX Compressor Station,FLIGHT,Natural Gas Processing,High,,213112,,False,,,41.5674,-75.94632,PA,186.48,False,40.32291,-74.45799,New Jersey,federal,151.4,4949,136,Unconsolidated,Unconsolidated,0.1264,Low,False,1578.64,6.43,230,220-287,30.2
Watkins Compressor Station,FLIGHT,Natural Gas Processing,High,,211111,,False,,,41.82541,-76.83404,PA,259.95,False,40.32291,-74.45799,New Jersey,federal,151.4,4949,136,Unconsolidated,Unconsolidated,0.1264,Low,False,1542.18,7.03,115,100-161,30.2
West Cutthroat CPF-1,FLIGHT,Natural Gas Processing,High,,213112,,False,,,35.46143,-92.18103,AR,65.15,False,35.99864,-91.89299,Arkansas,federal,151.1,4962,1086,Sedimentary,Sandstone,0.2323,Moderate,False,337.76,7.28,-999999,UNDER 100,30.2
West Cutthroat CPF-2,FLIGHT,Natural Gas Processing,High,,213112,,False,,,35.50126,-92.2282,AR,63.04,False,35.99864,-91.89299,Arkansas,federal,151.1,4962,1086,Sedimentary,Sandstone,0.2323,Moderate,False,342.85,11.97,-999999,NOT AVAILABLE,30.2
White Compressor Station,FLIGHT,Natural Gas Processing,High,,213112,,False,,,41.68197,-75.87133,PA,192.1,False,40.32291,-74.45799,New Jersey,federal,151.4,4949,136,Unconsolidated,Unconsolidated,0.1264,Low,False,1591.58,7.76,230,220-287,30.2
ZICK Compressor Station,FLIGHT,Natural Gas Processing,High,,213112,,False,,,41.74799,-75.74878,PA,191.91,False,40.32291,-74.45799,New Jersey,federal,151.4,4949,136,Unconsolidated,Unconsolidated,0.1264,Low,False,1604.1,2.08,115,100-161,30.2
ANR Pipeline Portland CS,FLIGHT,Natural Gas Processing,High,,486210,,False,,,40.44464,-85.09691,IN,290.3,False,41.01228,-81.73401,Ohio,federal,151.0,4966,2053,Sedimentary,Shale,0.1819,Low,False,980.71,4.62,138,100-161,30.1
"Air Products and Chemicals, Inc.",FLIGHT,Industrial Gas,High,,325120,,False,,,39.18291,-84.50394,OH,311.24,False,41.01228,-81.73401,Ohio,federal,151.0,4966,2053,Sedimentary,Shale,0.1819,Low,False,891.31,0.15,138,100-161,30.1
Antero Clearwater Facility,FLIGHT,Natural Gas Processing,High,,213112,,False,,,39.25609,-80.90336,WV,200.92,False,41.01228,-81.45944,Ohio,federal,150.8,4973,2321,Sedimentary,Shale,0.1804,Low,False,1097.1,5.33,138,100-161,30.1
Archer Compressor Station,FLIGHT,Natural Gas Processing,High,,211111,,False,,,40.32388,-81.07751,OH,83.05,False,41.01228,-81.45944,Ohio,federal,150.8,4973,2321,Sedimentary,Shale,0.1804,Low,False,1177.67,1.43,138,100-161,30.1
Arrowhead Compressor Station,FLIGHT,Natural Gas Processing,High,,211111,,False,,,40.17668,-81.0762,OH,98.39,False,41.01228,-81.45944,Ohio,federal,150.8,4973,2321,Sedimentary,Shale,0.1804,Low,False,1165.1,4.37,138,100-161,30.1
"Attis Ethanol Fulton, LLC",FLIGHT,Ethanol,High,,325193,,False,,,43.3,-76.381,NY,275.57,False,44.27116,-73.22244,Vermont,federal,150.7,4980,69,Sedimentary,Shale,,,False,1683.28,0.42,115,100-161,30.1
Barnesville West Compressor Station,FLIGHT,Natural Gas Processing,High,,211111,,False,,,40.00837,-81.18138,OH,114.08,False,41.01228,-81.45944,Ohio,federal,150.8,4973,2321,Sedimentary,Shale,0.1804,Low,False,1144.9,2.63,-999999,NOT AVAILABLE,30.1
Batesville,FLIGHT,Natural Gas Processing,High,,211111,,False,,,39.94643,-81.33013,OH,119.02,False,41.01228,-81.45944,Ohio,federal,150.8,4973,2321,Sedimentary,Shale,0.1804,Low,False,1131.6,6.65,138,100-161,30.1
Berne,FLIGHT,Natural Gas Processing,High,,486210,,False,,,39.7729,-81.29209,OH,138.54,False,41.01228,-81.45944,Ohio,federal,150.8,4973,2321,Sedimentary,Shale,0.1804,Low,False,1118.62,0.09,-999999,NOT AVAILABLE,30.1
Boldman NG Liquids Extraction Facility,FLIGHT,Natural Gas Processing,High,,211112,,False,,,37.50023,-82.58927,KY,186.45,False,36.87602,-80.63574,Virginia,federal,150.7,4978,0,Metamorphic,Gneiss,0.1364,Low,False,854.05,2.92,46,UNDER 100,30.1
"Buffalo Lake Advanced Biofuels, LLC",FLIGHT,Ethanol,High,,325193,,False,,,44.73583,-94.62671,MN,73.23,False,45.27389,-94.08952,Minnesota,federal,150.5,4983,56,,,0.2105,Moderate,False,626.92,0.26,69,UNDER 100,30.1
COLUMBIA GAS TRANSMISSION FRAMETOWN,FLIGHT,Natural Gas Processing,High,,486210,,False,,,38.66194,-80.86222,WV,194.26,False,36.93869,-80.49846,Virginia,federal,150.5,4983,0,Metamorphic,Gneiss,0.1066,Low,False,1052.05,13.88,138,100-161,30.1
Canyon Station MP-261,FLIGHT,Natural Gas Processing,High,,213112,,False,,,29.3308,-88.1019,LA,202.35,False,30.54629,-86.53893,Florida,federal,150.6,4980,4785,Unconsolidated,Unconsolidated,0.0994,Very low/none,False,228.43,110.48,115,100-161,30.1
Clarksburg Compressor Station,FLIGHT,Natural Gas Processing,High,,211111,,False,,,39.29698,-80.40997,WV,198.81,False,38.38012,-78.43921,Virginia,federal,150.9,4969,0,Metamorphic,Metamorphic,0.1487,Low,False,1129.68,1.95,138,100-161,30.1
Clendenin Compressor Station,FLIGHT,Natural Gas Processing,High,,486210,,False,,,38.49653,-81.31137,WV,187.4,False,36.93869,-80.49846,Virginia,federal,150.5,4983,0,Metamorphic,Gneiss,0.1066,Low,False,1011.5,0.03,-999999,NOT AVAILABLE,30.1
Cobb Dewpoint Control Plant,FLIGHT,Natural Gas Processing,High,,211112,,False,,,38.49161,-81.34291,WV,187.97,False,36.93869,-80.49846,Virginia,federal,150.5,4983,0,Metamorphic,Gneiss,0.1066,Low,False,1009.19,1.59,69,UNDER 100,30.1
Columbia Gas Transmission LLC Bruceton Mills CS,FLIGHT,Natural Gas Processing,High,,486210,,False,,,39.72025,-79.70002,WV,184.55,False,38.38012,-78.43921,Virginia,federal,150.9,4969,0,Metamorphic,Metamorphic,0.1487,Low,False,1206.01,2.36,138,100-161,30.1
Crum,FLIGHT,Natural Gas Processing,High,,211111,,False,,,39.86678,-81.35956,OH,127.65,False,41.01228,-81.45944,Ohio,federal,150.8,4973,2321,Sedimentary,Shale,0.1804,Low,False,1123.12,3.4,-999999,100-161,30.1
Eastern Gas Transmission and Storage - Cornwell Station (Tran),FLIGHT,Natural Gas Processing,High,,486210,,False,,,38.48639,-81.27166,WV,185.05,False,36.93869,-80.49846,Virginia,federal,150.5,4983,0,Metamorphic,Gneiss,0.1066,Low,False,1013.11,3.61,-999999,NOT AVAILABLE,30.1
"Eureka Midstream, LLC",FLIGHT,Natural Gas Processing,High,,211130,,False,,,39.36788,-81.3933,OH,182.94,False,41.01228,-81.45944,Ohio,federal,150.8,4973,2321,Sedimentary,Shale,0.1804,Low,False,1078.46,2.19,138,100-161,30.1
Grant Processing Facility-Cardinal States Gathering,FLIGHT,Natural Gas Processing,High,,486210,,False,,,37.7382,-82.1496,WV,164.67,False,36.87602,-80.63574,Virginia,federal,150.7,4978,0,Metamorphic,Gneiss,0.1364,Low,False,899.92,4.4,138,100-161,30.1
Harrison West Compressor Station,FLIGHT,Natural Gas Processing,High,,211111,,False,,,40.20908,-81.2167,OH,91.63,False,41.01228,-81.45944,Ohio,federal,150.8,4973,2321,Sedimentary,Shale,0.1804,Low,False,1160.29,1.78,69,UNDER 100,30.1
Humphreys Compressor Station,FLIGHT,Natural Gas Processing,High,,211111,,False,,,39.90551,-81.18837,OH,125.19,False,41.01228,-81.45944,Ohio,federal,150.8,4973,2321,Sedimentary,Shale,0.1804,Low,False,1135.64,5.89,138,100-161,30.1
Ike & Mike Compressor Station,FLIGHT,Natural Gas Processing,High,,211112,,False,,,39.30259,-80.43012,WV,200.62,False,38.38012,-78.43921,Virginia,federal,150.9,4969,0,Metamorphic,Metamorphic,0.1487,Low,False,1128.91,0.23,138,100-161,30.1
Jarvisville Compressor Station,FLIGHT,Natural Gas Processing,High,,211112,,False,,,39.24039,-80.46672,WV,200.02,False,38.38012,-78.43921,Virginia,federal,150.9,4969,0,Metamorphic,Metamorphic,0.1487,Low,False,1121.77,5.9,138,100-161,30.1
Kenova NGL Extraction Facility,FLIGHT,Natural Gas Processing,High,,211112,,False,,,38.31304,-82.57001,WV,233.6,False,36.87602,-80.63574,Virginia,federal,150.7,4978,0,Metamorphic,Gneiss,0.1364,Low,False,923.11,1.81,345,345,30.1
Langley NGL Extraction Facility,FLIGHT,Natural Gas Processing,High,,211112,,False,,,37.52746,-82.80019,KY,204.92,False,36.87602,-80.63574,Virginia,federal,150.7,4978,0,Metamorphic,Gneiss,0.1364,Low,False,843.7,0.25,138,100-161,30.1
Leesville Cryogenic Processing Plant,FLIGHT,Natural Gas Processing,High,,211112,,False,,,40.44997,-81.22846,OH,65.49,False,41.01228,-81.45944,Ohio,federal,150.8,4973,2321,Sedimentary,Shale,0.1804,Low,False,1178.83,3.11,-999999,NOT AVAILABLE,30.1
MC941,FLIGHT,Natural Gas Processing,High,,211111,,False,,,28.0202,-89.0604,LA,372.4,False,30.54629,-86.53893,Florida,federal,150.6,4980,4785,Unconsolidated,Unconsolidated,0.0994,Very low/none,False,244.21,155.93,-999999,NOT AVAILABLE,30.1
MISSISSIPPI CANYON 941 (TITAN),FLIGHT,Natural Gas Processing,High,,211111,,False,,,28.03351,-89.10061,LA,373.85,False,30.54629,-86.53893,Florida,federal,150.6,4980,4785,Unconsolidated,Unconsolidated,0.0994,Very low/none,False,240.81,153.38,-999999,NOT AVAILABLE,30.1
MORGAN COMPRESSOR STATION,FLIGHT,Natural Gas Processing,High,,211112,,False,,,39.2075,-80.55408,WV,205.07,False,38.38012,-78.43921,Virginia,federal,150.9,4969,0,Metamorphic,Metamorphic,0.1487,Low,False,1113.89,10.46,138,100-161,30.1
MP 252 A/B,FLIGHT,Natural Gas Processing,High,,211120,,False,,,29.36089,-87.88583,AL,184.96,False,30.54629,-86.53893,Florida,federal,150.6,4980,4785,Unconsolidated,Unconsolidated,0.0994,Very low/none,False,247.63,101.23,115,100-161,30.1
MP 289 C (Complex ID # 23494),FLIGHT,Natural Gas Processing,High,,211120,,False,,,29.2485,-88.4414,LA,233.35,False,30.54629,-86.53893,Florida,federal,150.6,4980,4785,Unconsolidated,Unconsolidated,0.0994,Very low/none,False,200.48,106.97,-999999,NOT AVAILABLE,30.1
Midge CPF-1,FLIGHT,Natural Gas Processing,High,,211111,,False,,,35.22445,-91.73442,AR,66.31,False,34.74522,-92.16756,Arkansas,federal,150.8,4971,30,Unconsolidated,Unconsolidated,0.3649,Moderate,False,306.69,1.11,161,100-161,30.1
Morristown Compressor Station,FLIGHT,Natural Gas Processing,High,,211111,,False,,,40.0579,-81.09636,OH,110.47,False,41.01228,-81.45944,Ohio,federal,150.8,4973,2321,Sedimentary,Shale,0.1804,Low,False,1153.74,4.86,138,100-161,30.1
Mountain Compressor Station,FLIGHT,Natural Gas Processing,High,,211111,,False,,,39.35268,-80.95215,WV,189.5,False,41.01228,-81.45944,Ohio,federal,150.8,4973,2321,Sedimentary,Shale,0.1804,Low,False,1102.2,5.71,138,100-161,30.1
"NGPL Station 198 Knoxville, IA",FLIGHT,Natural Gas Processing,High,,486210,,False,,,41.28952,-93.03244,IA,235.95,False,42.20303,-95.59964,Iowa,federal,150.8,4972,687,Sedimentary,Sandstone,0.231,Moderate,False,521.06,3.79,69,UNDER 100,30.1
Nichols Compressor Station,FLIGHT,Natural Gas Processing,High,,211111,,False,,,39.29135,-80.86711,WV,197.87,False,41.01228,-81.45944,Ohio,federal,150.8,4973,2321,Sedimentary,Shale,0.1804,Low,False,1102.1,1.59,138,100-161,30.1
POET DSM Project Liberty LLC,FLIGHT,Ethanol,High,,325193,,False,,,43.08962,-94.64663,IA,125.68,False,42.20303,-95.59964,Iowa,federal,150.8,4972,687,Sedimentary,Sandstone,0.231,Moderate,False,677.08,11.27,161,100-161,30.1
Reusser,FLIGHT,Natural Gas Processing,High,,211111,,False,,,39.81422,-81.24089,OH,134.5,False,41.01228,-81.45944,Ohio,federal,150.8,4973,2321,Sedimentary,Shale,0.1804,Low,False,1124.95,1.17,138,100-161,30.1
Rural Retreat Station,FLIGHT,Natural Gas Processing,High,,486210,,False,,,36.90501,-81.29649,VA,58.85,False,36.87602,-80.63574,Virginia,federal,150.7,4978,0,Metamorphic,Gneiss,0.1364,Low,False,894.2,2.62,-999999,NOT AVAILABLE,30.1
Saturn Compressor Station,FLIGHT,Natural Gas Processing,High,,486210,,False,,,39.29728,-80.81952,WV,198.3,False,41.01228,-81.45944,Ohio,federal,150.8,4973,2321,Sedimentary,Shale,0.1804,Low,False,1105.37,1.31,138,100-161,30.1
Scio Compressor Station,FLIGHT,Natural Gas Processing,High,,211111,,False,,,40.38925,-81.11261,OH,75.19,False,41.01228,-81.45944,Ohio,federal,150.8,4973,2321,Sedimentary,Shale,0.1804,Low,False,1180.8,1.58,-999999,NOT AVAILABLE,30.1
Seneca Compressor Station,FLIGHT,Natural Gas Processing,High,,486210,,False,,,39.93825,-81.24605,OH,120.78,False,41.01228,-81.45944,Ohio,federal,150.8,4973,2321,Sedimentary,Shale,0.1804,Low,False,1135.37,0.62,138,100-161,30.1
Steelhead CPF-1,FLIGHT,Natural Gas Processing,High,,213112,,False,,,35.54183,-92.48437,AR,70.75,False,36.12398,-92.16756,Arkansas,federal,151.0,4965,912,Sedimentary,Sandstone,0.2012,Moderate,False,322.19,2.56,161,100-161,30.1
Sunny Hill Compressor Station,FLIGHT,Natural Gas Processing,High,,211111,,False,,,35.30282,-91.81918,AR,69.65,False,34.74522,-92.16756,Arkansas,federal,150.8,4971,30,Unconsolidated,Unconsolidated,0.3649,Moderate,False,316.38,9.59,161,100-161,30.1
TRANSCO STATION 155,FLIGHT,Natural Gas Processing,High,,486210,,False,,,35.88023,-80.32945,NC,91.09,False,36.68801,-80.49846,Virginia,federal,150.4,4987,0,Sedimentary,Sandstone,0.1126,Low,False,904.66,1.1,100,100-161,30.1
Tichenal Compressor Station,FLIGHT,Natural Gas Processing,High,,211112,,False,,,39.18449,-80.49622,WV,199.47,False,38.38012,-78.43921,Virginia,federal,150.9,4969,0,Metamorphic,Metamorphic,0.1487,Low,False,1115.55,8.22,138,100-161,30.1
Tri-County Compressor Station,FLIGHT,Natural Gas Processing,High,,211112,,False,,,39.93805,-81.53001,OH,119.6,False,41.01228,-81.45944,Ohio,federal,150.8,4973,2321,Sedimentary,Shale,0.1804,Low,False,1120.1,0.57,-999999,UNDER 100,30.1
Upper Hill,FLIGHT,Natural Gas Processing,High,,211111,,False,,,39.8073,-81.4679,OH,133.99,False,41.01228,-81.45944,Ohio,federal,150.8,4973,2321,Sedimentary,Shale,0.1804,Low,False,1112.18,0.44,-999999,NOT AVAILABLE,30.1
Utica Condensate Stabilization Facility,FLIGHT,Natural Gas Processing,High,,211130,1011,False,0.2,<1 MW,40.29079,-80.98763,OH,87.34,False,41.07495,-81.04759,Ohio,federal,150.1,4998,2692,Sedimentary,Shale,0.1369,Low,False,1179.7,2.09,-999999,NOT AVAILABLE,30.1
VGT CS 2204,FLIGHT,Natural Gas Processing,High,,486210,,False,,,48.0811,-96.71187,MN,370.71,False,45.27389,-94.08952,Minnesota,federal,150.5,4983,56,,,0.2105,Moderate,False,390.65,12.3,69,UNDER 100,30.1
VGT CS 2207,FLIGHT,Natural Gas Processing,High,,486210,,False,,,47.2396,-96.524,MN,287.74,False,45.27389,-94.08952,Minnesota,federal,150.5,4983,56,,,0.2105,Moderate,False,399.74,5.48,69,UNDER 100,30.1
VK 826 A-Neptune (Complex ID # 24235),FLIGHT,Natural Gas Processing,High,,211120,,False,,,29.25389,-87.9925,LA,200.71,False,30.54629,-86.53893,Florida,federal,150.6,4980,4785,Unconsolidated,Unconsolidated,0.0994,Very low/none,False,241.14,115.22,115,100-161,30.1
Viosca Knoll VK 900,FLIGHT,Natural Gas Processing,High,,211120,,False,,,29.08454,-88.70454,LA,264.7,False,30.54629,-86.53893,Florida,federal,150.6,4980,4785,Unconsolidated,Unconsolidated,0.0994,Very low/none,False,185.59,86.38,-999999,NOT AVAILABLE,30.1
"W&T Energy VI, LLC - VK 823 A (Virgo)",FLIGHT,Natural Gas Processing,High,,211120,,False,,,29.18192,-88.16777,LA,218.37,False,30.54629,-86.53893,Florida,federal,150.6,4980,4785,Unconsolidated,Unconsolidated,0.0994,Very low/none,False,227.88,128.22,115,100-161,30.1
WEST UNION COMPRESSOR STATION,FLIGHT,Natural Gas Processing,High,,211112,,False,,,39.28018,-80.965,WV,197.13,False,41.01228,-81.45944,Ohio,federal,150.8,4973,2321,Sedimentary,Shale,0.1804,Low,False,1095.49,2.44,138,100-161,30.1
White Oak Compressor Station,FLIGHT,Natural Gas Processing,High,,211111,,False,,,39.19318,-80.88733,WV,208.04,False,41.01228,-81.45944,Ohio,federal,150.8,4973,2321,Sedimentary,Shale,0.1804,Low,False,1092.92,12.4,138,100-161,30.1
XTO - Oliver Station,FLIGHT,Natural Gas Processing,High,,211111,,False,,,35.29217,-91.8337,AR,67.99,False,34.74522,-92.16756,Arkansas,federal,150.8,4971,30,Unconsolidated,Unconsolidated,0.3649,Moderate,False,315.3,9.88,161,100-161,30.1
ZINNIA COMPRESSOR STATION,FLIGHT,Natural Gas Processing,High,,211111,,False,,,39.2246,-80.556,WV,206.06,False,38.38012,-78.43921,Virginia,federal,150.9,4969,0,Metamorphic,Metamorphic,0.1487,Low,False,1115.14,8.57,138,100-161,30.1
Augusta Compressor Facility,FLIGHT,Natural Gas Processing,High,,211111,,False,,,40.69098,-80.96336,OH,43.28,True,41.07495,-81.04759,Ohio,federal,150.1,4998,2692,Sedimentary,Shale,0.1369,Low,False,1213.67,5.46,138,100-161,30.0
Banner Compressor Station,FLIGHT,Natural Gas Processing,High,,211112,,False,,,39.20384,-80.65659,WV,210.7,False,41.07495,-81.04759,Ohio,federal,150.1,4998,2692,Sedimentary,Shale,0.1369,Low,False,1107.45,8.14,-999999,NOT AVAILABLE,30.0
Battle Run Compressor Station,FLIGHT,Natural Gas Processing,High,,211111,,False,,,40.07348,-80.57253,WV,118.37,False,41.07495,-81.04759,Ohio,federal,150.1,4998,2692,Sedimentary,Shale,0.1369,Low,False,1183.72,1.61,138,100-161,30.0
"Beaver Station - Dominion Transmission, Inc",FLIGHT,Natural Gas Processing,High,,486210,,False,,,40.81524,-80.29722,PA,69.32,False,41.07495,-81.04759,Ohio,federal,150.1,4998,2692,Sedimentary,Shale,0.1369,Low,False,1261.74,0.86,138,100-161,30.0
COP Tract 729 Compressor Station,FLIGHT,Natural Gas Processing,High,,211111,,False,,,41.23085,-77.2635,PA,256.03,False,39.6962,-75.00712,New Jersey,federal,150.0,5000,728,Unconsolidated,Unconsolidated,0.1142,Low,False,1471.14,2.66,-999999,NOT AVAILABLE,30.0
CPG - Smithfield Compressor Station,FLIGHT,Natural Gas Processing,High,,486210,,False,,,39.48038,-80.53851,WV,182.49,False,41.07495,-81.04759,Ohio,federal,150.1,4998,2692,Sedimentary,Shale,0.1369,Low,False,1136.73,5.39,-999999,NOT AVAILABLE,30.0
Caddis CPF-2,FLIGHT,Natural Gas Processing,High,,213112,,False,,,35.34351,-92.41025,AR,52.67,False,34.87056,-92.44212,Arkansas,federal,150.2,4994,0,Other,Water,0.391,Moderate,False,329.06,10.08,161,100-161,30.0
Callisto Compressor Station,FLIGHT,Natural Gas Processing,High,,486210,,False,,,39.93791,-80.26056,PA,142.87,False,41.07495,-81.04759,Ohio,federal,150.1,4998,2692,Sedimentary,Shale,0.1369,Low,False,1190.18,3.78,138,100-161,30.0
Cantaral Compressor Station,FLIGHT,Natural Gas Processing,High,,213112,,False,,,39.92152,-80.2159,PA,146.27,False,41.07495,-81.04759,Ohio,federal,150.1,4998,2692,Sedimentary,Shale,0.1369,Low,False,1191.42,0.66,138,100-161,30.0
Carpenter Compressor Station,FLIGHT,Natural Gas Processing,High,,211111,,False,,,40.10281,-80.47967,PA,118.26,False,41.07495,-81.04759,Ohio,federal,150.1,4998,2692,Sedimentary,Shale,0.1369,Low,False,1191.37,2.22,138,100-161,30.0
Carrollton Compressor Station,FLIGHT,Natural Gas Processing,High,,211111,,False,,,40.54356,-81.01266,OH,59.16,False,41.07495,-81.04759,Ohio,federal,150.1,4998,2692,Sedimentary,Shale,0.1369,Low,False,1199.0,1.38,138,100-161,30.0
Charley CPF-3,FLIGHT,Natural Gas Processing,High,,213112,,False,,,35.44626,-91.97365,AR,57.9,False,35.93596,-91.7557,Arkansas,federal,150.3,4990,1334,Sedimentary,Sandstone,0.2432,Moderate,False,333.52,6.71,161,100-161,30.0
Charley CPF-4,FLIGHT,Natural Gas Processing,High,,213112,,False,,,35.43069,-92.02521,AR,61.23,False,35.93596,-91.7557,Arkansas,federal,150.3,4990,1334,Sedimentary,Sandstone,0.2432,Moderate,False,332.34,4.81,-999999,UNDER 100,30.0
Cove Creek CPF-2,FLIGHT,Natural Gas Processing,High,,213112,,False,,,35.38663,-92.46368,AR,57.42,False,34.87056,-92.44212,Arkansas,federal,150.2,4994,0,Other,Water,0.391,Moderate,False,333.0,10.33,161,100-161,30.0
Cove Creek CPF-3,FLIGHT,Natural Gas Processing,High,,213112,,False,,,35.31837,-92.49199,AR,50.0,True,34.87056,-92.44212,Arkansas,federal,150.2,4994,0,Other,Water,0.391,Moderate,False,328.18,6.84,161,100-161,30.0
Cove Creek CPF-4,FLIGHT,Natural Gas Processing,High,,213112,,False,,,35.40785,-92.4072,AR,59.83,False,34.87056,-92.44212,Arkansas,federal,150.2,4994,0,Other,Water,0.391,Moderate,False,335.95,5.53,161,100-161,30.0
DYNO NOBEL INC (DONORA PLANT),FLIGHT,Ammonia/Fertilizer,High,,325311,,False,,,40.18861,-79.85639,PA,140.77,False,41.07495,-81.04759,Ohio,federal,150.1,4998,2692,Sedimentary,Shale,0.1369,Low,False,1234.01,1.12,138,100-161,30.0
EOG - PHC Compressor Station,FLIGHT,Natural Gas Processing,High,,211111,,False,,,41.07993,-78.45246,PA,217.52,False,41.07495,-81.04759,Ohio,federal,150.1,4998,2692,Sedimentary,Shale,0.1369,Low,False,1387.59,6.28,115,100-161,30.0
Earlville Compressor Station,FLIGHT,Natural Gas Processing,High,,486210,,False,,,42.42807,-91.28669,IA,333.54,False,45.33656,-92.30484,Wisconsin,federal,150.3,4990,54,Sedimentary,Sandstone,0.1185,Low,False,702.59,15.62,69,UNDER 100,30.0
Halo Compressor Station,FLIGHT,Natural Gas Processing,High,,486210,,False,,,39.90105,-80.30697,PA,144.78,False,41.07495,-81.04759,Ohio,federal,150.1,4998,2692,Sedimentary,Shale,0.1369,Low,False,1184.49,7.22,138,100-161,30.0
Hammerhead CPF-1,FLIGHT,Natural Gas Processing,High,,213112,,False,,,35.47669,-91.69148,AR,51.4,False,35.93596,-91.7557,Arkansas,federal,150.3,4990,1334,Sedimentary,Sandstone,0.2432,Moderate,False,331.03,9.38,161,100-161,30.0
Herminie Compressor Station,FLIGHT,Natural Gas Processing,High,,213112,,False,,,40.23614,-79.75705,PA,143.36,False,41.07495,-81.04759,Ohio,federal,150.1,4998,2692,Sedimentary,Shale,0.1369,Low,False,1243.64,3.7,138,100-161,30.0
Judsonia Compressor Station,FLIGHT,Natural Gas Processing,High,,211111,,False,,,35.33277,-91.6919,AR,67.32,False,35.93596,-91.7557,Arkansas,federal,150.3,4990,1334,Sedimentary,Sandstone,0.2432,Moderate,False,316.21,10.35,115,100-161,30.0
Jupiter Compressor Station,FLIGHT,Natural Gas Processing,High,,486210,,False,,,39.97027,-80.11201,PA,146.09,False,41.07495,-81.04759,Ohio,federal,150.1,4998,2692,Sedimentary,Shale,0.1369,Low,False,1201.42,6.31,138,100-161,30.0
Kilgore Compressor Station,FLIGHT,Natural Gas Processing,High,,211111,,False,,,40.4569,-81.0236,OH,68.75,False,41.07495,-81.04759,Ohio,federal,150.1,4998,2692,Sedimentary,Shale,0.1369,Low,False,1191.44,2.54,138,100-161,30.0
Laurel Ridge/Rager Mountain Compressor Station,FLIGHT,Natural Gas Processing,High,,486210,,False,,,40.42196,-78.92058,PA,193.32,False,41.07495,-81.04759,Ohio,federal,150.1,4998,2692,Sedimentary,Shale,0.1369,Low,False,1308.02,0.64,115,100-161,30.0
Majorsville Station,FLIGHT,Natural Gas Processing,High,,211111,,False,,,39.96921,-80.53484,WV,130.37,False,41.07495,-81.04759,Ohio,federal,150.1,4998,2692,Sedimentary,Shale,0.1369,Low,False,1177.11,0.19,-999999,NOT AVAILABLE,30.0
Mako CPF-1,FLIGHT,Natural Gas Processing,High,,213112,,False,,,35.48919,-91.77598,AR,49.71,True,35.93596,-91.7557,Arkansas,federal,150.3,4990,1334,Sedimentary,Sandstone,0.2432,Moderate,False,335.2,1.99,161,100-161,30.0
Midge CPF-2,FLIGHT,Natural Gas Processing,High,,213112,,False,,,35.44331,-91.77336,AR,54.8,False,35.93596,-91.7557,Arkansas,federal,150.3,4990,1334,Sedimentary,Sandstone,0.2432,Moderate,False,330.41,3.91,161,100-161,30.0
Midge CPF-5,FLIGHT,Natural Gas Processing,High,,213112,,False,,,35.41129,-91.88537,AR,59.51,False,35.93596,-91.7557,Arkansas,federal,150.3,4990,1334,Sedimentary,Sandstone,0.2432,Moderate,False,328.87,5.89,161,100-161,30.0
Midpoint Compressor Station,FLIGHT,Natural Gas Processing,High,,211111,,False,,,39.20519,-80.68281,WV,210.21,False,41.07495,-81.04759,Ohio,federal,150.1,4998,2692,Sedimentary,Shale,0.1369,Low,False,1106.0,7.66,-999999,NOT AVAILABLE,30.0
Miller Compressor Station,FLIGHT,Natural Gas Processing,High,,211111,,False,,,39.68297,-80.85264,WV,155.66,False,41.07495,-81.04759,Ohio,federal,150.1,4998,2692,Sedimentary,Shale,0.1369,Low,False,1135.29,2.06,138,100-161,30.0
Mountaineer Keystone LLC 161 Appalachian Basin,FLIGHT,Natural Gas Processing,High,,211111,,False,,,39.65546,-79.96344,WV,182.62,False,41.07495,-81.04759,Ohio,federal,150.1,4998,2692,Sedimentary,Shale,0.1369,Low,False,1184.97,1.63,138,100-161,30.0
NFGSC BUFFALO STATION,FLIGHT,Natural Gas Processing,High,,486210,,False,,,40.15833,-80.33671,PA,118.27,False,41.07495,-81.04759,Ohio,federal,150.1,4998,2692,Sedimentary,Shale,0.1369,Low,False,1204.03,2.53,138,100-161,30.0
New Milton Compressor Station,FLIGHT,Natural Gas Processing,High,,211111,,False,,,39.22966,-80.69608,WV,207.35,False,41.07495,-81.04759,Ohio,federal,150.1,4998,2692,Sedimentary,Shale,0.1369,Low,False,1107.17,5.06,-999999,NOT AVAILABLE,30.0
New Quitman CPF-1,FLIGHT,Natural Gas Processing,High,,213112,,False,,,35.34829,-92.20988,AR,57.17,False,34.87056,-92.44212,Arkansas,federal,150.2,4994,0,Other,Water,0.391,Moderate,False,325.82,5.6,161,100-161,30.0
New Quitman CPF-2,FLIGHT,Natural Gas Processing,High,,213112,,False,,,35.41469,-92.18433,AR,64.89,False,34.87056,-92.44212,Arkansas,federal,150.2,4994,0,Other,Water,0.391,Moderate,False,332.68,7.34,-999999,UNDER 100,30.0
New Quitman CPF-3,FLIGHT,Natural Gas Processing,High,,213112,,False,,,35.39496,-92.18995,AR,62.66,False,34.87056,-92.44212,Arkansas,federal,150.2,4994,0,Other,Water,0.391,Moderate,False,330.61,8.73,-999999,UNDER 100,30.0
New Quitman CPF-4,FLIGHT,Natural Gas Processing,High,,211111,,False,,,35.31218,-92.24953,AR,52.14,False,34.87056,-92.44212,Arkansas,federal,150.2,4994,0,Other,Water,0.391,Moderate,False,322.54,1.89,161,100-161,30.0
North Canton Compressor Station,FLIGHT,Natural Gas Processing,High,,211111,,False,,,39.39783,-80.69016,WV,188.94,False,41.07495,-81.04759,Ohio,federal,150.1,4998,2692,Sedimentary,Shale,0.1369,Low,False,1121.13,9.93,138,100-161,30.0
PERKINS COMPRESSOR STATION,FLIGHT,Natural Gas Processing,High,,211112,,False,,,39.24639,-80.59764,WV,206.89,False,41.07495,-81.04759,Ohio,federal,150.1,4998,2692,Sedimentary,Shale,0.1369,Low,False,1114.38,6.13,138,100-161,30.0
PRAXAIR INC,FLIGHT,Industrial Gas,High,,325120,,False,,,39.68773,-75.48767,NJ,41.13,True,39.6962,-75.00712,New Jersey,federal,150.0,5000,728,Unconsolidated,Unconsolidated,0.1142,Low,False,1486.71,0.76,230,220-287,30.0
Pear Tree Compressor Station,FLIGHT,Natural Gas Processing,High,,211111,,False,,,35.37115,-91.79399,AR,62.9,False,35.93596,-91.7557,Arkansas,federal,150.3,4990,1334,Sedimentary,Sandstone,0.2432,Moderate,False,323.79,7.15,161,100-161,30.0
Pleasants Compressor Station,FLIGHT,Natural Gas Processing,High,,211111,,False,,,39.73244,-80.67382,WV,152.6,False,41.07495,-81.04759,Ohio,federal,150.1,4998,2692,Sedimentary,Shale,0.1369,Low,False,1149.55,8.45,-999999,NOT AVAILABLE,30.0
Pratt Compressor Station,FLIGHT,Natural Gas Processing,High,,486210,,False,,,39.82815,-80.16992,PA,157.27,False,41.07495,-81.04759,Ohio,federal,150.1,4998,2692,Sedimentary,Shale,0.1369,Low,False,1186.52,6.34,138,100-161,30.0
Puma CPF-1,FLIGHT,Natural Gas Processing,High,,213112,,False,,,35.46954,-91.89952,AR,53.47,False,35.93596,-91.7557,Arkansas,federal,150.3,4990,1334,Sedimentary,Sandstone,0.2432,Moderate,False,335.43,7.89,161,100-161,30.0
Royal Oak Compressor Station,FLIGHT,Natural Gas Processing,High,,211111,,False,,,40.77445,-80.03324,PA,91.54,False,41.07495,-81.04759,Ohio,federal,150.1,4998,2692,Sedimentary,Shale,0.1369,Low,False,1272.56,4.87,-999999,NOT AVAILABLE,30.0
Salem Compressor Station,FLIGHT,Natural Gas Processing,High,,211112,,False,,,39.32479,-80.54172,WV,199.3,False,41.07495,-81.04759,Ohio,federal,150.1,4998,2692,Sedimentary,Shale,0.1369,Low,False,1124.0,1.94,138,100-161,30.0
Sand Hill Compressor Station,FLIGHT,Natural Gas Processing,High,,211111,,False,,,39.98689,-80.55579,WV,127.93,False,41.07495,-81.04759,Ohio,federal,150.1,4998,2692,Sedimentary,Shale,0.1369,Low,False,1177.41,0.9,138,100-161,30.0
Searcy Compressor Station,FLIGHT,Natural Gas Processing,High,,486210,,False,,,35.37562,-91.83731,AR,62.74,False,35.93596,-91.7557,Arkansas,federal,150.3,4990,1334,Sedimentary,Sandstone,0.2432,Moderate,False,324.58,6.19,161,100-161,30.0
Shamrock Compressor Station,FLIGHT,Natural Gas Processing,High,,213112,,False,,,39.9206,-79.8227,PA,164.93,False,41.07495,-81.04759,Ohio,federal,150.1,4998,2692,Sedimentary,Shale,0.1369,Low,False,1214.44,6.6,138,100-161,30.0
Sharkey CPF-1,FLIGHT,Natural Gas Processing,High,,213112,,False,,,35.41751,-91.69711,AR,57.89,False,35.93596,-91.7557,Arkansas,federal,150.3,4990,1334,Sedimentary,Sandstone,0.2432,Moderate,False,325.11,11.37,161,100-161,30.0
Smith Compressor Station,FLIGHT,Natural Gas Processing,High,,486210,,False,,,40.41778,-80.35667,PA,93.42,False,41.07495,-81.04759,Ohio,federal,150.1,4998,2692,Sedimentary,Shale,0.1369,Low,False,1224.68,2.45,-999999,NOT AVAILABLE,30.0
South Rainbow CPF-1,FLIGHT,Natural Gas Processing,High,,213112,,False,,,35.37127,-92.61004,AR,57.73,False,34.87056,-92.44212,Arkansas,federal,150.2,4994,0,Other,Water,0.391,Moderate,False,322.98,11.33,-999999,NOT AVAILABLE,30.0
South Rainbow CPF-2,FLIGHT,Natural Gas Processing,High,,213112,,False,,,35.42841,-92.55832,AR,62.92,False,34.87056,-92.44212,Arkansas,federal,150.2,4994,0,Other,Water,0.391,Moderate,False,323.28,10.08,-999999,NOT AVAILABLE,30.0
South Rainbow CPF-4,FLIGHT,Natural Gas Processing,High,,213112,,False,,,35.42841,-92.55845,AR,62.93,False,34.87056,-92.44212,Arkansas,federal,150.2,4994,0,Other,Water,0.391,Moderate,False,323.27,10.07,-999999,NOT AVAILABLE,30.0
South West Greer Lake CPF-5,FLIGHT,Natural Gas Processing,High,,213112,,False,,,35.4699,-92.47413,AR,66.71,False,34.87056,-92.44212,Arkansas,federal,150.2,4994,0,Other,Water,0.391,Moderate,False,327.18,5.95,161,100-161,30.0
Southeast Rainbow CPF-2,FLIGHT,Natural Gas Processing,High,,213112,,False,,,35.44161,-92.48564,AR,63.62,False,34.87056,-92.44212,Arkansas,federal,150.2,4994,0,Other,Water,0.391,Moderate,False,327.99,8.51,161,100-161,30.0
Southwest Greer Lake CPF-2,FLIGHT,Natural Gas Processing,High,,213112,,False,,,35.47122,-92.35459,AR,67.26,False,34.87056,-92.44212,Arkansas,federal,150.2,4994,0,Other,Water,0.391,Moderate,False,336.3,3.39,161,100-161,30.0
Southwest Greer Lake CPF-3,FLIGHT,Natural Gas Processing,High,,213112,,False,,,35.46196,-92.42461,AR,65.78,False,34.87056,-92.44212,Arkansas,federal,150.2,4994,0,Other,Water,0.391,Moderate,False,331.44,2.56,161,100-161,30.0
Steelhead CPF-2,FLIGHT,Natural Gas Processing,High,,213112,,False,,,35.49537,-92.49416,AR,69.64,False,34.87056,-92.44212,Arkansas,federal,150.2,4994,0,Other,Water,0.391,Moderate,False,324.13,6.12,161,100-161,30.0
Steelhead CPF-3,FLIGHT,Natural Gas Processing,High,,213112,,False,,,35.52103,-92.51618,AR,72.64,False,34.87056,-92.44212,Arkansas,federal,150.2,4994,0,Other,Water,0.391,Moderate,False,320.94,5.58,-999999,100-161,30.0
Sturgeon CPF-3,FLIGHT,Natural Gas Processing,High,,213112,,False,,,35.32584,-92.6127,AR,52.95,False,34.87056,-92.44212,Arkansas,federal,150.2,4994,0,Other,Water,0.391,Moderate,False,325.71,6.34,161,100-161,30.0
TRANSCO STATION 195,FLIGHT,Natural Gas Processing,High,,486210,,False,,,39.75198,-76.32899,PA,113.22,False,39.6962,-75.00712,New Jersey,federal,150.0,5000,728,Unconsolidated,Unconsolidated,0.1142,Low,False,1430.68,1.58,230,220-287,30.0
TRANSCO STATION 200,FLIGHT,Natural Gas Processing,High,,486210,,False,,,40.05058,-75.58536,PA,63.15,False,39.6962,-75.00712,New Jersey,federal,150.0,5000,728,Unconsolidated,Unconsolidated,0.1142,Low,False,1501.79,1.58,-999999,NOT AVAILABLE,30.0
TWIN GROVES COMPRESSOR STATION,FLIGHT,Natural Gas Processing,High,,211112,,False,,,35.28189,-92.42954,AR,45.75,True,34.87056,-92.44212,Arkansas,federal,150.2,4994,0,Other,Water,0.391,Moderate,False,322.83,3.16,161,100-161,30.0
Three Brothers Compressor Station,FLIGHT,Natural Gas Processing,High,,211111,,False,,,40.33194,-80.37833,PA,100.04,False,41.07495,-81.04759,Ohio,federal,150.1,4998,2692,Sedimentary,Shale,0.1369,Low,False,1216.24,7.56,-999999,NOT AVAILABLE,30.0
Tiger CPF-2,FLIGHT,Natural Gas Processing,High,,213112,,False,,,35.38831,-91.65761,AR,61.54,False,35.93596,-91.7557,Arkansas,federal,150.3,4990,1334,Sedimentary,Sandstone,0.2432,Moderate,False,320.76,11.86,161,100-161,30.0
Trilith Compressor Station,FLIGHT,Natural Gas Processing,High,,211111,,False,,,40.85528,-80.10278,PA,83.01,False,41.07495,-81.04759,Ohio,federal,150.1,4998,2692,Sedimentary,Shale,0.1369,Low,False,1275.63,5.94,138,100-161,30.0
Twilight Compressor Station,FLIGHT,Natural Gas Processing,High,,211111,,False,,,40.09504,-79.99333,PA,140.71,False,41.07495,-81.04759,Ohio,federal,150.1,4998,2692,Sedimentary,Shale,0.1369,Low,False,1218.46,5.61,138,100-161,30.0
UGI Energy Services: Majorsville Compressor Station,FLIGHT,Natural Gas Processing,High,,486210,,False,,,39.9647,-80.51977,WV,131.27,False,41.07495,-81.04759,Ohio,federal,150.1,4998,2692,Sedimentary,Shale,0.1369,Low,False,1177.59,0.32,-999999,NOT AVAILABLE,30.0
VICTORIA COMPRESSOR STATION,FLIGHT,Natural Gas Processing,High,,211112,,False,,,39.33902,-80.66924,WV,195.68,False,41.07495,-81.04759,Ohio,federal,150.1,4998,2692,Sedimentary,Shale,0.1369,Low,False,1117.59,3.36,138,100-161,30.0
WOOLLY HOLLOW COMPRESSOR STATION,FLIGHT,Natural Gas Processing,High,,211112,,False,,,35.26285,-92.27596,AR,46.17,True,34.87056,-92.44212,Arkansas,federal,150.2,4994,0,Other,Water,0.391,Moderate,False,317.64,0.91,161,100-161,30.0
Welling Compressor Station,FLIGHT,Natural Gas Processing,High,,486210,,False,,,40.1939,-80.35725,PA,113.98,False,41.07495,-81.04759,Ohio,federal,150.1,4998,2692,Sedimentary,Shale,0.1369,Low,False,1205.84,6.75,138,100-161,30.0
XTO - Boyscout Boardwalk,FLIGHT,Natural Gas Processing,High,,211130,,False,,,35.31837,-92.49199,AR,50.0,True,34.87056,-92.44212,Arkansas,federal,150.2,4994,0,Other,Water,0.391,Moderate,False,328.18,6.84,161,100-161,30.0
XTO - Jefferson Township Station,FLIGHT,Natural Gas Processing,High,,211111,,False,,,40.7802,-79.83761,PA,106.81,False,41.07495,-81.04759,Ohio,federal,150.1,4998,2692,Sedimentary,Shale,0.1369,Low,False,1283.83,1.49,500,500,30.0
XTO Stonefly Compressor Station,FLIGHT,Natural Gas Processing,High,,211111,,False,,,35.35131,-92.04691,AR,64.42,False,34.87056,-92.44212,Arkansas,federal,150.2,4994,0,Other,Water,0.391,Moderate,False,323.84,0.43,-999999,UNDER 100,30.0
XTO-Piney Creek Compressor Station,FLIGHT,Natural Gas Processing,High,,211111,,False,,,35.37656,-92.0807,AR,65.16,False,34.87056,-92.44212,Arkansas,federal,150.2,4994,0,Other,Water,0.391,Moderate,False,327.04,1.8,-999999,UNDER 100,30.0
Yellowstone CPF-1,FLIGHT,Natural Gas Processing,High,,213112,,False,,,35.45961,-92.26857,AR,67.37,False,34.87056,-92.44212,Arkansas,federal,150.2,4994,0,Other,Water,0.391,Moderate,False,338.96,10.64,161,100-161,30.0
Yellowstone CPF-2,FLIGHT,Natural Gas Processing,High,,213112,,False,,,35.42414,-92.27345,AR,63.44,False,34.87056,-92.44212,Arkansas,federal,150.2,4994,0,Other,Water,0.391,Moderate,False,335.17,10.45,161,100-161,30.0
Yellowstone CPF-3,FLIGHT,Natural Gas Processing,High,,213112,,False,,,35.47764,-92.31189,AR,68.53,False,34.87056,-92.44212,Arkansas,federal,150.2,4994,0,Other,Water,0.391,Moderate,False,339.25,7.18,161,100-161,30.0
Yogi CPF-1,FLIGHT,Natural Gas Processing,High,,213112,,False,,,35.41017,-92.3414,AR,60.7,False,34.87056,-92.44212,Arkansas,federal,150.2,4994,0,Other,Water,0.391,Moderate,False,334.89,6.36,161,100-161,30.0
Yogi CPF-2,FLIGHT,Natural Gas Processing,High,,213112,,False,,,35.44012,-92.32647,AR,64.2,False,34.87056,-92.44212,Arkansas,federal,150.2,4994,0,Other,Water,0.391,Moderate,False,337.87,5.61,161,100-161,30.0
COUNTRYMARK REFINING & LOGISTICS LLC,FLIGHT,Petroleum Refining,Medium,,324110,196503,False,35.4,20-50 MW,37.92542,-87.90497,IN,104.75,False,37.37739,-88.87275,Illinois,federal,151.5,4946,4094,Sedimentary,Limestone,0.2635,Moderate,False,623.24,0.53,69,UNDER 100,29.9
US Steel - Fairless Hills Plant,FLIGHT,Iron & Steel,Medium,,331110,25241,False,4.5,1-10 MW,40.1647,-74.7468,PA,24.81,True,40.19757,-74.45799,New Jersey,federal,151.7,4942,304,Unconsolidated,Unconsolidated,0.1613,Low,False,1568.46,0.53,-999999,NOT AVAILABLE,29.7
Carmeuse Davenport,FLIGHT,Lime,Medium,,327410,186934,False,33.7,20-50 MW,41.46375,-90.68398,IA,295.21,False,38.81881,-90.38287,Missouri,federal,152.8,4900,985,Unconsolidated,Unconsolidated,0.2824,Moderate,False,647.92,1.96,161,100-161,29.3
NUCOR STEEL BIRMINGHAM INC,FLIGHT,Iron & Steel,Medium,,331110,78878,False,14.2,10-20 MW,33.54539,-86.8093,AL,159.34,False,34.80789,-85.9898,Alabama,application,150.8,4972,2134,Sedimentary,Limestone,0.1702,Low,False,271.99,0.51,115,100-161,29.2
"STEEL DYNAMICS, INC. (SDI)",FLIGHT,Iron & Steel,Medium,,331110,186944,False,33.7,20-50 MW,39.87678,-86.48211,IN,295.68,False,38.50546,-89.42189,Illinois,federal,151.8,4936,2139,Sedimentary,Shale,0.2194,Moderate,False,852.89,0.16,345,345,29.1
Superior Refining Company LLC,FLIGHT,Petroleum Refining,Medium,,324110,185344,False,33.4,20-50 MW,46.69233,-92.06536,WI,89.03,False,45.90059,-91.89299,Wisconsin,federal,152.3,4927,43,Sedimentary,Sandstone,0.2231,Moderate,False,742.83,0.42,115,100-161,29.0
"SOLVAY SPECIALTY POLYMERS USA, LLC",FLIGHT,Petrochemicals,Medium,,325211,8378,False,1.5,1-10 MW,39.84547,-75.20949,NJ,23.97,True,39.6962,-75.00712,New Jersey,federal,150.0,5000,728,Unconsolidated,Unconsolidated,0.1142,Low,False,1516.18,1.11,230,220-287,28.8
ARMSTRONG CEMENT & SUPPLY,FLIGHT,Cement,Medium,,327310,184561,False,33.3,20-50 MW,40.7948,-79.70017,PA,117.39,False,41.07495,-81.04759,Ohio,federal,150.1,4998,2692,Sedimentary,Shale,0.1369,Low,False,1292.7,0.67,138,100-161,28.7
ERGON WEST VIRGINIA INC,FLIGHT,Petroleum Refining,Medium,,324110,183990,False,33.2,20-50 MW,40.6111,-80.63083,WV,62.36,False,41.07495,-81.04759,Ohio,federal,150.1,4998,2692,Sedimentary,Shale,0.1369,Low,False,1226.38,3.7,-999999,NOT AVAILABLE,28.6
"WAUPACA FOUNDRY, INC-PLANTS 2 & 3",FLIGHT,Iron & Steel,Medium,,331511,167496,False,30.2,20-50 MW,44.3559,-89.054,WI,67.32,False,44.96053,-89.01004,Wisconsin,federal,155.1,4827,29,Igneous,Granite,0.0741,Very low/none,False,981.52,0.78,138,100-161,27.9
PETRO STAR VALDEZ REFINERY,FLIGHT,Petroleum Refining,Medium,,324110,76998,False,13.9,10-20 MW,61.08276,-146.25017,AK,2001.33,False,48.6581,-123.19362,Unknown,unknown,208.7,3440,48,Other,Water,0.0675,Very low/none,False,2924.01,46.98,-999999,NOT AVAILABLE,27.8
"Ferroglobe USA Metallurgical, Inc. FKA Globe Metallurgical Inc.",FLIGHT,Iron & Steel,Medium,,331110,56810,False,10.2,10-20 MW,32.37951,-86.99295,AL,77.37,False,31.7997,-86.53893,Alabama,application,152.8,4898,1723,Unconsolidated,Unconsolidated,0.1583,Low,False,181.35,0.81,115,100-161,27.5
Jewel Acquisition - Louisville Facility,FLIGHT,Iron & Steel,Medium,,331110,4756,False,0.9,<1 MW,40.83595,-81.2741,OH,25.04,True,41.01228,-81.45944,Ohio,federal,150.8,4973,2321,Sedimentary,Shale,0.1804,Low,False,1207.55,3.63,138,100-161,27.5
NatureWorks LLC,FLIGHT,Petrochemicals,Medium,,325211,,False,,,41.52041,-96.07927,NE,34.58,True,41.827,-96.14878,Nebraska,application,150.3,4990,590,Sedimentary,Shale,0.3265,Moderate,False,499.58,0.15,345,345,27.5
"ALPEK POLYESTER MISSISSIPPI, INC.",FLIGHT,Petrochemicals,Medium,,325211,56461,False,10.2,10-20 MW,30.23303,-89.56167,MS,226.4,False,31.23567,-87.49992,Alabama,application,152.1,4923,4902,Unconsolidated,Unconsolidated,0.1495,Low,False,85.13,0.68,115,100-161,27.4
"CertainTeed Gypsum Silver Grove, LLC.",FLIGHT,Minerals,Medium,,327420,169674,False,30.6,20-50 MW,39.03672,-84.39019,KY,315.26,False,41.01228,-81.73401,Ohio,federal,151.0,4966,2053,Sedimentary,Shale,0.1819,Low,False,884.05,0.17,138,100-161,27.4
Graymont Western Lime GREEN BAY,FLIGHT,Lime,Medium,,327410,161964,False,29.2,20-50 MW,44.52438,-88.01261,WI,92.51,False,44.96053,-89.01004,Wisconsin,federal,155.1,4827,29,Igneous,Granite,0.0741,Very low/none,False,1047.36,1.44,69,UNDER 100,27.4
RAIN CII CARBON LLC/CHALMETTE COKE PLANT,FLIGHT,Petroleum Refining,Medium,,324199,54676,False,9.9,1-10 MW,29.93163,-89.98147,LA,278.3,False,31.23567,-87.49992,Alabama,application,152.1,4923,4902,Unconsolidated,Unconsolidated,0.1495,Low,False,37.21,0.16,115,100-161,27.3
CARMEUSE LIME & STONE ROCKWELL OPERATION,FLIGHT,Lime,Medium,,327410,160190,False,28.9,20-50 MW,44.16799,-87.70028,WI,136.13,False,44.96053,-89.01004,Wisconsin,federal,155.1,4827,29,Igneous,Granite,0.0741,Very low/none,False,1034.03,0.74,138,100-161,27.2
DOW SILICONES CORPORATION,FLIGHT,Petrochemicals,Medium,,325199,166597,False,30.0,20-50 MW,38.7074,-85.1048,KY,340.36,False,35.68528,-85.71523,Tennessee,federal,151.5,4948,2070,Sedimentary,Limestone,0.2031,Moderate,False,817.86,0.4,69,UNDER 100,27.2
CARPENTER TECHNOLOGY,FLIGHT,Iron & Steel,Medium,,331110,168155,False,30.3,20-50 MW,40.36111,-75.93684,PA,108.32,False,39.6962,-75.00712,New Jersey,federal,150.0,5000,728,Unconsolidated,Unconsolidated,0.1142,Low,False,1497.04,4.14,-999999,NOT AVAILABLE,27.1
"Westlake, Aberdeen",FLIGHT,Petrochemicals,Medium,,325211,56278,False,10.1,10-20 MW,33.81347,-88.55944,MS,43.99,True,34.18119,-88.73547,Mississippi,application,150.2,4994,2807,Sedimentary,Limestone,0.2061,Moderate,False,196.29,1.01,-999999,NOT AVAILABLE,27.1
BASF CORPORATION,FLIGHT,Petrochemicals,Medium,,325199,52411,False,9.4,1-10 MW,31.2789,-88.0043,AL,48.18,True,31.23567,-87.49992,Alabama,application,152.1,4923,4902,Unconsolidated,Unconsolidated,0.1495,Low,False,87.55,0.6,115,100-161,27.0
LUCITE INTERNATIONAL INC,FLIGHT,Petrochemicals,Medium,,325211,,False,,,35.2716,-89.97407,TN,25.09,True,35.49727,-89.97102,Tennessee,federal,150.9,4965,2976,Unconsolidated,Unconsolidated,0.1834,Low,False,288.49,1.0,-999999,NOT AVAILABLE,27.0
"CertainTeed Gypsum Palatka, LLC.",FLIGHT,Minerals,Medium,,327420,99594,False,17.9,10-20 MW,29.74419,-81.64258,FL,34.21,True,29.48089,-81.45944,Florida,federal,150.1,4995,1376,Unconsolidated,Unconsolidated,0.1432,Low,False,715.02,1.7,230,220-287,26.8
"Emery Oleochemicals, LLC",FLIGHT,Petrochemicals,Medium,,325199,162084,False,29.2,20-50 MW,39.1792,-84.5053,OH,311.6,False,41.01228,-81.73401,Ohio,federal,151.0,4966,2053,Sedimentary,Shale,0.1819,Low,False,890.91,0.28,138,100-161,26.8
Gold Bond - MED Plant,FLIGHT,Minerals,Medium,,327420,51247,False,9.2,1-10 MW,37.28148,-98.59132,KS,306.81,False,35.74795,-95.73693,Oklahoma,application,150.8,4970,1341,Sedimentary,Sandstone,0.1588,Low,False,125.54,0.38,115,100-161,26.7
CLEVELAND-CLIFFS RIVERDALE LLC,FLIGHT,Iron & Steel,Medium,,331110,147556,False,26.6,20-50 MW,41.65647,-87.62585,IL,379.0,False,38.75614,-89.97102,Illinois,federal,157.5,4753,1518,Sedimentary,Shale,0.2006,Moderate,False,855.06,0.86,138,100-161,26.4
GRAYMONT DOLIME OH INC *,FLIGHT,Lime,Medium,,327410,156482,False,28.2,20-50 MW,41.50945,-83.35028,OH,141.16,False,41.13763,-81.73401,Ohio,federal,152.1,4930,2024,Sedimentary,Shale,0.1617,Low,False,1158.68,3.78,345,345,26.4
"AlphaPET, Inc.",FLIGHT,Petrochemicals,Medium,,325211,44753,False,8.1,1-10 MW,34.6416,-87.05203,AL,98.82,False,34.80789,-85.9898,Alabama,application,150.8,4972,2134,Sedimentary,Limestone,0.1702,Low,False,358.39,1.06,161,100-161,26.2
Georgia-Pacific Gypsum LLC - Fletcher,FLIGHT,Minerals,Medium,,327420,45177,False,8.1,1-10 MW,34.84003,-98.23016,OK,91.41,False,34.55721,-99.16901,Oklahoma,application,150.3,4990,995,Unconsolidated,Unconsolidated,0.4771,High,False,44.12,1.4,138,100-161,26.1
O-N MINERALS (LUTTRELL) CO.,FLIGHT,Lime,Medium,,327410,150549,False,27.1,20-50 MW,36.22911,-83.71536,TN,157.82,False,35.4346,-85.1661,Tennessee,federal,153.7,4875,2887,Sedimentary,Conglomerate,0.2135,Moderate,False,682.66,2.74,69,UNDER 100,26.1
CHARTER STEEL,FLIGHT,Iron & Steel,Medium,,331110,143251,False,25.8,20-50 MW,43.39695,-87.94966,WI,193.33,False,44.96053,-89.01004,Wisconsin,federal,155.1,4827,29,Igneous,Granite,0.0741,Very low/none,False,958.35,0.86,138,100-161,25.7
Cleveland-Cliffs Monessen Coke LLC,FLIGHT,Petroleum Refining,Medium,,324199,150425,False,27.1,20-50 MW,40.1632,-79.8861,PA,141.03,False,41.07495,-81.04759,Ohio,federal,150.1,4998,2692,Sedimentary,Shale,0.1369,Low,False,1230.22,1.89,138,100-161,25.6
Gold Bond - PRY Plant,FLIGHT,Minerals,Medium,,327420,36676,False,6.6,1-10 MW,36.25083,-95.27695,OK,69.27,False,35.68528,-95.59964,Oklahoma,application,151.7,4940,1509,Sedimentary,Shale,0.2871,Moderate,False,87.81,0.3,69,UNDER 100,25.6
3M Chemical Operations' Decatur Facility,FLIGHT,Petrochemicals,Medium,,325211,37564,False,6.8,1-10 MW,34.64167,-87.03861,AL,97.62,False,34.80789,-85.9898,Alabama,application,150.8,4972,2134,Sedimentary,Limestone,0.1702,Low,False,359.29,2.14,161,100-161,25.5
CLEVELAND-CLIFFS PLATE LLC-COATESVILLE,FLIGHT,Iron & Steel,Medium,,331110,150076,False,27.0,20-50 MW,39.98301,-75.82791,PA,76.99,False,39.6962,-75.00712,New Jersey,federal,150.0,5000,728,Unconsolidated,Unconsolidated,0.1142,Low,False,1480.47,1.32,138,100-161,25.5
O-N MINERALS CHEMSTONE COMPANY,FLIGHT,Lime,Medium,,327410,142590,False,25.7,20-50 MW,39.25669,-78.0848,VA,94.77,False,38.6308,-77.34094,Virginia,federal,150.8,4970,118,,,0.1825,Low,False,1276.56,0.26,138,100-161,25.0
KEYSTONE STEEL & WIRE CO,FLIGHT,Iron & Steel,Medium,,331110,126064,False,22.7,20-50 MW,40.6425,-89.64577,IL,206.61,False,38.81881,-90.1083,Illinois,federal,159.6,4678,984,,,0.2823,Moderate,False,651.87,0.63,138,100-161,24.8
CHAPARRAL STEEL,FLIGHT,Iron & Steel,Medium,,331110,103874,False,18.7,10-20 MW,37.17925,-77.44749,VA,39.17,True,37.00136,-77.06637,Virginia,federal,166.7,4449,241,Unconsolidated,Unconsolidated,0.1611,Low,False,1199.77,0.88,230,220-287,24.7
ERAMET MARIETTA INC. (0684020006),FLIGHT,Iron & Steel,Medium,,331110,138046,False,24.9,20-50 MW,39.44046,-81.44987,OH,174.78,False,41.01228,-81.45944,Ohio,federal,150.8,4973,2321,Sedimentary,Shale,0.1804,Low,False,1081.51,0.67,138,100-161,24.6
Gold Bond - ANN Plant,FLIGHT,Minerals,Medium,,327420,26517,False,4.8,1-10 MW,33.59583,-85.92583,AL,134.9,False,34.80789,-85.9898,Alabama,application,150.8,4972,2134,Sedimentary,Limestone,0.1702,Low,False,336.56,0.54,115,100-161,24.5
"NUCOR STEEL KANKAKEE, INC.",FLIGHT,Iron & Steel,Medium,,331110,120039,False,21.6,20-50 MW,41.18133,-87.85664,IL,324.3,False,38.75614,-89.97102,Illinois,federal,157.5,4753,1518,Sedimentary,Shale,0.2006,Moderate,False,810.04,0.22,138,100-161,23.9
RAIN CII CARBON LLC,FLIGHT,Petroleum Refining,Medium,,324199,17195,False,3.1,1-10 MW,31.1803,-89.38612,MS,179.49,False,31.23567,-87.49992,Alabama,application,152.1,4923,4902,Unconsolidated,Unconsolidated,0.1495,Low,False,69.91,0.89,-999999,100-161,23.9
CMC STEEL TENNESSEE,FLIGHT,Iron & Steel,Medium,,331110,124968,False,22.5,20-50 MW,35.97812,-83.95645,TN,124.83,False,35.4346,-85.1661,Tennessee,federal,153.7,4875,2887,Sedimentary,Conglomerate,0.2135,Moderate,False,647.57,0.98,69,UNDER 100,23.8
"SILVER EAGLE REFINING, INCORPORATED",FLIGHT,Petroleum Refining,Medium,,324110,16299,False,2.9,1-10 MW,41.2616,-110.807,WY,59.23,False,40.7616,-110.56354,Utah,application,151.5,4955,0,Sedimentary,Sandstone,0.1231,Low,False,92.67,7.34,115,100-161,23.7
Gold Bond- BUR Plant,FLIGHT,Minerals,Medium,,327420,31933,False,5.8,1-10 MW,40.10465,-74.82958,NJ,31.61,True,39.88421,-74.59527,New Jersey,federal,152.2,4919,650,Unconsolidated,Unconsolidated,0.1071,Low,False,1558.94,4.32,230,220-287,23.6
Tyler Union,FLIGHT,Iron & Steel,Medium,,331511,16890,False,3.0,1-10 MW,33.66626,-85.85367,AL,127.56,False,34.80789,-85.9898,Alabama,application,150.8,4972,2134,Sedimentary,Limestone,0.1702,Low,False,346.62,1.64,230,220-287,23.6
Cleveland-Cliffs Steel Corporation - Mansfield Works,FLIGHT,Iron & Steel,Medium,,331110,126556,False,22.8,20-50 MW,40.78513,-82.52384,OH,71.03,False,41.01228,-81.73401,Ohio,federal,151.0,4966,2053,Sedimentary,Shale,0.1819,Low,False,1135.16,0.74,138,100-161,23.5
SHPP US LLC,FLIGHT,Petrochemicals,Medium,,325211,120792,False,21.8,20-50 MW,42.57542,-73.85356,NY,74.49,False,42.64172,-72.94787,Massachusetts,federal,153.3,4897,3,Metamorphic,Metamorphic,0.1421,Low,False,1783.53,0.45,115,100-161,23.4
AMERICAN REFINING GROUP INC,FLIGHT,Petroleum Refining,Medium,,324110,122544,False,22.1,20-50 MW,41.96547,-78.63311,PA,204.85,False,41.57632,-81.04759,Ohio,federal,151.5,4949,2202,Sedimentary,Shale,0.1828,Low,False,1449.16,9.65,230,220-287,23.3
Cleveland-Cliffs Steelton LLC,FLIGHT,Iron & Steel,Medium,,331110,124747,False,22.5,20-50 MW,40.22639,-76.84861,PA,167.65,False,39.6962,-75.00712,New Jersey,federal,150.0,5000,728,Unconsolidated,Unconsolidated,0.1142,Low,False,1426.14,1.6,69,UNDER 100,23.2
BRACKENRIDGE PLANT,FLIGHT,Iron & Steel,Medium,,331110,121704,False,21.9,20-50 MW,40.6081,-79.7291,PA,122.46,False,41.07495,-81.04759,Ohio,federal,150.1,4998,2692,Sedimentary,Shale,0.1369,Low,False,1275.62,0.21,138,100-161,23.0
"Harvest Louisiana Terminals, LLC - Alliance Terminal",FLIGHT,Petroleum Refining,Medium,,324110,6046,False,1.1,1-10 MW,29.68489,-89.97613,LA,293.35,False,31.23567,-87.49992,Alabama,application,152.1,4923,4902,Unconsolidated,Unconsolidated,0.1495,Low,False,45.67,0.16,-999999,NOT AVAILABLE,22.9
ISP CHEMICALS LLC,FLIGHT,Petrochemicals,Medium,,325199,71343,False,12.9,10-20 MW,37.04774,-88.35866,KY,35.59,True,36.93869,-88.73547,Kentucky,federal,150.5,4982,4894,Unconsolidated,Unconsolidated,0.2555,Moderate,False,517.76,0.26,161,100-161,22.9
GERDAU MACSTEEL MONROE,FLIGHT,Iron & Steel,Medium,,331110,115863,False,20.9,20-50 MW,41.89717,-83.36164,MI,159.67,False,41.13763,-81.73401,Ohio,federal,152.1,4930,2024,Sedimentary,Shale,0.1617,Low,False,1178.8,0.79,120,100-161,22.8
INEOS NITRILES USA LLC,FLIGHT,Petrochemicals,Medium,,325199,118079,False,21.3,20-50 MW,40.7175,-84.13227,OH,204.31,False,41.01228,-81.73401,Ohio,federal,151.0,4966,2053,Sedimentary,Shale,0.1819,Low,False,1049.08,0.5,138,100-161,22.8
Philadelphia Refinery,FLIGHT,Petroleum Refining,Medium,,324110,,False,,,39.9058,-75.2122,PA,29.16,True,39.6962,-75.00712,New Jersey,federal,150.0,5000,728,Unconsolidated,Unconsolidated,0.1142,Low,False,1519.58,1.94,69,UNDER 100,22.8
ACME GYPSUM FACILITY,FLIGHT,Minerals,Medium,,327420,4747,False,0.9,<1 MW,34.32394,-99.81819,TX,64.94,False,34.55721,-99.16901,Oklahoma,application,150.3,4990,995,Unconsolidated,Unconsolidated,0.4771,High,False,97.4,0.27,69,UNDER 100,22.5
"JSW Steel USA Ohio, Inc.",FLIGHT,Iron & Steel,Medium,,331110,116721,False,21.0,20-50 MW,40.31452,-80.61476,OH,92.09,False,41.07495,-81.04759,Ohio,federal,150.1,4998,2692,Sedimentary,Shale,0.1369,Low,False,1201.78,0.76,-999999,NOT AVAILABLE,22.5
Cleveland-Cliffs Steel Corporation,FLIGHT,Iron & Steel,Medium,,331110,112151,False,20.2,20-50 MW,37.9849,-87.0259,IN,176.0,False,37.37739,-88.87275,Illinois,federal,151.5,4946,4094,Sedimentary,Limestone,0.2635,Moderate,False,661.07,1.34,69,UNDER 100,22.3
FIRST CHEMICAL CORP,FLIGHT,Petrochemicals,Medium,,325199,,False,,,30.355,-88.49611,MS,136.54,False,31.23567,-87.49992,Alabama,application,152.1,4923,4902,Unconsolidated,Unconsolidated,0.1495,Low,False,155.18,0.28,115,100-161,22.3
SOLUTIA INC ANNISTON PLANT,FLIGHT,Petrochemicals,Medium,,325199,2130,False,0.4,<1 MW,33.65099,-85.85197,AL,129.26,False,34.80789,-85.9898,Alabama,application,150.8,4972,2134,Sedimentary,Limestone,0.1702,Low,False,345.72,0.54,-999999,100-161,22.3
Cleveland-Cliffs Weirton LLC,FLIGHT,Iron & Steel,Medium,,331110,113330,False,20.4,20-50 MW,40.422,-80.5955,WV,81.99,False,41.07495,-81.04759,Ohio,federal,150.1,4998,2692,Sedimentary,Shale,0.1369,Low,False,1212.0,1.22,-999999,NOT AVAILABLE,22.2
"BLUESTONE COKE, L.L.C. COKE PLANT",FLIGHT,Petroleum Refining,Medium,,324199,,False,,,33.55746,-86.79967,AL,157.74,False,34.80789,-85.9898,Alabama,application,150.8,4972,2134,Sedimentary,Limestone,0.1702,Low,False,273.58,1.07,230,220-287,22.1
"Lafarge North America, Inc.",FLIGHT,Cement,Medium,,327310,,False,,,37.51586,-95.82438,KS,196.74,False,35.74795,-95.73693,Oklahoma,application,150.8,4970,1341,Sedimentary,Sandstone,0.1588,Low,False,56.43,15.2,138,100-161,22.1
"Eco-Energy Distribution--Beatrice, LLC",FLIGHT,Petrochemicals,Medium,,325199,,False,,,40.30935,-96.84042,NE,102.87,False,41.13763,-97.38433,Nebraska,application,150.2,4994,856,Sedimentary,Shale,0.4155,High,False,378.98,3.47,115,100-161,22.0
GRIFFIN PIPE PRODUCTS CO,FLIGHT,Iron & Steel,Medium,,331511,,False,,,41.25294,-95.88622,IA,67.47,False,41.827,-96.14878,Nebraska,application,150.3,4990,590,Sedimentary,Shale,0.3265,Moderate,False,468.76,1.49,-999999,NOT AVAILABLE,22.0
LHOIST NORTH AMERICA OF ALABAMA-ALABASTER PLANT,FLIGHT,Lime,Medium,,327410,,False,,,33.2441,-86.82069,AL,155.66,False,31.92505,-86.26437,Alabama,application,150.0,5000,996,Unconsolidated,Unconsolidated,0.1779,Low,False,247.62,0.71,-999999,100-161,22.0
OHL NGLP Isomerization Plant,FLIGHT,Petrochemicals,Medium,,325110,,False,,,38.3799,-97.83905,KS,309.1,False,41.13763,-97.38433,Nebraska,application,150.2,4994,856,Sedimentary,Shale,0.4155,High,False,204.51,1.28,115,100-161,22.0
US GYPSUM - SOUTHARD PLANT,FLIGHT,Minerals,Medium,,327420,,False,,,35.91239,-98.36044,OK,167.63,False,34.55721,-99.16901,Oklahoma,application,150.3,4990,995,Unconsolidated,Unconsolidated,0.4771,High,False,51.47,1.0,69,UNDER 100,22.0
VENTURA REFINING & TRANSMISSION,FLIGHT,Petroleum Refining,Medium,,324110,,False,,,35.69663,-98.66358,OK,134.78,False,34.55721,-99.16901,Oklahoma,application,150.3,4990,995,Unconsolidated,Unconsolidated,0.4771,High,False,78.87,5.16,-999999,UNDER 100,22.0
PETRO STAR INC NORTH POLE REFINERY,FLIGHT,Petroleum Refining,Medium,,324110,35598,False,6.4,1-10 MW,64.74957,-147.37741,AK,2286.17,False,48.90878,-122.64449,Washington,federal,194.0,3771,33,Unconsolidated,Unconsolidated,0.0927,Very low/none,False,3049.13,0.46,138,100-161,21.8
NLMK INDIANA,FLIGHT,Iron & Steel,Medium,,331110,99614,False,17.9,10-20 MW,41.62152,-87.16148,IN,373.81,False,44.89786,-86.12708,Unknown,unknown,154.3,4844,175,Other,Water,,,False,885.19,0.51,345,345,21.6
STERLING STEEL COMPANY LLC,FLIGHT,Iron & Steel,Medium,,331110,85048,False,15.3,10-20 MW,41.78628,-89.70981,IL,331.69,False,38.81881,-90.1083,Illinois,federal,159.6,4678,984,,,0.2823,Moderate,False,729.98,0.12,345,345,21.1
Chemours Belle Plant,FLIGHT,Petrochemicals,Medium,,325199,98685,False,17.8,10-20 MW,38.2431,-81.556,WV,172.3,False,36.87602,-80.63574,Virginia,federal,150.7,4978,0,Metamorphic,Gneiss,0.1364,Low,False,976.43,3.16,138,100-161,21.0
ROANOKE ELECTRIC STEEL CORPORATION,FLIGHT,Iron & Steel,Medium,,331110,97145,False,17.5,10-20 MW,37.27251,-79.99861,VA,42.15,True,36.93869,-80.22389,Virginia,federal,150.9,4970,0,Metamorphic,Metamorphic,0.1208,Low,False,1011.13,0.35,-999999,100-161,20.9
Georgia-Pacific Gypsum LLC - Cumberland,FLIGHT,Minerals,Medium,,327420,92314,False,16.6,10-20 MW,36.38343,-87.64893,TN,61.73,False,36.5,-88.32362,Kentucky,federal,152.4,4911,3891,,,0.2384,Moderate,False,478.45,0.37,161,100-161,20.7
ISP LIMA LLC,FLIGHT,Petrochemicals,Medium,,325199,92551,False,16.7,10-20 MW,40.71833,-84.11639,OH,202.98,False,41.01228,-81.73401,Ohio,federal,151.0,4966,2053,Sedimentary,Shale,0.1819,Low,False,1049.89,1.17,138,100-161,20.5
Gold Bond - BAL Plant,FLIGHT,Minerals,Medium,,327420,90863,False,16.4,10-20 MW,39.26378,-76.55527,MD,63.99,False,38.69347,-76.65452,Maryland,federal,150.4,4984,716,Unconsolidated,Unconsolidated,0.1657,Low,False,1384.17,3.6,115,100-161,20.3
Waupaca Foundry INC. - PLT 1,FLIGHT,Iron & Steel,Medium,,331511,83654,False,15.1,10-20 MW,44.3621,-89.0817,WI,66.78,False,44.96053,-89.01004,Wisconsin,federal,155.1,4827,29,Igneous,Granite,0.0741,Very low/none,False,980.77,0.83,138,100-161,20.3
EVONIK CORPORATION,FLIGHT,Petrochemicals,Medium,,325199,73207,False,13.2,10-20 MW,40.56478,-89.72461,IL,196.9,False,38.81881,-90.1083,Illinois,federal,159.6,4678,984,,,0.2823,Moderate,False,641.41,1.13,69,UNDER 100,20.0
Gold Bond - MTH Plant,FLIGHT,Minerals,Medium,,327420,85512,False,15.4,10-20 MW,35.3245,-80.9996,NC,110.81,False,34.55721,-80.22389,South Carolina,federal,152.2,4917,113,Unconsolidated,Unconsolidated,0.147,Low,False,822.36,0.08,100,100-161,20.0
US GYPSUM - ALIQUIPPA PLANT,FLIGHT,Minerals,Medium,,327420,87870,False,15.8,10-20 MW,40.6278,-80.2389,PA,84.25,False,41.07495,-81.04759,Ohio,federal,150.1,4998,2692,Sedimentary,Shale,0.1369,Low,False,1248.91,1.97,138,100-161,19.9
Auriga Polymers Inc.,FLIGHT,Petrochemicals,Medium,,325211,86691,False,15.6,10-20 MW,35.02782,-81.87896,SC,111.13,False,34.05585,-81.59673,South Carolina,federal,150.1,4998,81,Igneous,Volcanic,0.1969,Low,False,736.21,0.93,100,100-161,19.8
GERDAU AMERISTEEL CARTERSVILLE STEEL MILL,FLIGHT,Iron & Steel,Medium,,331110,86209,False,15.5,10-20 MW,34.24278,-84.79778,GA,109.93,False,35.18392,-85.1661,Tennessee,federal,150.0,5000,2917,Sedimentary,Limestone,0.161,Low,False,463.02,0.22,230,220-287,19.8
NUCOR STEEL AUBURN INC,FLIGHT,Iron & Steel,Medium,,331110,80824,False,14.6,10-20 MW,42.95071,-76.57087,NY,297.57,False,42.64172,-72.94787,Massachusetts,federal,153.3,4897,3,Metamorphic,Metamorphic,0.1421,Low,False,1644.77,0.58,115,100-161,19.8
UCC South Charleston Plant,FLIGHT,Petrochemicals,Medium,,325199,82515,False,14.9,10-20 MW,38.3688,-81.6786,WV,189.7,False,36.87602,-80.63574,Virginia,federal,150.7,4978,0,Metamorphic,Gneiss,0.1364,Low,False,979.13,0.75,-999999,UNDER 100,19.6
INTERNATIONAL WAXES INC,FLIGHT,Petroleum Refining,Medium,,324199,81080,False,14.6,10-20 MW,41.85938,-78.44517,PA,218.27,False,41.57632,-81.04759,Ohio,federal,151.5,4949,2202,Sedimentary,Shale,0.1828,Low,False,1450.79,0.52,115,100-161,19.5
LEHIGH WHITE CEMENT CO LLC,FLIGHT,Cement,Medium,,327310,82526,False,14.9,10-20 MW,39.94778,-76.76918,PA,139.82,False,38.69347,-76.65452,Maryland,federal,150.4,4984,716,Unconsolidated,Unconsolidated,0.1657,Low,False,1412.81,1.03,-999999,NOT AVAILABLE,19.5
"Solvay Specialty Polymers USA, L.L.C.",FLIGHT,Petrochemicals,Medium,,325211,78716,False,14.2,10-20 MW,39.37049,-81.51531,OH,182.62,False,41.01228,-81.45944,Ohio,federal,150.8,4973,2321,Sedimentary,Shale,0.1804,Low,False,1071.93,0.54,138,100-161,19.2
Bayer CropScience LP,FLIGHT,Petrochemicals,Medium,,325199,73944,False,13.3,10-20 MW,41.35216,-91.08383,IA,287.94,False,38.81881,-90.38287,Missouri,federal,152.8,4900,985,Unconsolidated,Unconsolidated,0.2824,Moderate,False,616.57,0.23,69,UNDER 100,19.1
McWane Ductile - Ohio,FLIGHT,Iron & Steel,Medium,,331511,77169,False,13.9,10-20 MW,40.24534,-81.86284,OH,85.97,False,41.01228,-81.73401,Ohio,federal,151.0,4966,2053,Sedimentary,Shale,0.1819,Low,False,1125.49,1.04,69,UNDER 100,19.1
US GYPSUM - SPERRY PLANT,FLIGHT,Minerals,Medium,,327420,74570,False,13.4,10-20 MW,40.98462,-91.18966,IA,250.46,False,38.81881,-90.38287,Missouri,federal,152.8,4900,985,Unconsolidated,Unconsolidated,0.2824,Moderate,False,580.06,13.78,-999999,NOT AVAILABLE,19.1
Alpont LLC,FLIGHT,Petrochemicals,Medium,,325199,73769,False,13.3,10-20 MW,41.65919,-83.45071,OH,154.49,False,41.13763,-81.73401,Ohio,federal,152.1,4930,2024,Sedimentary,Shale,0.1617,Low,False,1161.77,1.22,345,345,19.0
"Felman Production, Inc.",FLIGHT,Iron & Steel,Medium,,331110,76235,False,13.7,10-20 MW,38.95831,-81.92587,WV,228.98,False,41.01228,-81.73401,Ohio,federal,151.0,4966,2053,Sedimentary,Shale,0.1819,Low,False,1014.06,0.5,-999999,NOT AVAILABLE,19.0
GERDAU - FORT SMITH MILL,FLIGHT,Iron & Steel,Medium,,331110,76305,False,13.7,10-20 MW,35.3025,-94.37528,AR,44.01,True,35.62261,-94.08952,Arkansas,federal,151.2,4957,1816,Sedimentary,Sandstone,0.2635,Moderate,False,217.96,0.45,161,100-161,19.0
US Steel - Great Lakes Works,FLIGHT,Iron & Steel,Medium,,331110,73499,False,13.2,10-20 MW,42.2581,-83.13859,MI,170.65,False,41.13763,-81.73401,Ohio,federal,152.1,4930,2024,Sedimentary,Shale,0.1617,Low,False,1211.86,0.46,120,100-161,18.9
"FLINT HILLS RESOURCES ALASKA, LLC",FLIGHT,Petroleum Refining,Medium,,324110,,False,,,64.73726,-147.34844,AK,2284.24,False,48.90878,-122.64449,Washington,federal,194.0,3771,33,Unconsolidated,Unconsolidated,0.0927,Very low/none,False,3047.49,0.4,138,100-161,18.6
Kohler Co.,FLIGHT,Iron & Steel,Medium,,331511,64409,False,11.6,10-20 MW,43.7375,-87.76389,WI,168.26,False,44.96053,-89.01004,Wisconsin,federal,155.1,4827,29,Igneous,Granite,0.0741,Very low/none,False,995.8,0.43,69,UNDER 100,18.6
Gold Bond - SHI Plant,FLIGHT,Minerals,Medium,,327420,72152,False,13.0,10-20 MW,40.62898,-80.4198,PA,72.44,False,41.07495,-81.04759,Ohio,federal,150.1,4998,2692,Sedimentary,Shale,0.1369,Low,False,1239.2,0.71,345,345,18.5
CERTAINTEED GYPSUM,FLIGHT,Minerals,Medium,,327420,71076,False,12.8,10-20 MW,39.81534,-80.81116,WV,141.48,False,41.07495,-81.04759,Ohio,federal,150.1,4998,2692,Sedimentary,Shale,0.1369,Low,False,1148.71,0.94,138,100-161,18.4
Heidelberg Materials US Cement LLC,FLIGHT,Cement,Medium,,327310,67822,False,12.2,10-20 MW,38.41572,-85.74936,IN,297.37,False,37.37739,-88.87275,Illinois,federal,151.5,4946,4094,Sedimentary,Limestone,0.2635,Moderate,False,759.13,0.12,-999999,100-161,18.3
STD STEEL BURNHAM PLT,FLIGHT,Iron & Steel,Medium,,331110,68870,False,12.4,10-20 MW,40.63694,-77.57194,PA,223.95,False,38.6308,-77.34094,Virginia,federal,150.8,4970,118,,,0.1825,Low,False,1407.87,0.59,230,220-287,18.3
GRIFFIN PIPE PRODUCTS COMPANY - LYNCHBURG,FLIGHT,Iron & Steel,Medium,,331511,68595,False,12.4,10-20 MW,37.42081,-79.14097,VA,63.8,False,37.06404,-78.57649,Virginia,federal,150.2,4992,0,,,0.2373,Moderate,False,1083.25,2.44,-999999,NOT AVAILABLE,18.2
"NUCOR STEEL MARION, INC. (0351010017)",FLIGHT,Iron & Steel,Medium,,331110,67862,False,12.2,10-20 MW,40.5707,-83.1388,OH,128.05,False,41.01228,-81.73401,Ohio,federal,151.0,4966,2053,Sedimentary,Shale,0.1819,Low,False,1084.64,2.3,138,100-161,18.2
1500 South Tibbs LLC d/b/a Aurorium Indianapolis LLC,FLIGHT,Petrochemicals,Medium,,325199,64807,False,11.7,10-20 MW,39.73,-86.26,IN,304.85,False,38.50546,-89.42189,Illinois,federal,151.8,4936,2139,Sedimentary,Shale,0.2194,Moderate,False,864.36,0.64,138,100-161,18.1
CERTAINTEED GYPSUM & CEILING MFG INC,FLIGHT,Minerals,Medium,,327420,65220,False,11.8,10-20 MW,38.71793,-85.09205,KY,341.7,False,35.68528,-85.71523,Tennessee,federal,151.5,4948,2070,Sedimentary,Limestone,0.2031,Moderate,False,819.46,1.18,345,345,18.1
GREDE LLC REEDSBURG,FLIGHT,Iron & Steel,Medium,,331511,59648,False,10.7,10-20 MW,43.52805,-89.9996,WI,177.72,False,44.96053,-89.01004,Wisconsin,federal,155.1,4827,29,Igneous,Granite,0.0741,Very low/none,False,862.58,0.64,69,UNDER 100,18.1
Heidelberg Materials US Cement LLC,FLIGHT,Cement,Medium,,327310,61388,False,11.1,10-20 MW,43.3064,-73.6208,NY,91.98,False,42.64172,-72.94787,Massachusetts,federal,153.3,4897,3,Metamorphic,Metamorphic,0.1421,Low,False,1848.84,0.51,115,100-161,18.0
IPSCO KOPPEL TUBULARS CORP KOPPEL WORKS,FLIGHT,Iron & Steel,Medium,,331110,66233,False,11.9,10-20 MW,40.83565,-80.31814,PA,66.79,False,41.07495,-81.04759,Ohio,federal,150.1,4998,2692,Sedimentary,Shale,0.1369,Low,False,1262.38,0.23,138,100-161,18.0
"Mexichem Specialty Resins, Inc.",FLIGHT,Petrochemicals,Medium,,325211,25507,False,4.6,1-10 MW,39.76389,-75.42278,NJ,36.33,True,39.6962,-75.00712,New Jersey,federal,150.0,5000,728,Unconsolidated,Unconsolidated,0.1142,Low,False,1495.94,0.34,230,220-287,18.0
Nucor Steel Brandenburg,FLIGHT,Iron & Steel,Medium,,331110,64560,False,11.6,10-20 MW,38.0047,-86.13302,KY,250.95,False,37.37739,-88.87275,Illinois,federal,151.5,4946,4094,Sedimentary,Limestone,0.2635,Moderate,False,702.52,0.78,-999999,NOT AVAILABLE,18.0
Momentive Performance Materials,FLIGHT,Petrochemicals,Medium,,325211,60438,False,10.9,10-20 MW,42.8158,-73.6728,NY,62.3,False,42.64172,-72.94787,Massachusetts,federal,153.3,4897,3,Metamorphic,Metamorphic,0.1421,Low,False,1811.58,0.19,-999999,NOT AVAILABLE,17.9
US GYPSUM - WASHINGTONVILLE PLANT,FLIGHT,Minerals,Medium,,327420,60897,False,11.0,10-20 MW,41.05713,-76.6613,PA,202.91,False,40.32291,-74.45799,New Jersey,federal,151.4,4949,136,Unconsolidated,Unconsolidated,0.1264,Low,False,1496.43,1.74,230,220-287,17.7
ADVANSIX INC - CHESTERFIELD PLANT,FLIGHT,Petrochemicals,Medium,,325211,60212,False,10.8,10-20 MW,37.33611,-77.2825,VA,40.04,True,37.69074,-77.20366,Virginia,federal,151.1,4962,334,Unconsolidated,Unconsolidated,0.2393,Moderate,False,1220.72,0.13,230,220-287,17.6
Carpenter Technology - Latrobe Operations,FLIGHT,Iron & Steel,Medium,,331110,61339,False,11.1,10-20 MW,40.3026,-79.3728,PA,165.27,False,41.07495,-81.04759,Ohio,federal,150.1,4998,2692,Sedimentary,Shale,0.1369,Low,False,1271.56,3.41,138,100-161,17.6
US GYPSUM - SHOALS PLANT,FLIGHT,Minerals,Medium,,327420,58156,False,10.5,10-20 MW,38.6508,-86.78185,IN,230.05,False,38.50546,-89.42189,Illinois,federal,151.8,4936,2139,Sedimentary,Shale,0.2194,Moderate,False,736.78,2.98,-999999,NOT AVAILABLE,17.5
"CertainTeed Gypsum Buchanan, LLC.",FLIGHT,Minerals,Medium,,327420,60011,False,10.8,10-20 MW,41.26395,-73.9492,NY,84.75,False,41.38831,-72.94787,Connecticut,federal,150.1,4996,0,,,0.1441,Low,False,1691.66,0.18,345,345,17.4
Koppers Inc. Stickney Plant,FLIGHT,Petrochemicals,Medium,,325110,51240,False,9.2,1-10 MW,41.82148,-87.75021,IL,363.58,False,44.96053,-89.01004,Wisconsin,federal,155.1,4827,29,Igneous,Granite,0.0741,Very low/none,False,857.13,2.08,138,100-161,17.4
"SWVA, INC.",FLIGHT,Iron & Steel,Medium,,331110,55478,False,10.0,10-20 MW,38.4265,-82.42532,WV,233.54,False,36.87602,-80.63574,Virginia,federal,150.7,4978,0,Metamorphic,Gneiss,0.1364,Low,False,940.87,0.11,138,100-161,17.1
SONNEBORN LLC/PETROLIA PLT,FLIGHT,Petroleum Refining,Medium,,324199,54717,False,9.9,1-10 MW,41.01,-79.72,PA,111.57,False,41.07495,-81.04759,Ohio,federal,150.1,4998,2692,Sedimentary,Shale,0.1369,Low,False,1309.59,0.52,138,100-161,17.0
"Monument Chemical Kentucky, LLC",FLIGHT,Petrochemicals,Medium,,325199,52086,False,9.4,1-10 MW,38.0026,-86.1179,KY,252.16,False,37.37739,-88.87275,Illinois,federal,151.5,4946,4094,Sedimentary,Limestone,0.2635,Moderate,False,703.05,0.62,-999999,NOT AVAILABLE,16.9
ASCEND PERFORMANCE MATERIALS OPERATIONS LLC,FLIGHT,Petrochemicals,Medium,,325211,50087,False,9.0,1-10 MW,34.2306,-82.05776,SC,39.82,True,33.99318,-81.73401,South Carolina,federal,151.1,4960,85,Igneous,Volcanic,0.2242,Moderate,False,683.84,0.68,100,100-161,16.8
CHEMOURS CHAMBERS WORKS,FLIGHT,Petrochemicals,Medium,,325199,53438,False,9.6,1-10 MW,39.68203,-75.49054,NJ,41.4,True,39.6962,-75.00712,New Jersey,federal,150.0,5000,728,Unconsolidated,Unconsolidated,0.1142,Low,False,1486.16,1.24,-999999,NOT AVAILABLE,16.8
"CADILLAC CASTING, INCORPORATED",FLIGHT,Iron & Steel,Medium,,331511,45627,False,8.2,1-10 MW,44.2644,-85.4092,MI,90.52,False,44.89786,-86.12708,Unknown,unknown,154.3,4844,175,Other,Water,,,False,1174.1,1.49,138,100-161,16.7
McWane Ductile-New Jersey,FLIGHT,Iron & Steel,Medium,,331511,50026,False,9.0,1-10 MW,40.6856,-75.18795,NJ,73.73,False,40.32291,-74.45799,New Jersey,federal,151.4,4949,136,Unconsolidated,Unconsolidated,0.1264,Low,False,1569.53,0.71,-999999,NOT AVAILABLE,16.7
"Gerdau Ameristeel US, Inc - Charlotte Mill",FLIGHT,Iron & Steel,Medium,,331110,50136,False,9.0,1-10 MW,35.33908,-80.83114,NC,99.64,False,34.80789,-79.94933,South Carolina,federal,150.0,5000,78,,,0.1328,Low,False,836.74,0.59,-999999,NOT AVAILABLE,16.5
ELLWOOD QUALITY STEELS,FLIGHT,Iron & Steel,Medium,,331110,48318,False,8.7,1-10 MW,40.99341,-80.34696,PA,59.46,False,41.07495,-81.04759,Ohio,federal,150.1,4998,2692,Sedimentary,Shale,0.1369,Low,False,1273.96,2.36,-999999,NOT AVAILABLE,16.4
"GEORGIA-PACIFIC GYPSUM LLC, WHEATFIELD, INDIANA",FLIGHT,Minerals,Medium,,327420,46000,False,8.3,1-10 MW,41.2187,-87.0326,IN,364.12,False,38.50546,-89.42189,Illinois,federal,151.8,4936,2139,Sedimentary,Shale,0.2194,Moderate,False,871.42,0.73,345,345,16.4
NEENAH FOUNDRY CO PLTS 2 & 3,FLIGHT,Iron & Steel,Medium,,331511,40126,False,7.2,1-10 MW,44.16243,-88.47349,WI,98.4,False,44.96053,-89.01004,Wisconsin,federal,155.1,4827,29,Igneous,Granite,0.0741,Very low/none,False,992.98,3.57,-999999,UNDER 100,16.4
Gold Bond - FTD Plant,FLIGHT,Minerals,Medium,,327420,46496,False,8.4,1-10 MW,42.48663,-94.16774,IA,121.83,False,42.20303,-95.59964,Iowa,federal,150.8,4972,687,Sedimentary,Sandstone,0.231,Moderate,False,617.33,2.07,161,100-161,16.3
"Air Products and Chemicals, Inc.",FLIGHT,Petrochemicals,Medium,,325199,,False,,,37.03723,-88.35115,KY,35.85,True,36.93869,-88.73547,Kentucky,federal,150.5,4982,4894,Unconsolidated,Unconsolidated,0.2555,Moderate,False,516.92,0.32,-999999,100-161,16.2
IPSCO KOPPEL TUBULARS CORP AMBRIDGE PLT,FLIGHT,Iron & Steel,Medium,,331110,46110,False,8.3,1-10 MW,40.5989,-80.2154,PA,87.77,False,41.07495,-81.04759,Ohio,federal,150.1,4998,2692,Sedimentary,Shale,0.1369,Low,False,1247.74,1.83,138,100-161,16.2
Georgia-Pacific Gypsum LLC - Fort Dodge,FLIGHT,Minerals,Medium,,327420,44224,False,8.0,1-10 MW,42.45681,-94.17687,IA,120.31,False,42.20303,-95.59964,Iowa,federal,150.8,4972,687,Sedimentary,Sandstone,0.231,Moderate,False,613.93,0.69,161,100-161,16.1
Gold Bond - MLT Plant,FLIGHT,Minerals,Medium,,327420,44822,False,8.1,1-10 MW,41.05702,-76.86756,PA,218.47,False,39.6962,-75.00712,New Jersey,federal,150.0,5000,728,Unconsolidated,Unconsolidated,0.1142,Low,False,1483.23,5.44,-999999,NOT AVAILABLE,16.1
US GYPSUM - EAST CHICAGO PLANT,FLIGHT,Minerals,Medium,,327420,38723,False,7.0,1-10 MW,41.65164,-87.4743,IN,377.07,False,44.89786,-86.12708,Unknown,unknown,154.3,4844,175,Other,Water,,,False,865.21,0.91,138,100-161,16.1
US GYPSUM - GYPSUM PLANT,FLIGHT,Minerals,Medium,,327420,41086,False,7.4,1-10 MW,41.50422,-82.87078,OH,103.31,False,41.13763,-81.73401,Ohio,federal,152.1,4930,2024,Sedimentary,Shale,0.1617,Low,False,1181.11,1.09,138,100-161,16.0
Gunite Corporation,FLIGHT,Iron & Steel,Medium,,331511,35221,False,6.3,1-10 MW,42.24228,-89.09283,IL,302.33,False,44.96053,-89.01004,Wisconsin,federal,155.1,4827,29,Igneous,Granite,0.0741,Very low/none,False,801.87,0.83,138,100-161,15.9
"APG Polytech, LLC",FLIGHT,Petrochemicals,Medium,,325211,40458,False,7.3,1-10 MW,38.6637,-82.16883,WV,240.14,False,36.87602,-80.63574,Virginia,federal,150.7,4978,0,Metamorphic,Gneiss,0.1364,Low,False,975.41,0.28,138,100-161,15.8
DUPONT CIRCLEVILLE PLANT,FLIGHT,Petrochemicals,Medium,,325211,41066,False,7.4,1-10 MW,39.55762,-82.96377,OH,192.46,False,41.01228,-81.73401,Ohio,federal,151.0,4966,2053,Sedimentary,Shale,0.1819,Low,False,1006.02,0.74,138,100-161,15.8
"REG Seneca, LLC",FLIGHT,Petrochemicals,Medium,,325199,25966,False,4.7,1-10 MW,41.3067,-88.5902,IL,305.31,False,38.81881,-90.1083,Illinois,federal,159.6,4678,984,,,0.2823,Moderate,False,766.97,1.88,138,100-161,15.8
ROHM AND HAAS CHEMICALS LLC,FLIGHT,Petrochemicals,Medium,,325211,39962,False,7.2,1-10 MW,38.21078,-85.84149,KY,281.05,False,35.68528,-85.71523,Tennessee,federal,151.5,4948,2070,Sedimentary,Limestone,0.2031,Moderate,False,735.75,0.85,161,100-161,15.8
UNIVERSAL STAINLESS BRIDGEVILLE PLT,FLIGHT,Iron & Steel,Medium,,331110,42448,False,7.6,1-10 MW,40.36682,-80.09976,PA,112.16,False,41.07495,-81.04759,Ohio,federal,150.1,4998,2692,Sedimentary,Shale,0.1369,Low,False,1234.72,0.26,138,100-161,15.8
EVONIK SUPERABSORBER LLC,FLIGHT,Petrochemicals,Medium,,325199,36504,False,6.6,1-10 MW,36.0441,-79.78814,NC,88.52,False,35.37193,-79.26291,North Carolina,federal,152.5,4912,106,Unconsolidated,Unconsolidated,0.1688,Low,False,956.25,0.66,-999999,NOT AVAILABLE,15.7
FINKL & SONS CO,FLIGHT,Iron & Steel,Medium,,331110,34617,False,6.2,1-10 MW,41.72854,-87.59165,IL,371.78,False,44.89786,-86.12708,Unknown,unknown,154.3,4844,175,Other,Water,,,False,861.94,2.09,-999999,NOT AVAILABLE,15.7
TEXTRON CWC DIVISION,FLIGHT,Iron & Steel,Medium,,331511,33735,False,6.1,1-10 MW,43.20541,-86.27035,MI,188.54,False,44.89786,-86.12708,Unknown,unknown,154.3,4844,175,Other,Water,,,False,1046.45,2.48,138,100-161,15.7
TAMINCO US LLC,FLIGHT,Petrochemicals,Medium,,325199,38765,False,7.0,1-10 MW,30.58059,-87.1378,FL,57.47,False,30.54629,-86.53893,Florida,federal,150.6,4980,4785,Unconsolidated,Unconsolidated,0.0994,Very low/none,False,200.51,0.53,115,100-161,15.6
BASF Corporation,FLIGHT,Petrochemicals,Medium,,325199,34964,False,6.3,1-10 MW,42.21919,-83.14674,MI,168.01,False,41.13763,-81.73401,Ohio,federal,152.1,4930,2024,Sedimentary,Shale,0.1617,Low,False,1209.46,2.18,120,100-161,15.5
Cleveland-Cliffs Steel Corporation,FLIGHT,Iron & Steel,Medium,,331110,37239,False,6.7,1-10 MW,40.20669,-81.88549,OH,90.49,False,41.01228,-81.73401,Ohio,federal,151.0,4966,2053,Sedimentary,Shale,0.1819,Low,False,1121.02,2.12,138,100-161,15.5
Gold Bond - SHO Plant,FLIGHT,Minerals,Medium,,327420,36064,False,6.5,1-10 MW,38.67403,-86.75656,IN,232.4,False,38.50546,-89.42189,Illinois,federal,151.8,4936,2139,Sedimentary,Shale,0.2194,Moderate,False,740.07,0.4,-999999,NOT AVAILABLE,15.5
HOEGANAES CORPORATION,FLIGHT,Iron & Steel,Medium,,331110,36545,False,6.6,1-10 MW,36.37149,-86.4239,TN,99.41,False,35.68528,-85.71523,Tennessee,federal,151.5,4948,2070,Sedimentary,Limestone,0.2031,Moderate,False,539.82,0.34,161,100-161,15.5
"Mexichem Specialty Resins, Inc.",FLIGHT,Petrochemicals,Medium,,325211,22990,False,4.1,1-10 MW,41.13525,-89.34107,IL,265.74,False,38.81881,-90.1083,Illinois,federal,159.6,4678,984,,,0.2823,Moderate,False,705.34,13.83,138,100-161,15.5
STARPET INCORPORATED,FLIGHT,Petrochemicals,Medium,,325211,34534,False,6.2,1-10 MW,35.77262,-79.82243,NC,63.93,False,35.24659,-79.53748,North Carolina,federal,152.6,4903,1287,Unconsolidated,Unconsolidated,0.1592,Low,False,939.9,0.54,-999999,NOT AVAILABLE,15.5
SABIC Innovative Plastics US LLC,FLIGHT,Petrochemicals,Medium,,325211,22121,False,4.0,1-10 MW,41.33453,-88.75577,IL,302.47,False,38.81881,-90.1083,Illinois,federal,159.6,4678,984,,,0.2823,Moderate,False,757.66,4.95,-999999,NOT AVAILABLE,15.4
CHARLOTTE PIPE & FOUNDRY CO,FLIGHT,Iron & Steel,Medium,,331511,32673,False,5.9,1-10 MW,35.22432,-80.86181,NC,94.27,False,34.55721,-80.22389,South Carolina,federal,152.2,4917,113,Unconsolidated,Unconsolidated,0.147,Low,False,828.64,1.05,100,100-161,15.3
GERDAU AMERISTEEL US INC,FLIGHT,Iron & Steel,Medium,,331110,31887,False,5.7,1-10 MW,41.58566,-91.04216,IA,312.71,False,38.81881,-90.38287,Missouri,federal,152.8,4900,985,Unconsolidated,Unconsolidated,0.2824,Moderate,False,638.73,0.17,161,100-161,15.3
The Dow Chemical Company,FLIGHT,Petrochemicals,Medium,,325211,29886,False,5.4,1-10 MW,43.6025,-84.2404,MI,208.14,False,44.89786,-86.12708,Unknown,unknown,154.3,4844,175,Other,Water,,,False,1205.58,0.58,138,100-161,15.3
VANDERGRIFT FACILITY,FLIGHT,Iron & Steel,Medium,,331110,36310,False,6.5,1-10 MW,40.6,-79.56778,PA,135.23,False,41.07495,-81.04759,Ohio,federal,150.1,4998,2692,Sedimentary,Shale,0.1369,Low,False,1284.15,6.18,138,100-161,15.3
CYTEC INDUSTRIES INC,FLIGHT,Petrochemicals,Medium,,325199,33655,False,6.1,1-10 MW,39.35558,-81.29984,WV,184.72,False,41.01228,-81.45944,Ohio,federal,150.8,4973,2321,Sedimentary,Shale,0.1804,Low,False,1082.65,0.48,138,100-161,15.2
Perstorp Polyols,FLIGHT,Petrochemicals,Medium,,325199,30309,False,5.5,1-10 MW,41.70266,-83.53091,OH,162.47,False,41.13763,-81.73401,Ohio,federal,152.1,4930,2024,Sedimentary,Shale,0.1617,Low,False,1157.45,1.43,138,100-161,15.1
UNION ELEC HARMON CREEK PLT,FLIGHT,Iron & Steel,Medium,,331110,34386,False,6.2,1-10 MW,40.41113,-80.40839,PA,91.37,False,41.07495,-81.04759,Ohio,federal,150.1,4998,2692,Sedimentary,Shale,0.1369,Low,False,1221.27,1.13,-999999,NOT AVAILABLE,15.1
BVPV Styrenics LLC,FLIGHT,Petrochemicals,Medium,,325211,33538,False,6.0,1-10 MW,40.65528,-80.35639,PA,74.54,False,41.07495,-81.04759,Ohio,federal,150.1,4998,2692,Sedimentary,Shale,0.1369,Low,False,1244.86,0.34,-999999,NOT AVAILABLE,15.0
Gold Bond - WAK Plant,FLIGHT,Minerals,Medium,,327420,24406,False,4.4,1-10 MW,42.36651,-87.82482,IL,303.78,False,44.96053,-89.01004,Wisconsin,federal,155.1,4827,29,Igneous,Granite,0.0741,Very low/none,False,889.1,1.43,345,345,15.0
SI GROUP INC /ROTT JCT FAC,FLIGHT,Petrochemicals,Medium,,325211,27614,False,5.0,1-10 MW,42.86064,-74.02505,NY,91.26,False,42.64172,-72.94787,Massachusetts,federal,153.3,4897,3,Metamorphic,Metamorphic,0.1421,Low,False,1792.15,0.12,-999999,100-161,15.0
Bakelite Synthetics,FLIGHT,Petrochemicals,Medium,,325211,30049,False,5.4,1-10 MW,38.19528,-85.87222,KY,278.91,False,37.37739,-88.87275,Illinois,federal,151.5,4946,4094,Sedimentary,Limestone,0.2635,Moderate,False,732.81,1.83,138,100-161,14.9
"CALUMET KARNS CITY REFINING, LLC.",FLIGHT,Petroleum Refining,Medium,,324199,31730,False,5.7,1-10 MW,40.99611,-79.72417,PA,111.35,False,41.07495,-81.04759,Ohio,federal,150.1,4998,2692,Sedimentary,Shale,0.1369,Low,False,1308.19,1.22,138,100-161,14.9
BRASKEM AMERICA NEAL PLANT,FLIGHT,Petrochemicals,Medium,,325211,29361,False,5.3,1-10 MW,38.35572,-82.59484,WV,238.42,False,36.87602,-80.63574,Virginia,federal,150.7,4978,0,Metamorphic,Gneiss,0.1364,Low,False,925.41,0.75,69,UNDER 100,14.8
"CertainTeed Gypsum NC, Inc.",FLIGHT,Minerals,Medium,,327420,31010,False,5.6,1-10 MW,36.49011,-79.05598,NC,76.79,False,37.06404,-78.57649,Virginia,federal,150.2,4992,0,,,0.2373,Moderate,False,1037.42,1.08,230,220-287,14.8
"JESSOP STEEL, LLC WASHINGTON FACILITY",FLIGHT,Iron & Steel,Medium,,331110,31117,False,5.6,1-10 MW,40.17591,-80.27478,PA,119.36,False,41.07495,-81.04759,Ohio,federal,150.1,4998,2692,Sedimentary,Shale,0.1369,Low,False,1208.99,0.64,138,100-161,14.8
MT JEWETT COMPLEX,FLIGHT,Minerals,Medium,,327420,28851,False,5.2,1-10 MW,41.7,-78.48,PA,213.81,False,41.57632,-81.04759,Ohio,federal,151.5,4949,2202,Sedimentary,Shale,0.1828,Low,False,1435.79,16.85,115,100-161,14.8
Great Lakes Castings LLC,FLIGHT,Iron & Steel,Medium,,331511,23337,False,4.2,1-10 MW,43.96504,-86.4393,MI,106.65,False,44.89786,-86.12708,Unknown,unknown,154.3,4844,175,Other,Water,,,False,1090.05,4.96,138,100-161,14.7
MPM SILICONES LLC,FLIGHT,Petrochemicals,Medium,,325199,28565,False,5.1,1-10 MW,39.48457,-81.0934,WV,172.69,False,41.01228,-81.45944,Ohio,federal,150.8,4973,2321,Sedimentary,Shale,0.1804,Low,False,1105.1,0.38,-999999,NOT AVAILABLE,14.7
"Primary Products Ingredients Americas, LLC",FLIGHT,Petrochemicals,Medium,,325199,27870,False,5.0,1-10 MW,39.82184,-84.16926,OH,244.99,False,41.01228,-81.73401,Ohio,federal,151.0,4966,2053,Sedimentary,Shale,0.1819,Low,False,965.42,0.44,138,100-161,14.7
INEOS ABS,FLIGHT,Petrochemicals,Medium,,325211,26940,False,4.9,1-10 MW,39.1347,-84.7122,OH,328.3,False,41.01228,-81.73401,Ohio,federal,151.0,4966,2053,Sedimentary,Shale,0.1819,Low,False,876.26,1.34,345,345,14.6
"REPUBLIC STEEL, LACKAWANNA",FLIGHT,Iron & Steel,Medium,,331110,25828,False,4.7,1-10 MW,42.80166,-78.84166,NY,227.13,False,41.57632,-81.04759,Ohio,federal,151.5,4949,2202,Sedimentary,Shale,0.1828,Low,False,1504.85,0.46,115,100-161,14.6
ICL-IP America Inc.,FLIGHT,Petrochemicals,Medium,,325199,25829,False,4.7,1-10 MW,38.77322,-82.20003,WV,251.75,False,36.87602,-80.63574,Virginia,federal,150.7,4978,0,Metamorphic,Gneiss,0.1364,Low,False,983.09,0.91,-999999,100-161,14.5
North American Hoganas,FLIGHT,Iron & Steel,Medium,,331110,27198,False,4.9,1-10 MW,40.19265,-78.93399,PA,203.55,False,41.07495,-81.04759,Ohio,federal,150.1,4998,2692,Sedimentary,Shale,0.1369,Low,False,1289.44,0.31,230,220-287,14.5
COVESTRO,FLIGHT,Petrochemicals,Medium,,325110,25942,False,4.7,1-10 MW,39.71948,-80.82732,WV,151.87,False,41.07495,-81.04759,Ohio,federal,150.1,4998,2692,Sedimentary,Shale,0.1369,Low,False,1139.77,0.66,138,100-161,14.4
PB LEINER USA,FLIGHT,Petrochemicals,Medium,,325199,22012,False,4.0,1-10 MW,41.59171,-90.57014,IA,308.74,False,38.81881,-90.38287,Missouri,federal,152.8,4900,985,Unconsolidated,Unconsolidated,0.2824,Moderate,False,664.83,0.57,161,100-161,14.4
Synthomer Jefferson Hills LLC,FLIGHT,Petrochemicals,Medium,,325211,26846,False,4.8,1-10 MW,40.26916,-79.90549,PA,131.55,False,41.07495,-81.04759,Ohio,federal,150.1,4998,2692,Sedimentary,Shale,0.1369,Low,False,1237.73,1.69,138,100-161,14.4
US Foundry Company,FLIGHT,Iron & Steel,Medium,,331511,26158,False,4.7,1-10 MW,25.85797,-80.33373,FL,90.76,False,26.66071,-80.49846,Florida,federal,150.6,4977,4950,Unconsolidated,Unconsolidated,0.5119,High,False,1048.5,0.62,230,220-287,14.4
"Nucor Steel Sedalia, LLC",FLIGHT,Iron & Steel,Medium,,331110,25761,False,4.6,1-10 MW,38.73322,-93.20803,MO,211.72,False,38.06677,-90.932,Missouri,federal,150.1,4996,329,,,0.2073,Moderate,False,281.12,1.13,161,100-161,14.3
GREDE LLC - IRON MOUNTAIN,FLIGHT,Iron & Steel,Medium,,331511,15944,False,2.9,1-10 MW,45.79941,-88.07094,MI,118.66,False,44.96053,-89.01004,Wisconsin,federal,155.1,4827,29,Igneous,Granite,0.0741,Very low/none,False,1063.82,0.53,69,UNDER 100,14.2
"OSCO Industries, Inc. Jackson Division",FLIGHT,Iron & Steel,Medium,,331511,23399,False,4.2,1-10 MW,39.05775,-82.63541,OH,230.48,False,41.01228,-81.73401,Ohio,federal,151.0,4966,2053,Sedimentary,Shale,0.1819,Low,False,983.81,0.42,-999999,100-161,14.2
"International N&H USA, Inc.",FLIGHT,Petrochemicals,Medium,,325199,22132,False,4.0,1-10 MW,39.68131,-75.72069,DE,61.08,False,39.6962,-75.00712,New Jersey,federal,150.0,5000,728,Unconsolidated,Unconsolidated,0.1142,Low,False,1469.54,1.05,230,220-287,14.0
RAIN CII CARBON LLC - ROBINSON CALCINING PLANT,FLIGHT,Petroleum Refining,Medium,,324199,19413,False,3.5,1-10 MW,38.9905,-87.72003,IL,157.13,False,38.50546,-89.42189,Illinois,federal,151.8,4936,2139,Sedimentary,Shale,0.2194,Moderate,False,722.44,0.9,138,100-161,14.0
DALTON CORP WARSAW MFG FACILITY,FLIGHT,Iron & Steel,Medium,,331511,17940,False,3.2,1-10 MW,41.23575,-85.83253,IN,343.11,False,41.13763,-81.73401,Ohio,federal,152.1,4930,2024,Sedimentary,Shale,0.1617,Low,False,961.25,3.4,138,100-161,13.9
Cleveland-Cliffs Steel Corporation - Zanesville Works,FLIGHT,Iron & Steel,Medium,,331110,18757,False,3.4,1-10 MW,39.96136,-82.00034,OH,119.01,False,41.01228,-81.73401,Ohio,federal,151.0,4966,2053,Sedimentary,Shale,0.1819,Low,False,1094.32,0.09,-999999,NOT AVAILABLE,13.8
"PPG INDUSTRIES, INC.",FLIGHT,Petrochemicals,Medium,,325211,18389,False,3.3,1-10 MW,39.55713,-82.94526,OH,191.66,False,41.01228,-81.73401,Ohio,federal,151.0,4966,2053,Sedimentary,Shale,0.1819,Low,False,1007.01,0.58,138,100-161,13.8
PureTech Scientific,FLIGHT,Petrochemicals,Medium,,325199,18072,False,3.3,1-10 MW,38.24099,-81.5494,WV,171.82,False,36.87602,-80.63574,Virginia,federal,150.7,4978,0,Metamorphic,Gneiss,0.1364,Low,False,976.67,3.39,138,100-161,13.8
WARD MANUFACTURING LLC,FLIGHT,Iron & Steel,Medium,,331511,16548,False,3.0,1-10 MW,41.67194,-77.06143,PA,265.01,False,40.32291,-74.45799,New Jersey,federal,151.4,4949,136,Unconsolidated,Unconsolidated,0.1264,Low,False,1516.74,13.16,230,220-287,13.7
"KRATON CHEMICAL, LLC",FLIGHT,Petrochemicals,Medium,,325199,16810,False,3.0,1-10 MW,40.50632,-81.4743,OH,56.27,False,41.01228,-81.45944,Ohio,federal,150.8,4973,2321,Sedimentary,Shale,0.1804,Low,False,1169.12,1.23,69,UNDER 100,13.6
Gerdau Special Steel North America - Jackson Mill,FLIGHT,Iron & Steel,Medium,,331110,12539,False,2.3,1-10 MW,42.20266,-84.36302,MI,248.4,False,41.13763,-81.73401,Ohio,federal,152.1,4930,2024,Sedimentary,Shale,0.1617,Low,False,1118.4,0.38,138,100-161,13.5
OXBOW MIDWEST CALCINING LLC,FLIGHT,Petroleum Refining,Medium,,324199,,False,,,41.6625,-88.03827,IL,361.71,False,38.81881,-90.1083,Illinois,federal,159.6,4678,984,,,0.2823,Moderate,False,827.41,1.02,138,100-161,13.4
ST MARYS CEMENT INC-DIXON PLANT,FLIGHT,Cement,Medium,,327310,,False,,,41.861,-89.4548,IL,342.78,False,38.81881,-90.1083,Illinois,federal,159.6,4678,984,,,0.2823,Moderate,False,750.96,3.89,138,100-161,13.4
ArcelorMittal Plate LLC - Gary Plate,FLIGHT,Iron & Steel,Medium,,331110,,False,,,41.60872,-87.33722,IN,378.63,False,44.89786,-86.12708,Unknown,unknown,154.3,4844,175,Other,Water,,,False,872.12,0.39,138,100-161,12.6
"Argos Puerto Rico, Corp.",FLIGHT,Cement,Medium,,327310,,False,,,18.3944,-66.2976,PR,1712.28,False,26.9114,-80.22389,Florida,federal,153.7,4869,4845,Unconsolidated,Unconsolidated,0.1944,Low,False,2695.9,2.79,115,100-161,12.6
"CEMEX de Puerto Rico, Inc.",FLIGHT,Cement,Medium,,327310,,False,,,18.02305,-66.63888,PR,1708.27,False,26.9114,-80.22389,Florida,federal,153.7,4869,4845,Unconsolidated,Unconsolidated,0.1944,Low,False,2693.09,1.14,115,100-161,12.6
CLEVELAND-CLIFFS PLATE LLC/CONSHOHOCKEN PLT,FLIGHT,Iron & Steel,Medium,,331110,6624,False,1.2,1-10 MW,40.09095,-75.31707,PA,51.24,False,39.6962,-75.00712,New Jersey,federal,150.0,5000,728,Unconsolidated,Unconsolidated,0.1142,Low,False,1523.28,0.73,-999999,NOT AVAILABLE,12.6
"EJ USA, Inc. - East Jordan Foundry",FLIGHT,Iron & Steel,Medium,,331511,,False,,,45.1574,-85.1291,MI,83.57,False,44.89786,-86.12708,Unknown,unknown,154.3,4844,175,Other,Water,,,False,1255.93,2.14,69,UNDER 100,12.6
"Port Hamilton Refining and Transportation, LLLP",FLIGHT,Petroleum Refining,Medium,,324110,562,False,0.1,<1 MW,17.7102,-64.7544,VI,1889.12,False,26.9114,-80.22389,Florida,federal,153.7,4869,4845,Unconsolidated,Unconsolidated,0.1944,Low,False,2871.62,86.09,38,UNDER 100,12.6
SABIC INNOVATIVE PLASTICS US LLC,FLIGHT,Petrochemicals,Medium,,325211,4240,False,0.8,<1 MW,39.26718,-81.68343,WV,194.09,False,41.01228,-81.73401,Ohio,federal,151.0,4966,2053,Sedimentary,Shale,0.1819,Low,False,1053.86,1.19,138,100-161,12.6
US STEEL - EAST CHICAGO TIN,FLIGHT,Iron & Steel,Medium,,331110,,False,,,41.66111,-87.47815,IN,376.15,False,44.89786,-86.12708,Unknown,unknown,154.3,4844,175,Other,Water,,,False,865.53,0.32,138,100-161,12.6
VANTAGE OLEOCHEMICALS,FLIGHT,Petrochemicals,Medium,,325199,,False,,,41.81096,-87.65729,IL,364.85,False,44.89786,-86.12708,Unknown,unknown,154.3,4844,175,Other,Water,,,False,862.72,2.95,-999999,NOT AVAILABLE,12.6
CARMEUSE LIME INC MILLERSVILLE OPERATIONS,FLIGHT,Lime,Medium,,327410,,False,,,41.31368,-83.27397,OH,130.27,False,41.13763,-81.73401,Ohio,federal,152.1,4930,2024,Sedimentary,Shale,0.1617,Low,False,1144.34,5.26,138,100-161,12.3
FORMOSA PLASTICS CORPORATION,FLIGHT,Petrochemicals,Medium,,325211,,False,,,39.58611,-75.64944,DE,55.08,False,39.57086,-75.00712,New Jersey,federal,152.1,4925,979,Unconsolidated,Unconsolidated,0.1142,Low,False,1468.96,1.41,230,220-287,12.3
MISSISSIPPI LIME CO - HURON PLANT,FLIGHT,Lime,Medium,,327410,,False,,,41.3963,-82.5477,OH,73.84,False,41.13763,-81.73401,Ohio,federal,152.1,4930,2024,Sedimentary,Shale,0.1617,Low,False,1187.6,4.21,138,100-161,12.3
CONTINENTAL REFINING COMPANY LLC,FLIGHT,Petroleum Refining,Medium,,324110,,False,,,37.07066,-84.61667,KY,182.76,False,35.68528,-85.71523,Tennessee,federal,151.5,4948,2070,Sedimentary,Limestone,0.2031,Moderate,False,704.31,1.3,69,UNDER 100,12.2
Erie Coke Corporation,FLIGHT,Petroleum Refining,Medium,,324199,,False,,,42.14562,-80.06924,PA,102.82,False,41.57632,-81.04759,Ohio,federal,151.5,4949,2202,Sedimentary,Shale,0.1828,Low,False,1382.84,2.23,115,100-161,12.2
GLOBE METALLURGICAL INC,FLIGHT,Iron & Steel,Medium,,331110,,False,,,43.12195,-79.04452,NY,237.97,False,41.57632,-81.04759,Ohio,federal,151.5,4949,2202,Sedimentary,Shale,0.1828,Low,False,1519.51,0.34,-999999,100-161,12.2
MESABI NUGGET DELAWARE LLC,FLIGHT,Iron & Steel,Medium,,331110,,False,,,47.58691,-92.23419,MN,128.69,False,47.65537,-90.52015,Unknown,unknown,151.6,4947,179,Igneous,Basalt,,,False,720.71,3.52,115,100-161,12.2
MOUNTAIN STATE CARBON,FLIGHT,Petroleum Refining,Medium,,324199,2326,False,0.4,<1 MW,40.34361,-80.60667,WV,89.41,False,41.07495,-81.04759,Ohio,federal,150.1,4998,2692,Sedimentary,Shale,0.1369,Low,False,1204.7,1.28,-999999,100-161,12.2
TONAWANDA COKE CORP,FLIGHT,Petroleum Refining,Medium,,324199,,False,,,42.98364,-78.92728,NY,234.33,False,41.57632,-81.04759,Ohio,federal,151.5,4949,2202,Sedimentary,Shale,0.1828,Low,False,1514.74,0.79,115,100-161,12.2
AGRI ENERGY LLC,FLIGHT,Petrochemicals,Medium,,325199,10,False,0.0,<1 MW,43.64833,-96.22444,MN,168.57,False,42.20303,-95.59964,Iowa,federal,150.8,4972,687,Sedimentary,Sandstone,0.231,Moderate,False,600.13,0.21,69,UNDER 100,12.1
AK Steel Corporation West Works,FLIGHT,Iron & Steel,Medium,,331110,,False,,,38.49637,-82.67028,KY,253.98,False,36.87602,-80.63574,Virginia,federal,150.7,4978,0,Metamorphic,Gneiss,0.1364,Low,False,933.52,0.2,69,UNDER 100,12.1
CARMEUSE LIME AND STONE,FLIGHT,Lime,Medium,,327410,,False,,,39.02401,-78.333,VA,72.19,False,38.38012,-78.43921,Virginia,federal,150.9,4969,0,Metamorphic,Metamorphic,0.1487,Low,False,1243.82,1.22,138,100-161,12.1
HERCULES INCORPORATED,FLIGHT,Petrochemicals,Medium,,325199,,False,,,39.42942,-91.03289,MO,86.96,False,38.75614,-90.52015,Missouri,federal,150.9,4968,1102,Sedimentary,Limestone,0.2825,Moderate,False,478.32,1.46,69,UNDER 100,12.1
Numake-2 LLC of MN,FLIGHT,Petrochemicals,Medium,,325199,,False,,,46.02222,-94.33833,MN,85.43,False,45.27389,-94.08952,Minnesota,federal,150.5,4983,56,,,0.2105,Moderate,False,589.63,2.52,34,UNDER 100,12.1
Union Carbide Corporation-Institute,FLIGHT,Petrochemicals,Medium,,325199,,False,,,38.3844,-81.7764,WV,195.5,False,36.87602,-80.63574,Virginia,federal,150.7,4978,0,Metamorphic,Gneiss,0.1364,Low,False,974.58,0.4,-999999,100-161,12.1
"Allegheny & Tsingshan Stainless, LLC",FLIGHT,Iron & Steel,Medium,,331110,,False,,,40.63537,-80.44903,PA,70.17,False,41.07495,-81.04759,Ohio,federal,150.1,4998,2692,Sedimentary,Shale,0.1369,Low,False,1238.17,2.21,345,345,12.0
CARMEUSE LIME INC/MILLARD LIME PLT,FLIGHT,Lime,Medium,,327410,,False,,,40.32473,-76.55604,PA,149.28,False,39.6962,-75.00712,New Jersey,federal,150.0,5000,728,Unconsolidated,Unconsolidated,0.1142,Low,False,1452.48,3.27,230,220-287,12.0
CEMEX Construction Materials Atlantic LLC,FLIGHT,Cement,Medium,,327310,,False,,,40.87936,-80.32521,PA,64.43,False,41.07495,-81.04759,Ohio,federal,150.1,4998,2692,Sedimentary,Shale,0.1369,Low,False,1265.76,2.27,-999999,NOT AVAILABLE,12.0
INDSPEC CHEMICAL CORPORATION,FLIGHT,Petrochemicals,Medium,,325199,,False,,,41.01902,-79.71628,PA,111.82,False,41.07495,-81.04759,Ohio,federal,150.1,4998,2692,Sedimentary,Shale,0.1369,Low,False,1310.55,1.48,138,100-161,12.0
MERCER LIME CO,FLIGHT,Lime,Medium,,327410,,False,,,41.07489,-79.98354,PA,89.19,False,41.07495,-81.04759,Ohio,federal,150.1,4998,2692,Sedimentary,Shale,0.1369,Low,False,1300.78,3.77,138,100-161,12.0
RAIN CII CARBON LLC - MOUNDSVILLE CALCINING PLANT,FLIGHT,Petroleum Refining,Medium,,324199,,False,,,39.83281,-80.81834,WV,139.48,False,41.07495,-81.04759,Ohio,federal,150.1,4998,2692,Sedimentary,Shale,0.1369,Low,False,1149.77,0.79,-999999,NOT AVAILABLE,12.0
Shenango Incorporated,FLIGHT,Petroleum Refining,Medium,,324199,,False,,,40.4967,-80.0756,PA,104.07,False,41.07495,-81.04759,Ohio,federal,150.1,4998,2692,Sedimentary,Shale,0.1369,Low,False,1246.89,4.04,138,100-161,12.0
Waupaca Foundry Inc. PLANT 6,FLIGHT,Iron & Steel,Medium,,331511,,False,,,35.36214,-84.52192,TN,58.73,False,35.30926,-85.1661,Tennessee,federal,150.2,4994,2985,Sedimentary,Shale,0.186,Low,False,563.01,1.5,69,UNDER 100,12.0
